ISO-10303-21;
HEADER;
FILE_DESCRIPTION (( 'STEP AP203' ),
    '1' );
FILE_NAME ('Part2_Default_sldprt.STEP',
    '2026-09-12T12:54:48',
    ( '' ),
    ( '' ),
    'SwSTEP 2.0',
    'SolidWorks 2024',
    '' );
FILE_SCHEMA (( 'CONFIG_CONTROL_DESIGN' ));
ENDSEC;

DATA;
#1 = FACE_OUTER_BOUND ( 'NONE', #1410, .T. ) ;
#2 = APPROVAL ( #1127, 'UNSPECIFIED' ) ;
#3 = FACE_OUTER_BOUND ( 'NONE', #1135, .T. ) ;
#4 = AXIS2_PLACEMENT_3D ( 'NONE', #1101, #392, #1475 ) ;
#5 = VECTOR ( 'NONE', #775, 1000.000000000000000 ) ;
#6 = CARTESIAN_POINT ( 'NONE',  ( -79.26183430610741709, 8.105707947651557888, 7.500000000000000888 ) ) ;
#7 = DIRECTION ( 'NONE',  ( -0.000000000000000000, -0.000000000000000000, -1.000000000000000000 ) ) ;
#8 = APPROVAL_DATE_TIME ( #743, #334 ) ;
#9 = CARTESIAN_POINT ( 'NONE',  ( -62.09131544642880129, 16.36244677214879317, 7.500000000000000888 ) ) ;
#10 = ORIENTED_EDGE ( 'NONE', *, *, #941, .T. ) ;
#11 = AXIS2_PLACEMENT_3D ( 'NONE', #810, #1706, #1207 ) ;
#12 = DIRECTION ( 'NONE',  ( -0.000000000000000000, 0.000000000000000000, 1.000000000000000000 ) ) ;
#13 = EDGE_LOOP ( 'NONE', ( #10, #2098, #964, #2067, #1033 ) ) ;
#14 = EDGE_CURVE ( 'NONE', #1252, #551, #1060, .T. ) ;
#15 = EDGE_CURVE ( 'NONE', #1376, #2266, #137, .T. ) ;
#16 = CARTESIAN_POINT ( 'NONE',  ( -80.16972709801083852, 5.740566363549720386, 7.500000000000000888 ) ) ;
#17 = CIRCLE ( 'NONE', #1703, 15.50000000000000000 ) ;
#18 = APPROVAL_STATUS ( 'not_yet_approved' ) ;
#19 = FACE_OUTER_BOUND ( 'NONE', #2084, .T. ) ;
#20 = AXIS2_PLACEMENT_3D ( 'NONE', #9, #1818, #744 ) ;
#21 = ORIENTED_EDGE ( 'NONE', *, *, #532, .F. ) ;
#22 = CIRCLE ( 'NONE', #1443, 447.5000000000004547 ) ;
#23 = CYLINDRICAL_SURFACE ( 'NONE', #1003, 16.50000000000000000 ) ;
#24 = CARTESIAN_POINT ( 'NONE',  ( 0.000000000000000000, 0.000000000000000000, 7.500000000000000888 ) ) ;
#25 = B_SPLINE_CURVE_WITH_KNOTS ( 'NONE', 3,
 ( #1820, #186, #915, #207, #2183, #1841, #736, #923, #1461, #575 ),
 .UNSPECIFIED., .F., .F.,
 ( 4, 2, 2, 2, 4 ),
 ( -6.578102695094923485E-06, 0.0004905520520395636325, 0.0009876822067742222367, 0.001484812361508880841, 0.001981942516243539662 ),
 .UNSPECIFIED. ) ;
#26 = LOCAL_TIME ( 18, 24, 48.00000000000000000, #1115 ) ;
#27 = CYLINDRICAL_SURFACE ( 'NONE', #1433, 3.000000000000002665 ) ;
#28 = EDGE_CURVE ( 'NONE', #1309, #274, #2322, .T. ) ;
#29 = DIRECTION ( 'NONE',  ( -0.8386705679454272699, -0.5446390350150221993, -0.000000000000000000 ) ) ;
#30 = CARTESIAN_POINT ( 'NONE',  ( -55.85500217288211644, -14.36366372616531883, 12.50000000000000000 ) ) ;
#31 = AXIS2_PLACEMENT_3D ( 'NONE', #290, #135, #1203 ) ;
#32 = ORIENTED_EDGE ( 'NONE', *, *, #1188, .T. ) ;
#33 = CARTESIAN_POINT ( 'NONE',  ( -45.59006792315076950, 3.000000000000000000, 7.500000000000000888 ) ) ;
#34 = ORIENTED_EDGE ( 'NONE', *, *, #1383, .T. ) ;
#35 = CARTESIAN_POINT ( 'NONE',  ( -59.45670591665350457, 18.22711742941113400, 12.50000000000000000 ) ) ;
#36 = VECTOR ( 'NONE', #1133, 1000.000000000000000 ) ;
#37 = DIRECTION ( 'NONE',  ( -0.000000000000000000, -0.000000000000000000, -1.000000000000000000 ) ) ;
#38 = ORIENTED_EDGE ( 'NONE', *, *, #994, .T. ) ;
#39 = CARTESIAN_POINT ( 'NONE',  ( -75.04567006614981040, 9.675708604131786572, 11.50000000000000000 ) ) ;
#40 = EDGE_CURVE ( 'NONE', #683, #2289, #1122, .T. ) ;
#41 = CIRCLE ( 'NONE', #317, 5.000000000000004441 ) ;
#42 = DIRECTION ( 'NONE',  ( 0.000000000000000000, 0.000000000000000000, 1.000000000000000000 ) ) ;
#43 = ORIENTED_EDGE ( 'NONE', *, *, #1842, .F. ) ;
#44 = CARTESIAN_POINT ( 'NONE',  ( -73.86210973794182166, -9.893808677205745639, 12.48730321279972166 ) ) ;
#45 = DIRECTION ( 'NONE',  ( 1.000000000000000000, 0.000000000000000000, 0.000000000000000000 ) ) ;
#46 = ORIENTED_EDGE ( 'NONE', *, *, #1250, .T. ) ;
#47 = DIRECTION ( 'NONE',  ( 0.6293203910498461617, 0.7771459614569637964, 0.000000000000000000 ) ) ;
#48 = AXIS2_PLACEMENT_3D ( 'NONE', #588, #1320, #67 ) ;
#49 = CIRCLE ( 'NONE', #1394, 3.000000000000002665 ) ;
#50 = DIRECTION ( 'NONE',  ( 0.000000000000000000, 0.000000000000000000, 1.000000000000000000 ) ) ;
#51 = ORIENTED_EDGE ( 'NONE', *, *, #496, .F. ) ;
#52 = CARTESIAN_POINT ( 'NONE',  ( -75.04567006614981040, 9.675708604131786572, 11.66876012631441739 ) ) ;
#53 = AXIS2_PLACEMENT_3D ( 'NONE', #1042, #476, #1763 ) ;
#54 = CYLINDRICAL_SURFACE ( 'NONE', #214, 5.000000000000004441 ) ;
#55 = ORIENTED_EDGE ( 'NONE', *, *, #2348, .F. ) ;
#56 = CARTESIAN_POINT ( 'NONE',  ( -36.58569500162069943, -45.17957072735935498, 7.500000000000000888 ) ) ;
#57 = CARTESIAN_POINT ( 'NONE',  ( -61.68039180462715620, 0.000000000000000000, 11.50000000000000000 ) ) ;
#58 = VERTEX_POINT ( 'NONE', #895 ) ;
#59 = DIRECTION ( 'NONE',  ( -0.000000000000000000, -0.000000000000000000, 1.000000000000000000 ) ) ;
#60 = CARTESIAN_POINT ( 'NONE',  ( -49.73034269092879356, -12.99596265175504506, 11.50000000000000000 ) ) ;
#61 = VERTEX_POINT ( 'NONE', #1267 ) ;
#62 = CARTESIAN_POINT ( 'NONE',  ( -56.60834420425452862, 15.70109337401552629, 11.50000000000000000 ) ) ;
#63 = DIRECTION ( 'NONE',  ( -0.000000000000000000, -0.000000000000000000, 1.000000000000000000 ) ) ;
#64 = EDGE_LOOP ( 'NONE', ( #1390, #465, #316, #949, #1342 ) ) ;
#65 = CARTESIAN_POINT ( 'NONE',  ( -56.55489337949343565, -15.68372614827075218, 7.500000000000000888 ) ) ;
#66 = ADVANCED_FACE ( 'NONE', ( #2038 ), #1797, .F. ) ;
#67 = DIRECTION ( 'NONE',  ( 1.000000000000000000, 0.000000000000000000, 0.000000000000000000 ) ) ;
#68 = AXIS2_PLACEMENT_3D ( 'NONE', #385, #429, #1872 ) ;
#69 = ORIENTED_EDGE ( 'NONE', *, *, #2282, .T. ) ;
#70 = DIRECTION ( 'NONE',  ( 1.000000000000000000, -3.552713678800500929E-15, 0.000000000000000000 ) ) ;
#71 = ORIENTED_EDGE ( 'NONE', *, *, #513, .F. ) ;
#72 = EDGE_CURVE ( 'NONE', #1023, #1339, #2176, .T. ) ;
#73 = PRODUCT_RELATED_PRODUCT_CATEGORY ( 'detail', '', ( #2202 ) ) ;
#74 = CARTESIAN_POINT ( 'NONE',  ( 108.3196081953728367, 0.000000000000000000, -5.000000000000441425 ) ) ;
#75 = CARTESIAN_POINT ( 'NONE',  ( -62.09131544642880129, 16.36244677214879317, 11.50000000000000000 ) ) ;
#76 = ORIENTED_EDGE ( 'NONE', *, *, #1670, .F. ) ;
#77 = CIRCLE ( 'NONE', #813, 5.000000000000004441 ) ;
#78 = VECTOR ( 'NONE', #1821, 999.9999999999998863 ) ;
#79 = DIRECTION ( 'NONE',  ( 1.000000000000000000, 0.000000000000000000, 0.000000000000000000 ) ) ;
#80 = CARTESIAN_POINT ( 'NONE',  ( -65.04222490996231443, -19.71542741539915511, 7.500000000000000000 ) ) ;
#81 = ORIENTED_EDGE ( 'NONE', *, *, #1349, .T. ) ;
#82 = DESIGN_CONTEXT ( 'detailed design', #598, 'design' ) ;
#83 = EDGE_CURVE ( 'NONE', #1220, #846, #318, .T. ) ;
#84 = EDGE_CURVE ( 'NONE', #1852, #1385, #1044, .T. ) ;
#85 = CIRCLE ( 'NONE', #1391, 16.50000000000000000 ) ;
#86 = DIRECTION ( 'NONE',  ( -0.000000000000000000, -0.000000000000000000, -1.000000000000000000 ) ) ;
#87 = ORIENTED_EDGE ( 'NONE', *, *, #14, .F. ) ;
#88 = CIRCLE ( 'NONE', #2076, 16.50000000000000000 ) ;
#89 = ADVANCED_FACE ( 'NONE', ( #916 ), #1239, .T. ) ;
#90 = CARTESIAN_POINT ( 'NONE',  ( -43.65821627057263754, 3.517638090205065016, 12.50000000000000000 ) ) ;
#91 = CARTESIAN_POINT ( 'NONE',  ( -56.56137782913938139, 16.22985835990198211, 7.500000000000000888 ) ) ;
#92 = ORIENTED_EDGE ( 'NONE', *, *, #823, .F. ) ;
#93 = CARTESIAN_POINT ( 'NONE',  ( -64.52878288779220384, 15.75482098340653536, 12.36993840020065960 ) ) ;
#94 = FACE_OUTER_BOUND ( 'NONE', #1078, .T. ) ;
#95 = ORIENTED_EDGE ( 'NONE', *, *, #284, .F. ) ;
#96 = FACE_OUTER_BOUND ( 'NONE', #1933, .T. ) ;
#97 = ORIENTED_EDGE ( 'NONE', *, *, #223, .F. ) ;
#98 = ORIENTED_EDGE ( 'NONE', *, *, #193, .T. ) ;
#99 = CIRCLE ( 'NONE', #2087, 3.000000000000002665 ) ;
#100 = CIRCLE ( 'NONE', #377, 3.000000000000002665 ) ;
#101 = CYLINDRICAL_SURFACE ( 'NONE', #256, 1.000000000000001776 ) ;
#102 = DIRECTION ( 'NONE',  ( 1.000000000000000000, 0.000000000000000000, 0.000000000000000000 ) ) ;
#103 = AXIS2_PLACEMENT_3D ( 'NONE', #678, #1767, #1568 ) ;
#104 = CARTESIAN_POINT ( 'NONE',  ( -70.96555249910856844, -13.47903236469408661, 7.500000000000000888 ) ) ;
#105 = DIRECTION ( 'NONE',  ( -0.000000000000000000, -0.000000000000000000, 1.000000000000000000 ) ) ;
#106 = ORIENTED_EDGE ( 'NONE', *, *, #1361, .F. ) ;
#107 = DIRECTION ( 'NONE',  ( 1.000000000000000000, 0.000000000000000000, 0.000000000000000000 ) ) ;
#108 = EDGE_CURVE ( 'NONE', #1084, #1912, #357, .T. ) ;
#109 = FACE_OUTER_BOUND ( 'NONE', #2042, .T. ) ;
#110 = ORIENTED_EDGE ( 'NONE', *, *, #1170, .T. ) ;
#111 = DIRECTION ( 'NONE',  ( -0.000000000000000000, -0.000000000000000000, -1.000000000000000000 ) ) ;
#112 = EDGE_LOOP ( 'NONE', ( #1588, #1325, #2110, #1704, #87 ) ) ;
#113 = VERTEX_POINT ( 'NONE', #1832 ) ;
#114 = CARTESIAN_POINT ( 'NONE',  ( -61.98664353394287474, 18.35970584165793440, 11.50000000000000000 ) ) ;
#115 = B_SPLINE_CURVE_WITH_KNOTS ( 'NONE', 3,
 ( #2246, #1754, #614, #301, #425, #1323, #852, #2060, #1879, #1404 ),
 .UNSPECIFIED., .F., .F.,
 ( 4, 2, 2, 2, 4 ),
 ( 0.000000000000000000, 0.0004980977809551830884, 0.0009961955619103661768, 0.001494293342865549157, 0.001992391123820732354 ),
 .UNSPECIFIED. ) ;
#116 = LINE ( 'NONE', #2119, #939 ) ;
#117 = VERTEX_POINT ( 'NONE', #197 ) ;
#118 = ADVANCED_FACE ( 'NONE', ( #1 ), #925, .T. ) ;
#119 = LINE ( 'NONE', #242, #36 ) ;
#120 = DIRECTION ( 'NONE',  ( 1.000000000000000000, 0.000000000000000000, 0.000000000000000000 ) ) ;
#121 = VERTEX_POINT ( 'NONE', #1123 ) ;
#122 = CARTESIAN_POINT ( 'NONE',  ( -47.61692717511654394, 7.422919821337109703, 12.42226674930540220 ) ) ;
#123 = DIRECTION ( 'NONE',  ( -0.7771459614569662389, 0.6293203910498432752, -0.000000000000000000 ) ) ;
#124 = EDGE_CURVE ( 'NONE', #1546, #862, #1843, .T. ) ;
#125 = VERTEX_POINT ( 'NONE', #477 ) ;
#126 = VERTEX_POINT ( 'NONE', #841 ) ;
#127 = ORIENTED_EDGE ( 'NONE', *, *, #252, .T. ) ;
#128 = VECTOR ( 'NONE', #315, 1000.000000000000114 ) ;
#129 = DIRECTION ( 'NONE',  ( 1.000000000000000000, 1.734723475976805517E-15, 0.000000000000000000 ) ) ;
#130 = AXIS2_PLACEMENT_3D ( 'NONE', #1025, #1536, #1334 ) ;
#131 = DIRECTION ( 'NONE',  ( 0.000000000000000000, 0.000000000000000000, -1.000000000000000000 ) ) ;
#132 = CARTESIAN_POINT ( 'NONE',  ( -64.62199577179549692, -17.25099898847470925, -7.500000000000000000 ) ) ;
#133 = DIRECTION ( 'NONE',  ( -1.000000000000000000, 0.000000000000000000, 0.000000000000000000 ) ) ;
#134 = ORIENTED_EDGE ( 'NONE', *, *, #1600, .T. ) ;
#135 = DIRECTION ( 'NONE',  ( 0.000000000000000000, 0.000000000000000000, 1.000000000000000000 ) ) ;
#136 = EDGE_CURVE ( 'NONE', #1487, #421, #1925, .T. ) ;
#137 = CIRCLE ( 'NONE', #676, 15.00000000000000000 ) ;
#138 = AXIS2_PLACEMENT_3D ( 'NONE', #1789, #702, #1082 ) ;
#139 = EDGE_LOOP ( 'NONE', ( #2356, #934, #241, #1073 ) ) ;
#140 = ORIENTED_EDGE ( 'NONE', *, *, #885, .T. ) ;
#141 = DIRECTION ( 'NONE',  ( 1.000000000000000000, 2.891205793294675861E-15, 0.000000000000000000 ) ) ;
#142 = CIRCLE ( 'NONE', #522, 17.49999999999995381 ) ;
#143 = DIRECTION ( 'NONE',  ( 1.000000000000000000, 0.000000000000000000, 0.000000000000000000 ) ) ;
#144 = DIRECTION ( 'NONE',  ( -0.000000000000000000, 0.000000000000000000, 1.000000000000000000 ) ) ;
#145 = ORIENTED_EDGE ( 'NONE', *, *, #2213, .F. ) ;
#146 = FACE_OUTER_BOUND ( 'NONE', #1871, .T. ) ;
#147 = AXIS2_PLACEMENT_3D ( 'NONE', #1582, #2162, #133 ) ;
#148 = EDGE_CURVE ( 'NONE', #828, #1819, #1534, .T. ) ;
#149 = ORIENTED_EDGE ( 'NONE', *, *, #2321, .T. ) ;
#150 = EDGE_CURVE ( 'NONE', #1938, #2279, #1426, .T. ) ;
#151 = DIRECTION ( 'NONE',  ( 0.2588190451025185190, -0.9659258262890689783, -0.000000000000000000 ) ) ;
#152 = ADVANCED_FACE ( 'NONE', ( #1678 ), #2316, .T. ) ;
#153 = AXIS2_PLACEMENT_3D ( 'NONE', #558, #1834, #1305 ) ;
#154 = CARTESIAN_POINT ( 'NONE',  ( -72.93438151286063942, -11.88470606526655793, 7.500000000000000888 ) ) ;
#155 = CARTESIAN_POINT ( 'NONE',  ( -59.42693159701468630, 19.87264242854249119, -5.000000000000441425 ) ) ;
#156 = CYLINDRICAL_SURFACE ( 'NONE', #2334, 16.50000000000000000 ) ;
#157 = ORIENTED_EDGE ( 'NONE', *, *, #1853, .T. ) ;
#158 = CARTESIAN_POINT ( 'NONE',  ( -51.73034269092880066, -12.99596265175504506, 11.50000000000000000 ) ) ;
#159 = VECTOR ( 'NONE', #1971, 999.9999999999998863 ) ;
#160 = ORIENTED_EDGE ( 'NONE', *, *, #1396, .F. ) ;
#161 = EDGE_LOOP ( 'NONE', ( #1875, #1997, #723, #1953 ) ) ;
#162 = EDGE_CURVE ( 'NONE', #858, #2229, #115, .T. ) ;
#163 = CIRCLE ( 'NONE', #2345, 450.0000000000000568 ) ;
#164 = AXIS2_PLACEMENT_3D ( 'NONE', #1630, #367, #2363 ) ;
#165 = DIRECTION ( 'NONE',  ( 1.000000000000000000, 0.000000000000000000, 0.000000000000000000 ) ) ;
#166 = EDGE_CURVE ( 'NONE', #774, #937, #1838, .T. ) ;
#167 = CARTESIAN_POINT ( 'NONE',  ( 0.000000000000000000, 0.000000000000000000, 7.500000000000000000 ) ) ;
#168 = DIRECTION ( 'NONE',  ( 0.000000000000000000, 0.000000000000000000, 1.000000000000000000 ) ) ;
#169 = AXIS2_PLACEMENT_3D ( 'NONE', #612, #253, #45 ) ;
#170 = CIRCLE ( 'NONE', #1092, 2.000000000000001776 ) ;
#171 = ORIENTED_EDGE ( 'NONE', *, *, #2064, .F. ) ;
#172 = DIRECTION ( 'NONE',  ( 1.000000000000000000, 0.000000000000000000, 0.000000000000000000 ) ) ;
#173 = VERTEX_POINT ( 'NONE', #35 ) ;
#174 = DIRECTION ( 'NONE',  ( 1.000000000000000000, 0.000000000000000000, 0.000000000000000000 ) ) ;
#175 = DIRECTION ( 'NONE',  ( 0.000000000000000000, 0.000000000000000000, 1.000000000000000000 ) ) ;
#176 = AXIS2_PLACEMENT_3D ( 'NONE', #75, #1338, #102 ) ;
#177 = EDGE_LOOP ( 'NONE', ( #171, #2123, #996, #43 ) ) ;
#178 = DIRECTION ( 'NONE',  ( 1.000000000000000000, -5.329070518200751394E-13, 0.000000000000000000 ) ) ;
#179 = EDGE_CURVE ( 'NONE', #1376, #1938, #1155, .T. ) ;
#180 = DIRECTION ( 'NONE',  ( 0.000000000000000000, 0.000000000000000000, 1.000000000000000000 ) ) ;
#181 = DIRECTION ( 'NONE',  ( 0.000000000000000000, 0.000000000000000000, -1.000000000000000000 ) ) ;
#182 = PERSON_AND_ORGANIZATION_ROLE ( 'creator' ) ;
#183 = FACE_OUTER_BOUND ( 'NONE', #1175, .T. ) ;
#184 = CARTESIAN_POINT ( 'NONE',  ( -72.93438151286063942, -11.88470606526655793, 7.500000000000000888 ) ) ;
#185 = ORIENTED_EDGE ( 'NONE', *, *, #768, .T. ) ;
#186 = CARTESIAN_POINT ( 'NONE',  ( -50.76478997212785060, -11.13492288908321726, 12.50000000000000178 ) ) ;
#187 = CARTESIAN_POINT ( 'NONE',  ( -46.24576256814913933, 5.447085729384788522, 12.50000000000000000 ) ) ;
#188 = FACE_OUTER_BOUND ( 'NONE', #1816, .T. ) ;
#189 = LINE ( 'NONE', #740, #2118 ) ;
#190 = DIRECTION ( 'NONE',  ( 1.000000000000000000, 0.000000000000000000, 0.000000000000000000 ) ) ;
#191 = AXIS2_PLACEMENT_3D ( 'NONE', #2238, #581, #1470 ) ;
#192 = DIRECTION ( 'NONE',  ( 0.000000000000000000, -0.000000000000000000, -1.000000000000000000 ) ) ;
#193 = EDGE_CURVE ( 'NONE', #438, #862, #603, .T. ) ;
#194 = ORIENTED_EDGE ( 'NONE', *, *, #208, .T. ) ;
#195 = DIRECTION ( 'NONE',  ( -0.000000000000000000, -0.000000000000000000, -1.000000000000000000 ) ) ;
#196 = EDGE_CURVE ( 'NONE', #319, #1554, #119, .T. ) ;
#197 = CARTESIAN_POINT ( 'NONE',  ( -48.73034269092879356, -12.99596265175504506, 7.500000000000000888 ) ) ;
#198 = DIRECTION ( 'NONE',  ( 1.000000000000000000, 0.000000000000000000, 0.000000000000000000 ) ) ;
#199 = CIRCLE ( 'NONE', #2254, 17.50000000000045830 ) ;
#200 = AXIS2_PLACEMENT_3D ( 'NONE', #677, #590, #1936 ) ;
#201 = CARTESIAN_POINT ( 'NONE',  ( -7.774739950682665324, 11.97204965282590727, 11.50000000000000000 ) ) ;
#202 = APPROVAL_STATUS ( 'not_yet_approved' ) ;
#203 = DIRECTION ( 'NONE',  ( -1.000000000000000000, 0.000000000000000000, -0.000000000000000000 ) ) ;
#204 = AXIS2_PLACEMENT_3D ( 'NONE', #900, #1219, #1940 ) ;
#205 = ORIENTED_EDGE ( 'NONE', *, *, #1400, .T. ) ;
#206 = CIRCLE ( 'NONE', #1351, 1000.000000000000000 ) ;
#207 = CARTESIAN_POINT ( 'NONE',  ( -50.27492596829816307, -11.08134130490649660, 12.42226674930540931 ) ) ;
#208 = EDGE_CURVE ( 'NONE', #1011, #121, #1856, .T. ) ;
#209 = CARTESIAN_POINT ( 'NONE',  ( -71.79431680125840387, 27.55925613994274670, 11.50000000000000000 ) ) ;
#210 = DIRECTION ( 'NONE',  ( 1.000000000000000000, 0.000000000000000000, 0.000000000000000000 ) ) ;
#211 = CARTESIAN_POINT ( 'NONE',  ( -74.82234268601014548, -14.21614394963745553, 7.500000000000000888 ) ) ;
#212 = AXIS2_PLACEMENT_3D ( 'NONE', #1753, #131, #2148 ) ;
#213 = DIRECTION ( 'NONE',  ( 1.000000000000000000, 0.000000000000000000, 0.000000000000000000 ) ) ;
#214 = AXIS2_PLACEMENT_3D ( 'NONE', #815, #63, #1528 ) ;
#215 = EDGE_LOOP ( 'NONE', ( #1942, #1921, #2315, #484 ) ) ;
#216 = DIRECTION ( 'NONE',  ( 0.000000000000000000, 0.000000000000000000, -1.000000000000000000 ) ) ;
#217 = ORIENTED_EDGE ( 'NONE', *, *, #2036, .T. ) ;
#218 = DIRECTION ( 'NONE',  ( 0.000000000000000000, 0.000000000000000000, 1.000000000000000000 ) ) ;
#219 = LOCAL_TIME ( 18, 24, 48.00000000000000000, #901 ) ;
#220 = ADVANCED_FACE ( 'NONE', ( #950 ), #976, .T. ) ;
#221 = DIRECTION ( 'NONE',  ( 1.000000000000000000, 0.000000000000000000, 0.000000000000000000 ) ) ;
#222 = VERTEX_POINT ( 'NONE', #1145 ) ;
#223 = EDGE_CURVE ( 'NONE', #1264, #1804, #1192, .T. ) ;
#224 = CARTESIAN_POINT ( 'NONE',  ( -78.08704195097766387, 1.752663965298819404, 7.500000000000000888 ) ) ;
#225 = LINE ( 'NONE', #1641, #1918 ) ;
#226 = AXIS2_PLACEMENT_3D ( 'NONE', #2225, #1295, #1316 ) ;
#227 = ORIENTED_EDGE ( 'NONE', *, *, #1602, .F. ) ;
#228 = DIRECTION ( 'NONE',  ( 0.000000000000000000, -1.000000000000000000, 0.000000000000000000 ) ) ;
#229 = DIRECTION ( 'NONE',  ( 0.000000000000000000, 0.000000000000000000, 1.000000000000000000 ) ) ;
#230 = ORIENTED_EDGE ( 'NONE', *, *, #842, .F. ) ;
#231 = FACE_OUTER_BOUND ( 'NONE', #414, .T. ) ;
#232 = CIRCLE ( 'NONE', #354, 17.49999999999995381 ) ;
#233 = FACE_OUTER_BOUND ( 'NONE', #2120, .T. ) ;
#234 = ORIENTED_EDGE ( 'NONE', *, *, #108, .F. ) ;
#235 = DIRECTION ( 'NONE',  ( 0.000000000000000000, 0.000000000000000000, 1.000000000000000000 ) ) ;
#236 = CARTESIAN_POINT ( 'NONE',  ( -66.68039180462716331, 6.123233995736772199E-16, -7.500000000000000000 ) ) ;
#237 = EDGE_LOOP ( 'NONE', ( #1700, #1100, #1369, #1759 ) ) ;
#238 = AXIS2_PLACEMENT_3D ( 'NONE', #653, #535, #1231 ) ;
#239 = CARTESIAN_POINT ( 'NONE',  ( -75.01263563972018744, -9.721176591422658220, 11.50000000000000000 ) ) ;
#240 = PLANE ( 'NONE',  #2039 ) ;
#241 = ORIENTED_EDGE ( 'NONE', *, *, #454, .T. ) ;
#242 = CARTESIAN_POINT ( 'NONE',  ( -64.62199577179549692, -17.25099898847470925, -7.500000000000000000 ) ) ;
#243 = CIRCLE ( 'NONE', #2193, 2.000000000000001776 ) ;
#244 = DIRECTION ( 'NONE',  ( -0.000000000000000000, -0.000000000000000000, -1.000000000000000000 ) ) ;
#245 = EDGE_LOOP ( 'NONE', ( #459, #759, #1589, #185, #1214, #1735 ) ) ;
#246 = DIRECTION ( 'NONE',  ( 1.000000000000000000, 0.000000000000000000, 0.000000000000000000 ) ) ;
#247 = ADVANCED_FACE ( 'NONE', ( #231 ), #962, .T. ) ;
#248 = AXIS2_PLACEMENT_3D ( 'NONE', #1071, #1935, #1262 ) ;
#249 = CYLINDRICAL_SURFACE ( 'NONE', #1253, 3.000000000000002665 ) ;
#250 = ORIENTED_EDGE ( 'NONE', *, *, #1114, .F. ) ;
#251 = FACE_OUTER_BOUND ( 'NONE', #2052, .T. ) ;
#252 = EDGE_CURVE ( 'NONE', #605, #1288, #958, .T. ) ;
#253 = DIRECTION ( 'NONE',  ( 0.000000000000000000, 0.000000000000000000, 1.000000000000000000 ) ) ;
#254 = ORIENTED_EDGE ( 'NONE', *, *, #1065, .F. ) ;
#255 = EDGE_CURVE ( 'NONE', #1488, #1067, #232, .T. ) ;
#256 = AXIS2_PLACEMENT_3D ( 'NONE', #1578, #838, #2116 ) ;
#257 = DIRECTION ( 'NONE',  ( 0.000000000000000000, 0.000000000000000000, -1.000000000000000000 ) ) ;
#258 = EDGE_LOOP ( 'NONE', ( #1156, #528, #714, #794 ) ) ;
#259 = CIRCLE ( 'NONE', #343, 3.000000000000002665 ) ;
#260 = DIRECTION ( 'NONE',  ( -0.000000000000000000, -0.000000000000000000, -1.000000000000000000 ) ) ;
#261 = DIRECTION ( 'NONE',  ( 1.000000000000000000, 0.000000000000000000, 0.000000000000000000 ) ) ;
#262 = EDGE_CURVE ( 'NONE', #1583, #1522, #663, .T. ) ;
#263 = ORIENTED_EDGE ( 'NONE', *, *, #1839, .F. ) ;
#264 = EDGE_CURVE ( 'NONE', #1252, #1399, #1593, .T. ) ;
#265 = DIRECTION ( 'NONE',  ( 0.000000000000000000, 0.000000000000000000, 1.000000000000000000 ) ) ;
#266 = FACE_OUTER_BOUND ( 'NONE', #1206, .T. ) ;
#267 = VECTOR ( 'NONE', #7, 1000.000000000000000 ) ;
#268 = ORIENTED_EDGE ( 'NONE', *, *, #15, .T. ) ;
#269 = ADVANCED_FACE ( 'NONE', ( #888 ), #574, .T. ) ;
#270 = CARTESIAN_POINT ( 'NONE',  ( -61.68039180462715620, 0.000000000000000000, 7.500000000000000000 ) ) ;
#271 = ORIENTED_EDGE ( 'NONE', *, *, #2198, .F. ) ;
#272 = DIRECTION ( 'NONE',  ( 1.000000000000000000, 1.156482317317870344E-15, 0.000000000000000000 ) ) ;
#273 = CARTESIAN_POINT ( 'NONE',  ( -61.93430757769991857, 19.35833537641250857, 7.500000000000000888 ) ) ;
#274 = VERTEX_POINT ( 'NONE', #1415 ) ;
#275 = CIRCLE ( 'NONE', #782, 3.000000000000002665 ) ;
#276 = CIRCLE ( 'NONE', #1387, 17.49999999999995381 ) ;
#277 = LINE ( 'NONE', #56, #2155 ) ;
#278 = CARTESIAN_POINT ( 'NONE',  ( -62.09131544642880129, 16.36244677214879317, 12.50000000000000000 ) ) ;
#279 = ORIENTED_EDGE ( 'NONE', *, *, #1298, .F. ) ;
#280 = CIRCLE ( 'NONE', #584, 15.50000000000000000 ) ;
#281 = CARTESIAN_POINT ( 'NONE',  ( -57.56137782913938139, 16.22985835990198211, 12.50000000000000000 ) ) ;
#282 = ORIENTED_EDGE ( 'NONE', *, *, #2169, .F. ) ;
#283 = DIRECTION ( 'NONE',  ( 1.000000000000000000, 0.000000000000000000, 0.000000000000000000 ) ) ;
#284 = EDGE_CURVE ( 'NONE', #1855, #1488, #659, .T. ) ;
#285 = CARTESIAN_POINT ( 'NONE',  ( -52.76576066133787180, -16.05309752954373437, 11.50000000000000000 ) ) ;
#286 = DIRECTION ( 'NONE',  ( -0.000000000000000000, 0.000000000000000000, 1.000000000000000000 ) ) ;
#287 = DIRECTION ( 'NONE',  ( 1.000000000000000000, 0.000000000000000000, 0.000000000000000000 ) ) ;
#288 = ORIENTED_EDGE ( 'NONE', *, *, #14, .T. ) ;
#289 = CIRCLE ( 'NONE', #479, 12.50000000000045475 ) ;
#290 = CARTESIAN_POINT ( 'NONE',  ( -45.59006792315076950, 3.000000000000000000, 12.50000000000000000 ) ) ;
#291 = DIRECTION ( 'NONE',  ( -0.6293203910498469389, -0.7771459614569631302, 0.000000000000000000 ) ) ;
#292 = ORIENTED_EDGE ( 'NONE', *, *, #1787, .F. ) ;
#293 = DIRECTION ( 'NONE',  ( 0.9986295347545731671, -0.05233595624295869081, -0.000000000000000000 ) ) ;
#294 = ORIENTED_EDGE ( 'NONE', *, *, #994, .F. ) ;
#295 = VERTEX_POINT ( 'NONE', #691 ) ;
#296 = EDGE_CURVE ( 'NONE', #1761, #352, #1381, .T. ) ;
#297 = AXIS2_PLACEMENT_3D ( 'NONE', #751, #1292, #221 ) ;
#298 = CARTESIAN_POINT ( 'NONE',  ( -74.82234268601014548, -14.21614394963745553, 7.500000000000000888 ) ) ;
#299 = PRODUCT_DEFINITION_FORMATION_WITH_SPECIFIED_SOURCE ( 'ANY', '', #2202, .NOT_KNOWN. ) ;
#300 = DIRECTION ( 'NONE',  ( 1.000000000000000000, 0.000000000000000000, 0.000000000000000000 ) ) ;
#301 = CARTESIAN_POINT ( 'NONE',  ( -68.49363858088871382, -14.82106587514709517, 12.10367703706568854 ) ) ;
#302 = CARTESIAN_POINT ( 'NONE',  ( -76.46109302661581353, 7.030604099015652864, 11.50000000000000000 ) ) ;
#303 = ORIENTED_EDGE ( 'NONE', *, *, #1669, .F. ) ;
#304 = CARTESIAN_POINT ( 'NONE',  ( -47.74011662478255147, 6.776335876431336835, 12.50000000000000000 ) ) ;
#305 = DIRECTION ( 'NONE',  ( 1.000000000000000000, 0.000000000000000000, 0.000000000000000000 ) ) ;
#306 = ORIENTED_EDGE ( 'NONE', *, *, #618, .F. ) ;
#307 = EDGE_LOOP ( 'NONE', ( #1096, #106, #855, #745 ) ) ;
#308 = ORIENTED_EDGE ( 'NONE', *, *, #572, .F. ) ;
#309 = CARTESIAN_POINT ( 'NONE',  ( -77.42106286757396560, 2.261023462137884632, 12.42226429100453267 ) ) ;
#310 = CARTESIAN_POINT ( 'NONE',  ( -62.09131544642880129, 16.36244677214879317, 11.50000000000000000 ) ) ;
#311 = CARTESIAN_POINT ( 'NONE',  ( -61.68039180462715620, 0.000000000000000000, 11.50000000000000000 ) ) ;
#312 = CARTESIAN_POINT ( 'NONE',  ( -61.68039180462715620, 0.000000000000000000, -5.000000000000441425 ) ) ;
#313 = ORIENTED_EDGE ( 'NONE', *, *, #541, .T. ) ;
#314 = FACE_OUTER_BOUND ( 'NONE', #1007, .T. ) ;
#315 = DIRECTION ( 'NONE',  ( -0.3583679495453087060, -0.9335804264971984123, 0.000000000000000000 ) ) ;
#316 = ORIENTED_EDGE ( 'NONE', *, *, #1991, .T. ) ;
#317 = AXIS2_PLACEMENT_3D ( 'NONE', #1757, #1951, #1254 ) ;
#318 = CIRCLE ( 'NONE', #1004, 5.000000000000004441 ) ;
#319 = VERTEX_POINT ( 'NONE', #132 ) ;
#320 = EDGE_LOOP ( 'NONE', ( #655, #811, #2374, #1040 ) ) ;
#321 = AXIS2_PLACEMENT_3D ( 'NONE', #2244, #434, #1010 ) ;
#322 = CARTESIAN_POINT ( 'NONE',  ( -59.56137782913938139, 16.22985835990198211, 7.500000000000000888 ) ) ;
#323 = AXIS2_PLACEMENT_3D ( 'NONE', #1824, #2004, #373 ) ;
#324 = CARTESIAN_POINT ( 'NONE',  ( -51.73034269092880066, -12.99596265175504506, 7.500000000000000888 ) ) ;
#325 = CARTESIAN_POINT ( 'NONE',  ( -75.04567006614981040, 9.675708604131786572, 7.500000000000000888 ) ) ;
#326 = ADVANCED_FACE ( 'NONE', ( #1249 ), #1046, .T. ) ;
#327 = DIRECTION ( 'NONE',  ( -0.000000000000000000, -0.000000000000000000, -1.000000000000000000 ) ) ;
#328 = EDGE_LOOP ( 'NONE', ( #849, #1187, #988, #1722 ) ) ;
#329 = DIRECTION ( 'NONE',  ( 1.000000000000000000, 0.000000000000000000, 0.000000000000000000 ) ) ;
#330 = ADVANCED_FACE ( 'NONE', ( #1058 ), #1796, .T. ) ;
#331 = EDGE_CURVE ( 'NONE', #665, #1380, #1948, .T. ) ;
#332 = AXIS2_PLACEMENT_3D ( 'NONE', #1655, #1808, #2222 ) ;
#333 = AXIS2_PLACEMENT_3D ( 'NONE', #1159, #1888, #1552 ) ;
#334 = APPROVAL ( #18, 'UNSPECIFIED' ) ;
#335 = ORIENTED_EDGE ( 'NONE', *, *, #2106, .T. ) ;
#336 = DIRECTION ( 'NONE',  ( -0.1188587492999969158, -0.6970456209710023110, -0.7071067811865406894 ) ) ;
#337 = AXIS2_PLACEMENT_3D ( 'NONE', #1859, #1658, #2025 ) ;
#338 = CARTESIAN_POINT ( 'NONE',  ( -48.73034269092879356, -12.99596265175504506, 7.500000000000000888 ) ) ;
#339 = CARTESIAN_POINT ( 'NONE',  ( -61.68039180462715620, 0.000000000000000000, 12.50000000000000000 ) ) ;
#340 = CARTESIAN_POINT ( 'NONE',  ( -49.73034269092879356, -12.99596265175504506, 12.50000000000000000 ) ) ;
#341 = ORIENTED_EDGE ( 'NONE', *, *, #1870, .T. ) ;
#342 = CARTESIAN_POINT ( 'NONE',  ( 113.3196081953728509, 0.000000000000000000, 7.500000000000000000 ) ) ;
#343 = AXIS2_PLACEMENT_3D ( 'NONE', #664, #1429, #1416 ) ;
#344 = EDGE_CURVE ( 'NONE', #1761, #1109, #2227, .T. ) ;
#345 = ORIENTED_EDGE ( 'NONE', *, *, #1495, .F. ) ;
#346 = ADVANCED_FACE ( 'NONE', ( #361 ), #1197, .T. ) ;
#347 = DIRECTION ( 'NONE',  ( -0.000000000000000000, -0.000000000000000000, -1.000000000000000000 ) ) ;
#348 = CIRCLE ( 'NONE', #1719, 1.000000000000001776 ) ;
#349 = PLANE ( 'NONE',  #1321 ) ;
#350 = PRODUCT_DEFINITION_SHAPE ( 'NONE', 'NONE',  #2053 ) ;
#351 = PERSON_AND_ORGANIZATION ( #387, #644 ) ;
#352 = VERTEX_POINT ( 'NONE', #1294 ) ;
#353 = CARTESIAN_POINT ( 'NONE',  ( -51.73034269092880066, -12.99596265175504506, 11.50000000000000000 ) ) ;
#354 = AXIS2_PLACEMENT_3D ( 'NONE', #1200, #286, #1019 ) ;
#355 = ORIENTED_EDGE ( 'NONE', *, *, #898, .F. ) ;
#356 = DIRECTION ( 'NONE',  ( -0.000000000000000000, -0.000000000000000000, -1.000000000000000000 ) ) ;
#357 = LINE ( 'NONE', #1089, #707 ) ;
#358 = VECTOR ( 'NONE', #265, 1000.000000000000000 ) ;
#359 = ORIENTED_EDGE ( 'NONE', *, *, #1810, .T. ) ;
#360 = DIRECTION ( 'NONE',  ( 1.000000000000000000, 0.000000000000000000, 0.000000000000000000 ) ) ;
#361 = FACE_OUTER_BOUND ( 'NONE', #1751, .T. ) ;
#362 = DIRECTION ( 'NONE',  ( 0.000000000000000000, 0.000000000000000000, 1.000000000000000000 ) ) ;
#363 = EDGE_CURVE ( 'NONE', #1166, #1398, #170, .T. ) ;
#364 = CIRCLE ( 'NONE', #1696, 16.50000000000000000 ) ;
#365 = COORDINATED_UNIVERSAL_TIME_OFFSET ( 5, 30, .AHEAD. ) ;
#366 = ORIENTED_EDGE ( 'NONE', *, *, #255, .F. ) ;
#367 = DIRECTION ( 'NONE',  ( -0.000000000000000000, -0.000000000000000000, 1.000000000000000000 ) ) ;
#368 = CARTESIAN_POINT ( 'NONE',  ( -76.46109302661581353, 7.030604099015652864, 7.500000000000000888 ) ) ;
#369 = ORIENTED_EDGE ( 'NONE', *, *, #1237, .F. ) ;
#370 = CARTESIAN_POINT ( 'NONE',  ( 10.59901996007864255, 423.8816894310817815, 7.500000000000000000 ) ) ;
#371 = ORIENTED_EDGE ( 'NONE', *, *, #717, .T. ) ;
#372 = VECTOR ( 'NONE', #2079, 999.9999999999998863 ) ;
#373 = DIRECTION ( 'NONE',  ( 1.000000000000000000, -8.673617379884027583E-16, 0.000000000000000000 ) ) ;
#374 = EDGE_CURVE ( 'NONE', #2266, #553, #163, .T. ) ;
#375 = CARTESIAN_POINT ( 'NONE',  ( -59.56137782913938139, 16.22985835990198211, 7.500000000000000888 ) ) ;
#376 = DIRECTION ( 'NONE',  ( 0.000000000000000000, 0.000000000000000000, 1.000000000000000000 ) ) ;
#377 = AXIS2_PLACEMENT_3D ( 'NONE', #1224, #347, #141 ) ;
#378 = DIRECTION ( 'NONE',  ( 0.000000000000000000, 0.000000000000000000, 1.000000000000000000 ) ) ;
#379 = EDGE_CURVE ( 'NONE', #1075, #2154, #474, .T. ) ;
#380 = DIRECTION ( 'NONE',  ( 0.8386705679454272699, 0.5446390350150221993, 0.000000000000000000 ) ) ;
#381 = ORIENTED_EDGE ( 'NONE', *, *, #1535, .F. ) ;
#382 = CARTESIAN_POINT ( 'NONE',  ( -68.41720800568671734, -15.06204858155561155, 7.500000000000000888 ) ) ;
#383 = ORIENTED_EDGE ( 'NONE', *, *, #296, .F. ) ;
#384 = DIRECTION ( 'NONE',  ( 0.1588480243740575393, -0.6890336023391433473, 0.7071067811865489050 ) ) ;
#385 = CARTESIAN_POINT ( 'NONE',  ( -61.68039180462715620, 0.000000000000000000, 12.50000000000000000 ) ) ;
#386 = AXIS2_PLACEMENT_3D ( 'NONE', #567, #2054, #2026 ) ;
#387 = PERSON ( 'UNSPECIFIED', 'UNSPECIFIED', 'UNSPECIFIED', ('UNSPECIFIED'), ('UNSPECIFIED'), ('UNSPECIFIED') ) ;
#388 = DATE_TIME_ROLE ( 'classification_date' ) ;
#389 = EDGE_CURVE ( 'NONE', #1518, #585, #1625, .T. ) ;
#390 = CARTESIAN_POINT ( 'NONE',  ( -50.09642558588374328, -15.51197435559133631, 11.50000000000000000 ) ) ;
#391 = ORIENTED_EDGE ( 'NONE', *, *, #108, .T. ) ;
#392 = DIRECTION ( 'NONE',  ( 0.000000000000000000, -0.000000000000000000, -1.000000000000000000 ) ) ;
#393 = DIRECTION ( 'NONE',  ( -0.5446390350150247528, 0.8386705679454257156, 0.000000000000000000 ) ) ;
#394 = DIRECTION ( 'NONE',  ( 0.9335804264971990785, -0.3583679495453076513, 0.000000000000000000 ) ) ;
#395 = CIRCLE ( 'NONE', #893, 16.50000000000000000 ) ;
#396 = AXIS2_PLACEMENT_3D ( 'NONE', #1664, #761, #2003 ) ;
#397 = CARTESIAN_POINT ( 'NONE',  ( -75.04567006614981040, 9.675708604131786572, 11.50000000000000000 ) ) ;
#398 = DIRECTION ( 'NONE',  ( 0.000000000000000000, 0.000000000000000000, 1.000000000000000000 ) ) ;
#399 = CIRCLE ( 'NONE', #1280, 1.000000000000002665 ) ;
#400 = EDGE_CURVE ( 'NONE', #1011, #1518, #275, .T. ) ;
#401 = VERTEX_POINT ( 'NONE', #720 ) ;
#402 = CIRCLE ( 'NONE', #1734, 0.9999999999999952260 ) ;
#403 = CARTESIAN_POINT ( 'NONE',  ( -43.34798508928192717, 6.223542864692319654, 7.500000000000000888 ) ) ;
#404 = EDGE_CURVE ( 'NONE', #274, #846, #1446, .T. ) ;
#405 = VERTEX_POINT ( 'NONE', #2369 ) ;
#406 = ORIENTED_EDGE ( 'NONE', *, *, #1412, .T. ) ;
#407 = DIRECTION ( 'NONE',  ( -0.000000000000000000, -0.000000000000000000, 1.000000000000000000 ) ) ;
#408 = EDGE_LOOP ( 'NONE', ( #643, #1932, #2259, #32, #145 ) ) ;
#409 = LINE ( 'NONE', #201, #1489 ) ;
#410 = DIRECTION ( 'NONE',  ( 1.000000000000000000, 0.000000000000000000, 0.000000000000000000 ) ) ;
#411 = ORIENTED_EDGE ( 'NONE', *, *, #1550, .F. ) ;
#412 = CARTESIAN_POINT ( 'NONE',  ( -63.96664587988405515, 15.42451250586311851, 12.50000000000000178 ) ) ;
#413 = CARTESIAN_POINT ( 'NONE',  ( -61.68039180462715620, 0.000000000000000000, 7.500000000000000000 ) ) ;
#414 = EDGE_LOOP ( 'NONE', ( #1955, #627 ) ) ;
#415 = DIRECTION ( 'NONE',  ( 0.03836735577431977379, -0.7060651145686887009, 0.7071067811865413555 ) ) ;
#416 = CIRCLE ( 'NONE', #1785, 2.000000000000001776 ) ;
#417 = CYLINDRICAL_SURFACE ( 'NONE', #821, 1.000000000000002220 ) ;
#418 = ORIENTED_EDGE ( 'NONE', *, *, #1980, .F. ) ;
#419 = CARTESIAN_POINT ( 'NONE',  ( 107.5057136720462978, 14.97790291412315966, 4.999999999999997335 ) ) ;
#420 = FACE_OUTER_BOUND ( 'NONE', #328, .T. ) ;
#421 = VERTEX_POINT ( 'NONE', #2186 ) ;
#422 = DIRECTION ( 'NONE',  ( 1.000000000000000000, 0.000000000000000000, 0.000000000000000000 ) ) ;
#423 = CARTESIAN_POINT ( 'NONE',  ( -74.19302229496030066, -13.43899798818050506, 12.50000000000000000 ) ) ;
#424 = ORIENTED_EDGE ( 'NONE', *, *, #2216, .T. ) ;
#425 = CARTESIAN_POINT ( 'NONE',  ( -68.53589660094769442, -14.69462409272984615, 12.21125264017295109 ) ) ;
#426 = CARTESIAN_POINT ( 'NONE',  ( 107.6413627592673947, 12.48158576176925472, 7.500000000000000000 ) ) ;
#427 = EDGE_CURVE ( 'NONE', #881, #1252, #189, .T. ) ;
#428 = EDGE_LOOP ( 'NONE', ( #391, #1979, #1038, #1576 ) ) ;
#429 = DIRECTION ( 'NONE',  ( -0.000000000000000000, -0.000000000000000000, -1.000000000000000000 ) ) ;
#430 = FACE_OUTER_BOUND ( 'NONE', #2094, .T. ) ;
#431 = EDGE_CURVE ( 'NONE', #2279, #683, #49, .T. ) ;
#432 = ORIENTED_EDGE ( 'NONE', *, *, #2106, .F. ) ;
#433 = AXIS2_PLACEMENT_3D ( 'NONE', #2179, #1284, #1994 ) ;
#434 = DIRECTION ( 'NONE',  ( 0.000000000000000000, 0.000000000000000000, 1.000000000000000000 ) ) ;
#435 = EDGE_LOOP ( 'NONE', ( #355, #1515 ) ) ;
#436 = DIRECTION ( 'NONE',  ( 1.000000000000000000, 0.000000000000000000, 0.000000000000000000 ) ) ;
#437 = DIRECTION ( 'NONE',  ( 1.000000000000000000, 0.000000000000000000, 0.000000000000000000 ) ) ;
#438 = VERTEX_POINT ( 'NONE', #6 ) ;
#439 = DIRECTION ( 'NONE',  ( 0.000000000000000000, -0.000000000000000000, -1.000000000000000000 ) ) ;
#440 = EDGE_CURVE ( 'NONE', #1912, #858, #364, .T. ) ;
#441 = DIRECTION ( 'NONE',  ( 0.8386705679454246054, 0.5446390350150261961, -0.000000000000000000 ) ) ;
#442 = ADVANCED_FACE ( 'NONE', ( #955 ), #1002, .T. ) ;
#443 = ORIENTED_EDGE ( 'NONE', *, *, #344, .T. ) ;
#444 = LINE ( 'NONE', #2230, #1121 ) ;
#445 = CYLINDRICAL_SURFACE ( 'NONE', #169, 3.000000000000002665 ) ;
#446 = AXIS2_PLACEMENT_3D ( 'NONE', #1299, #2018, #203 ) ;
#447 = ORIENTED_EDGE ( 'NONE', *, *, #1787, .T. ) ;
#448 = AXIS2_PLACEMENT_3D ( 'NONE', #886, #864, #2177 ) ;
#449 = DIRECTION ( 'NONE',  ( 1.000000000000000000, 0.000000000000000000, 0.000000000000000000 ) ) ;
#450 = VERTEX_POINT ( 'NONE', #390 ) ;
#451 = AXIS2_PLACEMENT_3D ( 'NONE', #1746, #105, #1241 ) ;
#452 = DIRECTION ( 'NONE',  ( -0.000000000000000000, -0.000000000000000000, 1.000000000000000000 ) ) ;
#453 = DIRECTION ( 'NONE',  ( 0.000000000000000000, -0.000000000000000000, -1.000000000000000000 ) ) ;
#454 = EDGE_CURVE ( 'NONE', #401, #450, #2029, .T. ) ;
#455 = EDGE_LOOP ( 'NONE', ( #1760, #639, #1916, #1631, #1485 ) ) ;
#456 = DIRECTION ( 'NONE',  ( -0.000000000000000000, -0.000000000000000000, -1.000000000000000000 ) ) ;
#457 = DIRECTION ( 'NONE',  ( -0.000000000000000000, 0.000000000000000000, 1.000000000000000000 ) ) ;
#458 = VECTOR ( 'NONE', #1659, 1000.000000000000000 ) ;
#459 = ORIENTED_EDGE ( 'NONE', *, *, #344, .F. ) ;
#460 = CARTESIAN_POINT ( 'NONE',  ( -59.70861412296623882, 17.38856212497463716, 7.500000000000000888 ) ) ;
#461 = VERTEX_POINT ( 'NONE', #1098 ) ;
#462 = AXIS2_PLACEMENT_3D ( 'NONE', #799, #1523, #2256 ) ;
#463 = DIRECTION ( 'NONE',  ( 0.000000000000000000, 0.000000000000000000, -1.000000000000000000 ) ) ;
#464 = CARTESIAN_POINT ( 'NONE',  ( -73.20860778808493308, -14.23616113789372228, 12.50000000000000000 ) ) ;
#465 = ORIENTED_EDGE ( 'NONE', *, *, #1176, .T. ) ;
#466 = AXIS2_PLACEMENT_3D ( 'NONE', #2023, #936, #1663 ) ;
#467 = DIRECTION ( 'NONE',  ( -0.000000000000000000, -0.000000000000000000, -1.000000000000000000 ) ) ;
#468 = ORIENTED_EDGE ( 'NONE', *, *, #1665, .T. ) ;
#469 = EDGE_CURVE ( 'NONE', #1878, #705, #225, .T. ) ;
#470 = AXIS2_PLACEMENT_3D ( 'NONE', #1812, #181, #1379 ) ;
#471 = DIRECTION ( 'NONE',  ( 1.000000000000000000, 0.000000000000000000, 0.000000000000000000 ) ) ;
#472 = ORIENTED_EDGE ( 'NONE', *, *, #1598, .F. ) ;
#473 = ORIENTED_EDGE ( 'NONE', *, *, #2235, .F. ) ;
#474 = CIRCLE ( 'NONE', #1505, 0.9999999999999987788 ) ;
#475 = DIRECTION ( 'NONE',  ( 0.000000000000000000, 0.000000000000000000, 1.000000000000000000 ) ) ;
#476 = DIRECTION ( 'NONE',  ( 0.000000000000000000, 0.000000000000000000, 1.000000000000000000 ) ) ;
#477 = CARTESIAN_POINT ( 'NONE',  ( -56.68039180462715620, 0.000000000000000000, -7.500000000000000000 ) ) ;
#478 = ORIENTED_EDGE ( 'NONE', *, *, #800, .F. ) ;
#479 = AXIS2_PLACEMENT_3D ( 'NONE', #1721, #453, #1185 ) ;
#480 = DIRECTION ( 'NONE',  ( 0.000000000000000000, 0.000000000000000000, 1.000000000000000000 ) ) ;
#481 = CYLINDRICAL_SURFACE ( 'NONE', #1504, 3.000000000000002665 ) ;
#482 = EDGE_LOOP ( 'NONE', ( #516, #447, #1954, #1587 ) ) ;
#483 = ORIENTED_EDGE ( 'NONE', *, *, #427, .T. ) ;
#484 = ORIENTED_EDGE ( 'NONE', *, *, #2093, .F. ) ;
#485 = CARTESIAN_POINT ( 'NONE',  ( -61.68039180462715620, 0.000000000000000000, 7.500000000000000000 ) ) ;
#486 = DIRECTION ( 'NONE',  ( 0.000000000000000000, -0.000000000000000000, -1.000000000000000000 ) ) ;
#487 = DIRECTION ( 'NONE',  ( 1.000000000000000000, 0.000000000000000000, 0.000000000000000000 ) ) ;
#488 = CARTESIAN_POINT ( 'NONE',  ( -51.73034269092880066, -12.99596265175504506, 12.50000000000000000 ) ) ;
#489 = ORIENTED_EDGE ( 'NONE', *, *, #1645, .F. ) ;
#490 = DIRECTION ( 'NONE',  ( -1.000000000000000000, 0.000000000000000000, 0.000000000000000000 ) ) ;
#491 = DIRECTION ( 'NONE',  ( -0.000000000000000000, -0.000000000000000000, 1.000000000000000000 ) ) ;
#492 = ORIENTED_EDGE ( 'NONE', *, *, #956, .F. ) ;
#493 = CIRCLE ( 'NONE', #1986, 2.000000000000001776 ) ;
#494 = ORIENTED_EDGE ( 'NONE', *, *, #853, .T. ) ;
#495 = ORIENTED_EDGE ( 'NONE', *, *, #2198, .T. ) ;
#496 = EDGE_CURVE ( 'NONE', #1178, #421, #1972, .T. ) ;
#497 = LINE ( 'NONE', #897, #2283 ) ;
#498 = DIRECTION ( 'NONE',  ( 0.000000000000000000, 0.000000000000000000, 1.000000000000000000 ) ) ;
#499 = DIRECTION ( 'NONE',  ( 1.000000000000000000, 0.000000000000000000, 0.000000000000000000 ) ) ;
#500 = EDGE_CURVE ( 'NONE', #438, #1067, #99, .T. ) ;
#501 = DIRECTION ( 'NONE',  ( 1.000000000000000000, 8.673617379884027583E-16, 0.000000000000000000 ) ) ;
#502 = ORIENTED_EDGE ( 'NONE', *, *, #1015, .F. ) ;
#503 = CARTESIAN_POINT ( 'NONE',  ( -47.68719883805679416, 7.104368155652398542, 12.48730452859748397 ) ) ;
#504 = CC_DESIGN_DATE_AND_TIME_ASSIGNMENT ( #1628, #1996, ( #2053 ) ) ;
#505 = TOROIDAL_SURFACE ( 'NONE', #466, 1.999999999999999556, 1.000000000000000000 ) ;
#506 = AXIS2_PLACEMENT_3D ( 'NONE', #1513, #2121, #787 ) ;
#507 = ORIENTED_EDGE ( 'NONE', *, *, #997, .T. ) ;
#508 = AXIS2_PLACEMENT_3D ( 'NONE', #1177, #457, #626 ) ;
#509 = DIRECTION ( 'NONE',  ( -0.000000000000000000, 0.000000000000000000, 1.000000000000000000 ) ) ;
#510 = AXIS2_PLACEMENT_3D ( 'NONE', #963, #37, #738 ) ;
#511 = EDGE_CURVE ( 'NONE', #592, #1488, #1857, .T. ) ;
#512 = CYLINDRICAL_SURFACE ( 'NONE', #138, 3.000000000000002665 ) ;
#513 = EDGE_CURVE ( 'NONE', #1409, #2021, #1362, .T. ) ;
#514 = DIRECTION ( 'NONE',  ( -0.000000000000000000, -0.000000000000000000, -1.000000000000000000 ) ) ;
#515 =( NAMED_UNIT ( * ) SI_UNIT ( $, .STERADIAN. ) SOLID_ANGLE_UNIT ( ) );
#516 = ORIENTED_EDGE ( 'NONE', *, *, #389, .T. ) ;
#517 = FACE_OUTER_BOUND ( 'NONE', #1141, .T. ) ;
#518 = EDGE_CURVE ( 'NONE', #274, #1309, #1066, .T. ) ;
#519 = EDGE_LOOP ( 'NONE', ( #2342, #383, #1941, #366, #95, #1694, #1687 ) ) ;
#520 = CARTESIAN_POINT ( 'NONE',  ( -59.56137782913938139, 16.22985835990198211, 11.50000000000000000 ) ) ;
#521 = AXIS2_PLACEMENT_3D ( 'NONE', #285, #441, #2274 ) ;
#522 = AXIS2_PLACEMENT_3D ( 'NONE', #485, #509, #1945 ) ;
#523 = FACE_OUTER_BOUND ( 'NONE', #258, .T. ) ;
#524 = CC_DESIGN_SECURITY_CLASSIFICATION ( #642, ( #299 ) ) ;
#525 = CARTESIAN_POINT ( 'NONE',  ( -65.08344303553997179, 16.14525448296751620, 11.50000000000000000 ) ) ;
#526 = EDGE_LOOP ( 'NONE', ( #1234, #1744, #946, #805, #71 ) ) ;
#527 = CARTESIAN_POINT ( 'NONE',  ( 103.3196081953728367, 6.123233995736772199E-16, 7.500000000000000000 ) ) ;
#528 = ORIENTED_EDGE ( 'NONE', *, *, #1293, .T. ) ;
#529 = DIRECTION ( 'NONE',  ( 0.000000000000000000, 0.000000000000000000, 1.000000000000000000 ) ) ;
#530 = CARTESIAN_POINT ( 'NONE',  ( -61.68039180462715620, 0.000000000000000000, 7.500000000000000000 ) ) ;
#531 = ORIENTED_EDGE ( 'NONE', *, *, #853, .F. ) ;
#532 = EDGE_CURVE ( 'NONE', #2248, #2056, #1137, .T. ) ;
#533 = CARTESIAN_POINT ( 'NONE',  ( 108.3196081953728367, 0.000000000000000000, -7.500000000000000000 ) ) ;
#534 = CARTESIAN_POINT ( 'NONE',  ( -47.37694298443796725, 8.225652062191089797, 7.500000000000000888 ) ) ;
#535 = DIRECTION ( 'NONE',  ( 0.000000000000000000, 0.000000000000000000, 1.000000000000000000 ) ) ;
#536 = ORIENTED_EDGE ( 'NONE', *, *, #1967, .F. ) ;
#537 = FACE_OUTER_BOUND ( 'NONE', #245, .T. ) ;
#538 = ORIENTED_EDGE ( 'NONE', *, *, #1842, .T. ) ;
#539 = DIRECTION ( 'NONE',  ( 1.000000000000000000, 0.000000000000000000, 0.000000000000000000 ) ) ;
#540 = ORIENTED_EDGE ( 'NONE', *, *, #1463, .F. ) ;
#541 = EDGE_CURVE ( 'NONE', #1339, #450, #638, .T. ) ;
#542 = CARTESIAN_POINT ( 'NONE',  ( -61.68039180462715620, 0.000000000000000000, 7.500000000000000000 ) ) ;
#543 = EDGE_CURVE ( 'NONE', #1912, #2174, #1005, .T. ) ;
#544 = AXIS2_PLACEMENT_3D ( 'NONE', #1737, #2277, #995 ) ;
#545 = DIRECTION ( 'NONE',  ( -0.000000000000000000, 0.000000000000000000, 1.000000000000000000 ) ) ;
#546 = DIRECTION ( 'NONE',  ( 0.3583679495453076513, 0.9335804264971990785, -0.000000000000000000 ) ) ;
#547 = AXIS2_PLACEMENT_3D ( 'NONE', #2247, #244, #2258 ) ;
#548 = PERSON_AND_ORGANIZATION ( #387, #644 ) ;
#549 = FACE_OUTER_BOUND ( 'NONE', #2126, .T. ) ;
#550 = CYLINDRICAL_SURFACE ( 'NONE', #1666, 3.000000000000002665 ) ;
#551 = VERTEX_POINT ( 'NONE', #2190 ) ;
#552 = CARTESIAN_POINT ( 'NONE',  ( -68.41720800568671734, -15.06204858155561155, 7.500000000000000888 ) ) ;
#553 = VERTEX_POINT ( 'NONE', #769 ) ;
#554 = CIRCLE ( 'NONE', #1099, 3.000000000000002665 ) ;
#555 = DIRECTION ( 'NONE',  ( 0.000000000000000000, 0.000000000000000000, 1.000000000000000000 ) ) ;
#556 = ADVANCED_FACE ( 'NONE', ( #19 ), #1285, .T. ) ;
#557 = DIRECTION ( 'NONE',  ( -0.7771459614569617980, 0.6293203910498487152, 0.000000000000000000 ) ) ;
#558 = CARTESIAN_POINT ( 'NONE',  ( -46.24576256814913933, 5.447085729384788522, 7.500000000000000888 ) ) ;
#559 = CIRCLE ( 'NONE', #757, 5.000000000000004441 ) ;
#560 = CARTESIAN_POINT ( 'NONE',  ( -77.36898581851924916, 4.665462514913759406, 7.500000000000000888 ) ) ;
#561 = ORIENTED_EDGE ( 'NONE', *, *, #753, .T. ) ;
#562 =( GEOMETRIC_REPRESENTATION_CONTEXT ( 3 ) GLOBAL_UNCERTAINTY_ASSIGNED_CONTEXT ( ( #1468 ) ) GLOBAL_UNIT_ASSIGNED_CONTEXT ( ( #2171, #867, #515 ) ) REPRESENTATION_CONTEXT ( 'NONE', 'WORKASPACE' ) );
#563 = FACE_OUTER_BOUND ( 'NONE', #2294, .T. ) ;
#564 = ORIENTED_EDGE ( 'NONE', *, *, #1298, .T. ) ;
#565 = CARTESIAN_POINT ( 'NONE',  ( -81.68039180462716331, 0.000000000000000000, 7.500000000000000000 ) ) ;
#566 = ADVANCED_FACE ( 'NONE', ( #1863 ), #550, .T. ) ;
#567 = CARTESIAN_POINT ( 'NONE',  ( 53.24607878360890112, 1013.504763855667079, 7.500000000000000000 ) ) ;
#568 = VECTOR ( 'NONE', #989, 1000.000000000000000 ) ;
#569 = APPLICATION_PROTOCOL_DEFINITION ( 'international standard', 'config_control_design', 1994, #598 ) ;
#570 = ADVANCED_FACE ( 'NONE', ( #1650 ), #1128, .T. ) ;
#571 = CARTESIAN_POINT ( 'NONE',  ( -56.19610759462968019, -14.92660642316933384, 12.42226429100455398 ) ) ;
#572 = EDGE_CURVE ( 'NONE', #1178, #1288, #1779, .T. ) ;
#573 = VERTEX_POINT ( 'NONE', #236 ) ;
#574 = CONICAL_SURFACE ( 'NONE', #1911, 20.00000000000000355, 0.7853981633974456145 ) ;
#575 = CARTESIAN_POINT ( 'NONE',  ( -49.43732304649269338, -11.06152192890253616, 11.50000000000000000 ) ) ;
#576 = ORIENTED_EDGE ( 'NONE', *, *, #1079, .F. ) ;
#577 = DIRECTION ( 'NONE',  ( 0.000000000000000000, 0.000000000000000000, 1.000000000000000000 ) ) ;
#578 = CARTESIAN_POINT ( 'NONE',  ( 108.3196081953728367, 0.000000000000000000, -2.500000000000000444 ) ) ;
#579 = VECTOR ( 'NONE', #909, 1000.000000000000000 ) ;
#580 = VECTOR ( 'NONE', #1806, 1000.000000000000000 ) ;
#581 = DIRECTION ( 'NONE',  ( 0.000000000000000000, 0.000000000000000000, 1.000000000000000000 ) ) ;
#582 = ADVANCED_FACE ( 'NONE', ( #647 ), #54, .T. ) ;
#583 = CARTESIAN_POINT ( 'NONE',  ( 10.59901996007864255, 423.8816894310817815, 7.500000000000000000 ) ) ;
#584 = AXIS2_PLACEMENT_3D ( 'NONE', #671, #1397, #2307 ) ;
#585 = VERTEX_POINT ( 'NONE', #804 ) ;
#586 = CARTESIAN_POINT ( 'NONE',  ( -45.59006792315076950, 3.000000000000000000, 11.50000000000000000 ) ) ;
#587 = EDGE_CURVE ( 'NONE', #1023, #1691, #1257, .T. ) ;
#588 = CARTESIAN_POINT ( 'NONE',  ( -45.59006792315076950, 3.000000000000000000, 7.500000000000000888 ) ) ;
#589 = ORIENTED_EDGE ( 'NONE', *, *, #83, .F. ) ;
#590 = DIRECTION ( 'NONE',  ( 0.000000000000000000, -0.000000000000000000, -1.000000000000000000 ) ) ;
#591 = FACE_OUTER_BOUND ( 'NONE', #2219, .T. ) ;
#592 = VERTEX_POINT ( 'NONE', #273 ) ;
#593 = TOROIDAL_SURFACE ( 'NONE', #176, 2.000000000000002220, 1.000000000000000000 ) ;
#594 = CARTESIAN_POINT ( 'NONE',  ( -64.62199577179541166, -17.25099898847421187, 7.500000000000000000 ) ) ;
#595 = CARTESIAN_POINT ( 'NONE',  ( -45.18041573351722207, 0.02810076154515818436, 11.66876121442357750 ) ) ;
#596 = VERTEX_POINT ( 'NONE', #969 ) ;
#597 = AXIS2_PLACEMENT_3D ( 'NONE', #2271, #463, #1909 ) ;
#598 = APPLICATION_CONTEXT ( 'configuration controlled 3d designs of mechanical parts and assemblies' ) ;
#599 = LINE ( 'NONE', #1009, #358 ) ;
#600 = EDGE_CURVE ( 'NONE', #1804, #2107, #1516, .T. ) ;
#601 = DIRECTION ( 'NONE',  ( -0.000000000000000000, 0.000000000000000000, 1.000000000000000000 ) ) ;
#602 = ORIENTED_EDGE ( 'NONE', *, *, #1665, .F. ) ;
#603 = LINE ( 'NONE', #2233, #2156 ) ;
#604 = CARTESIAN_POINT ( 'NONE',  ( 0.8421072155562251416, 16.06836288574596239, 11.50000000000000000 ) ) ;
#605 = VERTEX_POINT ( 'NONE', #1565 ) ;
#606 = EDGE_CURVE ( 'NONE', #61, #405, #2153, .T. ) ;
#607 = CYLINDRICAL_SURFACE ( 'NONE', #68, 16.50000000000000000 ) ;
#608 = TOROIDAL_SURFACE ( 'NONE', #191, 2.000000000000003553, 1.000000000000000000 ) ;
#609 = DIRECTION ( 'NONE',  ( 0.000000000000000000, 0.000000000000000000, 1.000000000000000000 ) ) ;
#610 = ORIENTED_EDGE ( 'NONE', *, *, #1772, .T. ) ;
#611 = CARTESIAN_POINT ( 'NONE',  ( -72.85351367225811714, -15.81047024906495935, 11.50000000000000000 ) ) ;
#612 = CARTESIAN_POINT ( 'NONE',  ( -53.85503873136794084, -14.37575639365289071, 7.500000000000000888 ) ) ;
#613 = ORIENTED_EDGE ( 'NONE', *, *, #898, .T. ) ;
#614 = CARTESIAN_POINT ( 'NONE',  ( -68.43394264880352296, -15.00639239893341070, 11.83148599391332745 ) ) ;
#615 = EDGE_CURVE ( 'NONE', #937, #1084, #2083, .T. ) ;
#616 = DIRECTION ( 'NONE',  ( -0.000000000000000000, -0.000000000000000000, -1.000000000000000000 ) ) ;
#617 = EDGE_LOOP ( 'NONE', ( #868, #432, #254, #1634 ) ) ;
#618 = EDGE_CURVE ( 'NONE', #2104, #2154, #634, .T. ) ;
#619 = CARTESIAN_POINT ( 'NONE',  ( 0.000000000000000000, 0.000000000000000000, -7.500000000000000000 ) ) ;
#620 = AXIS2_PLACEMENT_3D ( 'NONE', #1274, #1998, #172 ) ;
#621 = AXIS2_PLACEMENT_3D ( 'NONE', #24, #1111, #1462 ) ;
#622 = DIRECTION ( 'NONE',  ( 0.000000000000000000, 0.000000000000000000, 1.000000000000000000 ) ) ;
#623 = ORIENTED_EDGE ( 'NONE', *, *, #496, .T. ) ;
#624 = AXIS2_PLACEMENT_3D ( 'NONE', #1153, #362, #1271 ) ;
#625 = FACE_OUTER_BOUND ( 'NONE', #1525, .T. ) ;
#626 = DIRECTION ( 'NONE',  ( 1.000000000000000000, 0.000000000000000000, 0.000000000000000000 ) ) ;
#627 = ORIENTED_EDGE ( 'NONE', *, *, #518, .T. ) ;
#628 = VECTOR ( 'NONE', #2113, 1000.000000000000000 ) ;
#629 = CARTESIAN_POINT ( 'NONE',  ( -56.55489337949343565, -15.68372614827075218, 11.50000000000000000 ) ) ;
#630 = ORIENTED_EDGE ( 'NONE', *, *, #1225, .T. ) ;
#631 = DIRECTION ( 'NONE',  ( 1.000000000000000000, 0.000000000000000000, 0.000000000000000000 ) ) ;
#632 = ADVANCED_FACE ( 'NONE', ( #1150 ), #249, .T. ) ;
#633 = AXIS2_PLACEMENT_3D ( 'NONE', #2103, #1710, #1199 ) ;
#634 = LINE ( 'NONE', #464, #1813 ) ;
#635 = ORIENTED_EDGE ( 'NONE', *, *, #1028, .T. ) ;
#636 = CARTESIAN_POINT ( 'NONE',  ( -74.33919181671873844, -9.802168037516478805, 12.36993840020067736 ) ) ;
#637 = FACE_OUTER_BOUND ( 'NONE', #1054, .T. ) ;
#638 = CIRCLE ( 'NONE', #1477, 1.000000000000000000 ) ;
#639 = ORIENTED_EDGE ( 'NONE', *, *, #431, .F. ) ;
#640 = CIRCLE ( 'NONE', #1364, 16.50000000000000000 ) ;
#641 = CARTESIAN_POINT ( 'NONE',  ( -70.96555249910856844, -13.47903236469408661, 12.50000000000000000 ) ) ;
#642 = SECURITY_CLASSIFICATION ( '', '', #2028 ) ;
#643 = ORIENTED_EDGE ( 'NONE', *, *, #284, .T. ) ;
#644 = ORGANIZATION ( 'UNSPECIFIED', 'UNSPECIFIED', '' ) ;
#645 = CARTESIAN_POINT ( 'NONE',  ( -63.81728825967685026, 15.35199249414863765, 12.50000000000000000 ) ) ;
#646 = ADVANCED_FACE ( 'NONE', ( #1924 ), #593, .T. ) ;
#647 = FACE_OUTER_BOUND ( 'NONE', #1773, .T. ) ;
#648 = ORIENTED_EDGE ( 'NONE', *, *, #1146, .F. ) ;
#649 = CC_DESIGN_APPROVAL ( #2, ( #299 ) ) ;
#650 = ADVANCED_FACE ( 'NONE', ( #420 ), #1363, .T. ) ;
#651 = ORIENTED_EDGE ( 'NONE', *, *, #1131, .T. ) ;
#652 = CARTESIAN_POINT ( 'NONE',  ( -62.09131544642880129, 16.36244677214879317, 7.500000000000000888 ) ) ;
#653 = CARTESIAN_POINT ( 'NONE',  ( -46.24576256814913933, 5.447085729384788522, 11.50000000000000000 ) ) ;
#654 = CIRCLE ( 'NONE', #696, 3.000000000000002665 ) ;
#655 = ORIENTED_EDGE ( 'NONE', *, *, #2017, .T. ) ;
#656 = CARTESIAN_POINT ( 'NONE',  ( 53.24607878360890112, 1013.504763855667079, 4.999999999999997335 ) ) ;
#657 = ORIENTED_EDGE ( 'NONE', *, *, #255, .T. ) ;
#658 = ORIENTED_EDGE ( 'NONE', *, *, #600, .T. ) ;
#659 = CIRCLE ( 'NONE', #1493, 17.49999999999995381 ) ;
#660 = CARTESIAN_POINT ( 'NONE',  ( -53.85503873136794084, -14.37575639365289071, 7.500000000000000888 ) ) ;
#661 = FACE_BOUND ( 'NONE', #2306, .T. ) ;
#662 = ORIENTED_EDGE ( 'NONE', *, *, #606, .F. ) ;
#663 = LINE ( 'NONE', #703, #1574 ) ;
#664 = CARTESIAN_POINT ( 'NONE',  ( -45.59006792315076950, 3.000000000000000000, 11.50000000000000000 ) ) ;
#665 = VERTEX_POINT ( 'NONE', #1733 ) ;
#666 = AXIS2_PLACEMENT_3D ( 'NONE', #1865, #1876, #1354 ) ;
#667 = CARTESIAN_POINT ( 'NONE',  ( -44.31391091557100737, 5.964723819589806908, 11.50000000000000000 ) ) ;
#668 = DIRECTION ( 'NONE',  ( 1.000000000000000000, 0.000000000000000000, 0.000000000000000000 ) ) ;
#669 = ORIENTED_EDGE ( 'NONE', *, *, #2169, .T. ) ;
#670 = VECTOR ( 'NONE', #2082, 1000.000000000000000 ) ;
#671 = CARTESIAN_POINT ( 'NONE',  ( -61.68039180462715620, 0.000000000000000000, 12.50000000000000000 ) ) ;
#672 = ORIENTED_EDGE ( 'NONE', *, *, #543, .T. ) ;
#673 = ORIENTED_EDGE ( 'NONE', *, *, #1874, .T. ) ;
#674 = CARTESIAN_POINT ( 'NONE',  ( -57.95048130843539269, 15.04452617035174455, 12.50000000000000000 ) ) ;
#675 = LINE ( 'NONE', #338, #1591 ) ;
#676 = AXIS2_PLACEMENT_3D ( 'NONE', #906, #718, #2195 ) ;
#677 = CARTESIAN_POINT ( 'NONE',  ( 53.24607878360890112, 1013.504763855667079, 7.500000000000000000 ) ) ;
#678 = CARTESIAN_POINT ( 'NONE',  ( -61.68039180462715620, 0.000000000000000000, 7.500000000000000000 ) ) ;
#679 = ORIENTED_EDGE ( 'NONE', *, *, #543, .F. ) ;
#680 = AXIS2_PLACEMENT_3D ( 'NONE', #1873, #609, #2066 ) ;
#681 = DIRECTION ( 'NONE',  ( -0.2588190451025113581, 0.9659258262890709767, 0.000000000000000000 ) ) ;
#682 = CARTESIAN_POINT ( 'NONE',  ( 113.3196081953728509, 0.000000000000000000, -2.500000000000000444 ) ) ;
#683 = VERTEX_POINT ( 'NONE', #91 ) ;
#684 = EDGE_CURVE ( 'NONE', #1384, #592, #2091, .T. ) ;
#685 = ORIENTED_EDGE ( 'NONE', *, *, #1383, .F. ) ;
#686 = ORIENTED_EDGE ( 'NONE', *, *, #699, .T. ) ;
#687 = CIRCLE ( 'NONE', #448, 3.000000000000002665 ) ;
#688 = DIRECTION ( 'NONE',  ( 1.000000000000000000, 0.000000000000000000, 0.000000000000000000 ) ) ;
#689 = ADVANCED_FACE ( 'NONE', ( #430 ), #991, .T. ) ;
#690 = DIRECTION ( 'NONE',  ( 0.000000000000000000, 0.000000000000000000, 1.000000000000000000 ) ) ;
#691 = CARTESIAN_POINT ( 'NONE',  ( -75.01263563972018744, -9.721176591422658220, 7.500000000000000888 ) ) ;
#692 = CARTESIAN_POINT ( 'NONE',  ( -42.59006792315076950, 3.000000000000000000, 7.500000000000000888 ) ) ;
#693 = EDGE_LOOP ( 'NONE', ( #2255, #884, #369, #294 ) ) ;
#694 = CYLINDRICAL_SURFACE ( 'NONE', #2145, 5.000000000000004441 ) ;
#695 = B_SPLINE_CURVE_WITH_KNOTS ( 'NONE', 3,
 ( #1624, #876, #1422, #1601, #1247, #1762, #309, #1091, #1444, #2358 ),
 .UNSPECIFIED., .F., .F.,
 ( 4, 2, 2, 2, 4 ),
 ( 0.000000000000000000, 0.0004980977809551386361, 0.0009961955619102772722, 0.001494293342865416017, 0.001992391123820554544 ),
 .UNSPECIFIED. ) ;
#696 = AXIS2_PLACEMENT_3D ( 'NONE', #1886, #260, #1720 ) ;
#697 = EDGE_LOOP ( 'NONE', ( #657, #1039, #2172, #1652 ) ) ;
#698 = EDGE_CURVE ( 'NONE', #2107, #126, #289, .T. ) ;
#699 = EDGE_CURVE ( 'NONE', #58, #1819, #979, .T. ) ;
#700 = FACE_OUTER_BOUND ( 'NONE', #455, .T. ) ;
#701 = EDGE_CURVE ( 'NONE', #1487, #1014, #750, .T. ) ;
#702 = DIRECTION ( 'NONE',  ( 0.000000000000000000, 0.000000000000000000, 1.000000000000000000 ) ) ;
#703 = CARTESIAN_POINT ( 'NONE',  ( -78.18039180462716331, 0.000000000000000000, 12.50000000000000000 ) ) ;
#704 = CARTESIAN_POINT ( 'NONE',  ( -43.65821627057263754, 3.517638090205065016, 11.50000000000000000 ) ) ;
#705 = VERTEX_POINT ( 'NONE', #2299 ) ;
#706 = DIRECTION ( 'NONE',  ( -0.9335804264971985234, 0.3583679495453087616, 0.000000000000000000 ) ) ;
#707 = VECTOR ( 'NONE', #175, 1000.000000000000000 ) ;
#708 = VERTEX_POINT ( 'NONE', #2339 ) ;
#709 = CIRCLE ( 'NONE', #739, 2.000000000000001776 ) ;
#710 = CARTESIAN_POINT ( 'NONE',  ( -65.04222490996231443, -19.71542741539915511, -5.000000000000441425 ) ) ;
#711 = VECTOR ( 'NONE', #1181, 1000.000000000000000 ) ;
#712 = DIRECTION ( 'NONE',  ( 0.000000000000000000, 0.000000000000000000, 1.000000000000000000 ) ) ;
#713 = CARTESIAN_POINT ( 'NONE',  ( -61.68039180462715620, 0.000000000000000000, 12.50000000000000000 ) ) ;
#714 = ORIENTED_EDGE ( 'NONE', *, *, #1076, .F. ) ;
#715 = CARTESIAN_POINT ( 'NONE',  ( -65.08344303553997179, 16.14525448296751620, 7.500000000000000888 ) ) ;
#716 = ORIENTED_EDGE ( 'NONE', *, *, #2078, .T. ) ;
#717 = EDGE_CURVE ( 'NONE', #708, #1985, #2128, .T. ) ;
#718 = DIRECTION ( 'NONE',  ( 0.000000000000000000, 0.000000000000000000, -1.000000000000000000 ) ) ;
#719 = CARTESIAN_POINT ( 'NONE',  ( -47.37694298443796725, 8.225652062191089797, 7.500000000000000888 ) ) ;
#720 = CARTESIAN_POINT ( 'NONE',  ( -48.73034269092879356, -12.99596265175504506, 11.50000000000000000 ) ) ;
#721 = DIRECTION ( 'NONE',  ( -0.000000000000000000, 0.000000000000000000, 1.000000000000000000 ) ) ;
#722 = PERSON_AND_ORGANIZATION_ROLE ( 'design_supplier' ) ;
#723 = ORIENTED_EDGE ( 'NONE', *, *, #1400, .F. ) ;
#724 = DIRECTION ( 'NONE',  ( 1.000000000000000000, 0.000000000000000000, 0.000000000000000000 ) ) ;
#725 = EDGE_CURVE ( 'NONE', #705, #117, #2323, .T. ) ;
#726 = ORIENTED_EDGE ( 'NONE', *, *, #1186, .T. ) ;
#727 = DIRECTION ( 'NONE',  ( -0.000000000000000000, -0.000000000000000000, 1.000000000000000000 ) ) ;
#728 = EDGE_CURVE ( 'NONE', #117, #401, #675, .T. ) ;
#729 = ORIENTED_EDGE ( 'NONE', *, *, #404, .T. ) ;
#730 = CARTESIAN_POINT ( 'NONE',  ( -78.18039180462716331, 0.000000000000000000, 7.500000000000000000 ) ) ;
#731 = CARTESIAN_POINT ( 'NONE',  ( 10.59901996007864255, 423.8816894310817815, 4.999999999999997335 ) ) ;
#732 = CARTESIAN_POINT ( 'NONE',  ( -68.97528103863741933, -13.67605904723737176, 12.50000000000000000 ) ) ;
#733 = CARTESIAN_POINT ( 'NONE',  ( -42.69229044428357156, 3.776457135307583091, 7.500000000000000888 ) ) ;
#734 = DIRECTION ( 'NONE',  ( 0.8386705679454303786, 0.5446390350150174253, -0.000000000000000000 ) ) ;
#735 = ORIENTED_EDGE ( 'NONE', *, *, #921, .F. ) ;
#736 = CARTESIAN_POINT ( 'NONE',  ( -49.69013259184525566, -11.05974398380242896, 12.10368025391364810 ) ) ;
#737 = DIRECTION ( 'NONE',  ( 0.000000000000000000, 0.000000000000000000, 1.000000000000000000 ) ) ;
#738 = DIRECTION ( 'NONE',  ( -1.000000000000000000, 0.000000000000000000, 0.000000000000000000 ) ) ;
#739 = AXIS2_PLACEMENT_3D ( 'NONE', #278, #1341, #1163 ) ;
#740 = CARTESIAN_POINT ( 'NONE',  ( -59.42693159701468630, 19.87264242854249119, 7.500000000000000000 ) ) ;
#741 = CARTESIAN_POINT ( 'NONE',  ( -78.32825387961021590, 7.747339998106251180, 12.50000000000000000 ) ) ;
#742 = CIRCLE ( 'NONE', #2164, 2.000000000000001776 ) ;
#743 = DATE_AND_TIME ( #1272, #26 ) ;
#744 = DIRECTION ( 'NONE',  ( 1.000000000000000000, 0.000000000000000000, 0.000000000000000000 ) ) ;
#745 = ORIENTED_EDGE ( 'NONE', *, *, #500, .T. ) ;
#746 = FACE_OUTER_BOUND ( 'NONE', #1151, .T. ) ;
#747 = CARTESIAN_POINT ( 'NONE',  ( 108.3196081953728367, 0.000000000000000000, 7.500000000000000000 ) ) ;
#748 = EDGE_CURVE ( 'NONE', #352, #1448, #116, .T. ) ;
#749 = CLOSED_SHELL ( 'NONE', ( #1256, #1716, #1944, #1120, #2022, #1117, #809, #1000, #650, #972, #1480, #1914, #689, #1901, #326, #926, #1359, #756, #2272, #2373, #1045, #1365, #1174, #938, #1766, #1424, #1436, #2013, #2242, #269, #89, #442, #2033, #1450, #2027, #1566, #1255, #152, #1223, #1281, #764, #2146, #2063, #632, #762, #1346, #556, #1685, #66, #1782, #566, #1179, #1051, #1136, #118, #2019, #871, #1036, #752, #220, #1698, #1815, #1726, #2111, #2203, #346, #330, #1712, #1614, #1268, #1491, #2096, #646, #875, #247, #582, #570 ) ) ;
#750 = CIRCLE ( 'NONE', #2278, 16.50000000000000000 ) ;
#751 = CARTESIAN_POINT ( 'NONE',  ( -45.59006792315076950, 3.000000000000000000, 11.50000000000000000 ) ) ;
#752 = ADVANCED_FACE ( 'NONE', ( #1947 ), #1017, .T. ) ;
#753 = EDGE_CURVE ( 'NONE', #592, #1353, #2134, .T. ) ;
#754 = AXIS2_PLACEMENT_3D ( 'NONE', #2031, #2228, #1686 ) ;
#755 = CARTESIAN_POINT ( 'NONE',  ( -77.36898581851924916, 4.665462514913759406, 7.500000000000000888 ) ) ;
#756 = ADVANCED_FACE ( 'NONE', ( #661, #851 ), #1959, .T. ) ;
#757 = AXIS2_PLACEMENT_3D ( 'NONE', #1466, #1869, #210 ) ;
#758 = CARTESIAN_POINT ( 'NONE',  ( -70.96555249910856844, -13.47903236469408661, 7.500000000000000888 ) ) ;
#759 = ORIENTED_EDGE ( 'NONE', *, *, #296, .T. ) ;
#760 = CARTESIAN_POINT ( 'NONE',  ( -61.68039180462715620, 0.000000000000000000, 7.500000000000000000 ) ) ;
#761 = DIRECTION ( 'NONE',  ( 0.000000000000000000, -0.000000000000000000, -1.000000000000000000 ) ) ;
#762 = ADVANCED_FACE ( 'NONE', ( #523 ), #1423, .T. ) ;
#763 = CARTESIAN_POINT ( 'NONE',  ( -78.78220027556167793, 6.564769206055958151, 11.50000000000000000 ) ) ;
#764 = ADVANCED_FACE ( 'NONE', ( #865 ), #349, .T. ) ;
#765 = FACE_OUTER_BOUND ( 'NONE', #161, .T. ) ;
#766 = VECTOR ( 'NONE', #930, 1000.000000000000000 ) ;
#767 = DIRECTION ( 'NONE',  ( 1.000000000000000000, 0.000000000000000000, 0.000000000000000000 ) ) ;
#768 = EDGE_CURVE ( 'NONE', #2021, #295, #1930, .T. ) ;
#769 = CARTESIAN_POINT ( 'NONE',  ( -65.04222490996231443, -19.71542741539915511, 4.999999999999997335 ) ) ;
#770 = ORIENTED_EDGE ( 'NONE', *, *, #967, .T. ) ;
#771 = AXIS2_PLACEMENT_3D ( 'NONE', #1343, #2072, #436 ) ;
#772 = LINE ( 'NONE', #1653, #924 ) ;
#773 = DIRECTION ( 'NONE',  ( 0.000000000000000000, 0.000000000000000000, 1.000000000000000000 ) ) ;
#774 = VERTEX_POINT ( 'NONE', #1057 ) ;
#775 = DIRECTION ( 'NONE',  ( 0.000000000000000000, 0.000000000000000000, 1.000000000000000000 ) ) ;
#776 = CARTESIAN_POINT ( 'NONE',  ( -79.23614667151363733, 5.382198414004400355, 11.50000000000000000 ) ) ;
#777 = ORIENTED_EDGE ( 'NONE', *, *, #2143, .T. ) ;
#778 = CIRCLE ( 'NONE', #164, 15.00000000000000000 ) ;
#779 = CARTESIAN_POINT ( 'NONE',  ( -61.93430757769991857, 19.35833537641250857, 11.50000000000000000 ) ) ;
#780 = DIRECTION ( 'NONE',  ( 0.000000000000000000, 0.000000000000000000, -1.000000000000000000 ) ) ;
#781 = AXIS2_PLACEMENT_3D ( 'NONE', #1724, #985, #1702 ) ;
#782 = AXIS2_PLACEMENT_3D ( 'NONE', #2178, #545, #2359 ) ;
#783 = ORIENTED_EDGE ( 'NONE', *, *, #2288, .T. ) ;
#784 = CARTESIAN_POINT ( 'NONE',  ( -80.16972709801083852, 5.740566363549720386, 7.500000000000000888 ) ) ;
#785 = DIRECTION ( 'NONE',  ( 1.000000000000000000, 0.000000000000000000, 0.000000000000000000 ) ) ;
#786 = ORIENTED_EDGE ( 'NONE', *, *, #166, .T. ) ;
#787 = DIRECTION ( 'NONE',  ( -0.9986295347545731671, 0.05233595624295869081, 0.000000000000000000 ) ) ;
#788 = CC_DESIGN_PERSON_AND_ORGANIZATION_ASSIGNMENT ( #1263, #722, ( #299 ) ) ;
#789 = FACE_OUTER_BOUND ( 'NONE', #873, .T. ) ;
#790 = ORIENTED_EDGE ( 'NONE', *, *, #956, .T. ) ;
#791 = AXIS2_PLACEMENT_3D ( 'NONE', #887, #712, #2168 ) ;
#792 = CARTESIAN_POINT ( 'NONE',  ( -46.18039180462715620, 0.000000000000000000, 12.50000000000000000 ) ) ;
#793 = DIRECTION ( 'NONE',  ( 0.000000000000000000, 0.000000000000000000, -1.000000000000000000 ) ) ;
#794 = ORIENTED_EDGE ( 'NONE', *, *, #469, .T. ) ;
#795 = EDGE_CURVE ( 'NONE', #2229, #2174, #17, .T. ) ;
#796 = CARTESIAN_POINT ( 'NONE',  ( -74.18170108668387286, -9.828439288238522309, 12.42226429100454332 ) ) ;
#797 = DIRECTION ( 'NONE',  ( 1.000000000000000000, 0.000000000000000000, 0.000000000000000000 ) ) ;
#798 = ORIENTED_EDGE ( 'NONE', *, *, #2147, .F. ) ;
#799 = CARTESIAN_POINT ( 'NONE',  ( 108.3196081953728367, 0.000000000000000000, -2.500000000000000444 ) ) ;
#800 = EDGE_CURVE ( 'NONE', #2295, #1353, #554, .T. ) ;
#801 = DIRECTION ( 'NONE',  ( 0.000000000000000000, 0.000000000000000000, 1.000000000000000000 ) ) ;
#802 = ORIENTED_EDGE ( 'NONE', *, *, #1307, .T. ) ;
#803 = FACE_OUTER_BOUND ( 'NONE', #890, .T. ) ;
#804 = CARTESIAN_POINT ( 'NONE',  ( -47.37694298443796725, 8.225652062191089797, 11.50000000000000000 ) ) ;
#805 = ORIENTED_EDGE ( 'NONE', *, *, #768, .F. ) ;
#806 = CARTESIAN_POINT ( 'NONE',  ( -65.08344303553997179, 16.14525448296751975, 11.66876012631442094 ) ) ;
#807 = CARTESIAN_POINT ( 'NONE',  ( 107.5057136720462978, 14.97790291412315966, 7.500000000000000000 ) ) ;
#808 = ORIENTED_EDGE ( 'NONE', *, *, #2090, .T. ) ;
#809 = ADVANCED_FACE ( 'NONE', ( #1604 ), #512, .T. ) ;
#810 = CARTESIAN_POINT ( 'NONE',  ( -72.93438151286063942, -11.88470606526655793, 11.50000000000000000 ) ) ;
#811 = ORIENTED_EDGE ( 'NONE', *, *, #2269, .T. ) ;
#812 = CARTESIAN_POINT ( 'NONE',  ( -57.20078342617996014, 15.37077333806171531, 12.36994125422454438 ) ) ;
#813 = AXIS2_PLACEMENT_3D ( 'NONE', #1458, #1097, #724 ) ;
#814 = AXIS2_PLACEMENT_3D ( 'NONE', #104, #1031, #1692 ) ;
#815 = CARTESIAN_POINT ( 'NONE',  ( -61.68039180462715620, 0.000000000000000000, -17.50000000000000000 ) ) ;
#816 = ORIENTED_EDGE ( 'NONE', *, *, #1967, .T. ) ;
#817 = CIRCLE ( 'NONE', #2352, 12.49999999999995559 ) ;
#818 = DIRECTION ( 'NONE',  ( -1.000000000000000000, 0.000000000000000000, 0.000000000000000000 ) ) ;
#819 = DIRECTION ( 'NONE',  ( -0.000000000000000000, -0.000000000000000000, 1.000000000000000000 ) ) ;
#820 = ORIENTED_EDGE ( 'NONE', *, *, #935, .T. ) ;
#821 = AXIS2_PLACEMENT_3D ( 'NONE', #1668, #1324, #2212 ) ;
#822 = FACE_OUTER_BOUND ( 'NONE', #2251, .T. ) ;
#823 = EDGE_CURVE ( 'NONE', #1819, #173, #1893, .T. ) ;
#824 = ORIENTED_EDGE ( 'NONE', *, *, #1860, .F. ) ;
#825 = PLANE ( 'NONE',  #1336 ) ;
#826 = EDGE_CURVE ( 'NONE', #1385, #58, #869, .T. ) ;
#827 = CARTESIAN_POINT ( 'NONE',  ( 0.8421072155562251416, 16.06836288574596239, 7.500000000000000888 ) ) ;
#828 = VERTEX_POINT ( 'NONE', #899 ) ;
#829 = DIRECTION ( 'NONE',  ( -0.000000000000000000, 0.000000000000000000, 1.000000000000000000 ) ) ;
#830 = DIRECTION ( 'NONE',  ( 0.000000000000000000, 0.000000000000000000, 1.000000000000000000 ) ) ;
#831 = AXIS2_PLACEMENT_3D ( 'NONE', #1472, #2372, #2240 ) ;
#832 = EDGE_LOOP ( 'NONE', ( #1929, #1621, #2270, #1840 ) ) ;
#833 = CIRCLE ( 'NONE', #1553, 1.000000000000001776 ) ;
#834 = CARTESIAN_POINT ( 'NONE',  ( -53.85503873136794084, -14.37575639365289071, 12.50000000000000000 ) ) ;
#835 = ORIENTED_EDGE ( 'NONE', *, *, #1349, .F. ) ;
#836 = ORIENTED_EDGE ( 'NONE', *, *, #699, .F. ) ;
#837 = CIRCLE ( 'NONE', #1560, 2.000000000000001776 ) ;
#838 = DIRECTION ( 'NONE',  ( -0.9986295347545730561, 0.05233595624295869081, 0.000000000000000000 ) ) ;
#839 = CARTESIAN_POINT ( 'NONE',  ( -46.11780108130237466, 0.9708970541598934689, 12.49999999999999645 ) ) ;
#840 = LOCAL_TIME ( 18, 24, 48.00000000000000000, #932 ) ;
#841 = CARTESIAN_POINT ( 'NONE',  ( 120.8196081953732914, 0.000000000000000000, -7.500000000000000000 ) ) ;
#842 = EDGE_CURVE ( 'NONE', #421, #401, #2201, .T. ) ;
#843 = ORIENTED_EDGE ( 'NONE', *, *, #2159, .F. ) ;
#844 = CARTESIAN_POINT ( 'NONE',  ( -61.68039180462715620, 0.000000000000000000, -7.500000000000000000 ) ) ;
#845 = DIRECTION ( 'NONE',  ( 0.000000000000000000, -0.000000000000000000, -1.000000000000000000 ) ) ;
#846 = VERTEX_POINT ( 'NONE', #527 ) ;
#847 = CARTESIAN_POINT ( 'NONE',  ( -56.68039180462715620, 0.000000000000000000, -17.50000000000000000 ) ) ;
#848 = ORIENTED_EDGE ( 'NONE', *, *, #1028, .F. ) ;
#849 = ORIENTED_EDGE ( 'NONE', *, *, #40, .F. ) ;
#850 = DIRECTION ( 'NONE',  ( -0.9986295347545730561, 0.05233595624296029369, 0.000000000000000000 ) ) ;
#851 = FACE_OUTER_BOUND ( 'NONE', #1677, .T. ) ;
#852 = CARTESIAN_POINT ( 'NONE',  ( -68.69488776310618050, -14.27157311079299262, 12.42226429100454510 ) ) ;
#853 = EDGE_CURVE ( 'NONE', #596, #2295, #2354, .T. ) ;
#854 = CARTESIAN_POINT ( 'NONE',  ( -76.94134162413159572, 2.711717279985081497, 12.50000000000000000 ) ) ;
#855 = ORIENTED_EDGE ( 'NONE', *, *, #2211, .F. ) ;
#856 = CARTESIAN_POINT ( 'NONE',  ( 0.000000000000000000, 0.000000000000000000, 7.500000000000000888 ) ) ;
#857 = CARTESIAN_POINT ( 'NONE',  ( -55.85500217288211644, -14.36366372616531883, 12.50000000000000000 ) ) ;
#858 = VERTEX_POINT ( 'NONE', #1987 ) ;
#859 = TOROIDAL_SURFACE ( 'NONE', #1464, 15.50000000000000000, 1.000000000000000000 ) ;
#860 = CIRCLE ( 'NONE', #1965, 1.000000000000000888 ) ;
#861 = CC_DESIGN_DATE_AND_TIME_ASSIGNMENT ( #1483, #388, ( #642 ) ) ;
#862 = VERTEX_POINT ( 'NONE', #1085 ) ;
#863 = ORIENTED_EDGE ( 'NONE', *, *, #440, .F. ) ;
#864 = DIRECTION ( 'NONE',  ( -0.000000000000000000, -0.000000000000000000, -1.000000000000000000 ) ) ;
#865 = FACE_OUTER_BOUND ( 'NONE', #2180, .T. ) ;
#866 = DIRECTION ( 'NONE',  ( 0.000000000000000000, 0.000000000000000000, 1.000000000000000000 ) ) ;
#867 =( NAMED_UNIT ( * ) PLANE_ANGLE_UNIT ( ) SI_UNIT ( $, .RADIAN. ) );
#868 = ORIENTED_EDGE ( 'NONE', *, *, #1645, .T. ) ;
#869 = CIRCLE ( 'NONE', #791, 15.50000000000000000 ) ;
#870 = CARTESIAN_POINT ( 'NONE',  ( -47.71734436244851452, 6.940473848300459103, 12.49999999999999645 ) ) ;
#871 = ADVANCED_FACE ( 'NONE', ( #549 ), #1511, .T. ) ;
#872 = ORIENTED_EDGE ( 'NONE', *, *, #262, .T. ) ;
#873 = EDGE_LOOP ( 'NONE', ( #1890, #729, #1905, #271 ) ) ;
#874 = AXIS2_PLACEMENT_3D ( 'NONE', #660, #439, #272 ) ;
#875 = ADVANCED_FACE ( 'NONE', ( #183 ), #1620, .F. ) ;
#876 = CARTESIAN_POINT ( 'NONE',  ( -78.08704195097763545, 1.752663965298818960, 11.66876012631442627 ) ) ;
#877 = AXIS2_PLACEMENT_3D ( 'NONE', #1494, #378, #767 ) ;
#878 = DIRECTION ( 'NONE',  ( 1.000000000000000000, 0.000000000000000000, 0.000000000000000000 ) ) ;
#879 = DIRECTION ( 'NONE',  ( -0.000000000000000000, -0.000000000000000000, -1.000000000000000000 ) ) ;
#880 = CARTESIAN_POINT ( 'NONE',  ( 10.59901996007864255, 423.8816894310817815, -5.000000000000441425 ) ) ;
#881 = VERTEX_POINT ( 'NONE', #903 ) ;
#882 = CARTESIAN_POINT ( 'NONE',  ( -47.37694298443796725, 8.225652062191089797, 11.66876121442357750 ) ) ;
#883 = CONICAL_SURFACE ( 'NONE', #2020, 15.00000000000000000, 0.7853981633974458365 ) ;
#884 = ORIENTED_EDGE ( 'NONE', *, *, #1611, .F. ) ;
#885 = EDGE_CURVE ( 'NONE', #1529, #1264, #778, .T. ) ;
#886 = CARTESIAN_POINT ( 'NONE',  ( -59.56137782913938139, 16.22985835990198211, 11.50000000000000000 ) ) ;
#887 = CARTESIAN_POINT ( 'NONE',  ( -61.68039180462715620, 0.000000000000000000, 12.50000000000000000 ) ) ;
#888 = FACE_OUTER_BOUND ( 'NONE', #112, .T. ) ;
#889 = CYLINDRICAL_SURFACE ( 'NONE', #147, 16.50000000000000000 ) ;
#890 = EDGE_LOOP ( 'NONE', ( #359, #1246, #1027, #843 ) ) ;
#891 = DIRECTION ( 'NONE',  ( 0.000000000000000000, 0.000000000000000000, 1.000000000000000000 ) ) ;
#892 = AXIS2_PLACEMENT_3D ( 'NONE', #2199, #180, #1093 ) ;
#893 = AXIS2_PLACEMENT_3D ( 'NONE', #1989, #195, #174 ) ;
#894 = VERTEX_POINT ( 'NONE', #733 ) ;
#895 = CARTESIAN_POINT ( 'NONE',  ( -57.95048130843539269, 15.04452617035174455, 12.50000000000000000 ) ) ;
#896 = CIRCLE ( 'NONE', #433, 1002.500000000000000 ) ;
#897 = CARTESIAN_POINT ( 'NONE',  ( -64.62199577179541166, -17.25099898847421187, 7.500000000000000000 ) ) ;
#898 = EDGE_CURVE ( 'NONE', #125, #573, #77, .T. ) ;
#899 = CARTESIAN_POINT ( 'NONE',  ( -56.56137782913938139, 16.22985835990198211, 11.50000000000000000 ) ) ;
#900 = CARTESIAN_POINT ( 'NONE',  ( -53.85503873136794084, -14.37575639365289071, 11.50000000000000000 ) ) ;
#901 = COORDINATED_UNIVERSAL_TIME_OFFSET ( 5, 30, .AHEAD. ) ;
#902 = ORIENTED_EDGE ( 'NONE', *, *, #1977, .F. ) ;
#903 = CARTESIAN_POINT ( 'NONE',  ( -59.42693159701468630, 19.87264242854249119, 4.999999999999997335 ) ) ;
#904 = ORIENTED_EDGE ( 'NONE', *, *, #1870, .F. ) ;
#905 = LINE ( 'NONE', #2366, #1425 ) ;
#906 = CARTESIAN_POINT ( 'NONE',  ( 108.3196081953728367, 0.000000000000000000, 4.999999999999997335 ) ) ;
#907 = ORIENTED_EDGE ( 'NONE', *, *, #150, .T. ) ;
#908 = CARTESIAN_POINT ( 'NONE',  ( -78.18039180462716331, 0.000000000000000000, 11.50000000000000000 ) ) ;
#909 = DIRECTION ( 'NONE',  ( -0.000000000000000000, -0.000000000000000000, 1.000000000000000000 ) ) ;
#910 = CARTESIAN_POINT ( 'NONE',  ( -61.68039180462715620, 0.000000000000000000, 11.50000000000000000 ) ) ;
#911 = APPROVAL_DATE_TIME ( #1827, #1454 ) ;
#912 = PLANE ( 'NONE',  #1995 ) ;
#913 = CARTESIAN_POINT ( 'NONE',  ( -51.73034269092880066, -12.99596265175504506, 11.50000000000000000 ) ) ;
#914 = ORIENTED_EDGE ( 'NONE', *, *, #427, .F. ) ;
#915 = CARTESIAN_POINT ( 'NONE',  ( -50.59960174379583009, -11.11294686023935085, 12.48730452859748219 ) ) ;
#916 = FACE_OUTER_BOUND ( 'NONE', #519, .T. ) ;
#917 = LINE ( 'NONE', #1304, #2009 ) ;
#918 = DIRECTION ( 'NONE',  ( 0.000000000000000000, -0.000000000000000000, -1.000000000000000000 ) ) ;
#919 = CYLINDRICAL_SURFACE ( 'NONE', #386, 1000.000000000000000 ) ;
#920 = DIRECTION ( 'NONE',  ( -0.5446390350150182025, 0.8386705679454299345, 0.000000000000000000 ) ) ;
#921 = EDGE_CURVE ( 'NONE', #2024, #828, #2068, .T. ) ;
#922 = ORIENTED_EDGE ( 'NONE', *, *, #1887, .T. ) ;
#923 = CARTESIAN_POINT ( 'NONE',  ( -49.49542725143601984, -11.06023879450240699, 11.83148804205155180 ) ) ;
#924 = VECTOR ( 'NONE', #2208, 999.9999999999998863 ) ;
#925 = CYLINDRICAL_SURFACE ( 'NONE', #1728, 1.000000000000000888 ) ;
#926 = ADVANCED_FACE ( 'NONE', ( #537 ), #912, .T. ) ;
#927 = CC_DESIGN_PERSON_AND_ORGANIZATION_ASSIGNMENT ( #1639, #944, ( #2202 ) ) ;
#928 = CARTESIAN_POINT ( 'NONE',  ( -79.04446277881896776, 2.176933440238353334, 7.500000000000000888 ) ) ;
#929 = VECTOR ( 'NONE', #376, 1000.000000000000000 ) ;
#930 = DIRECTION ( 'NONE',  ( 0.000000000000000000, 0.000000000000000000, 1.000000000000000000 ) ) ;
#931 = CIRCLE ( 'NONE', #323, 3.000000000000002665 ) ;
#932 = COORDINATED_UNIVERSAL_TIME_OFFSET ( 5, 30, .AHEAD. ) ;
#933 = DIRECTION ( 'NONE',  ( -0.000000000000000000, -0.000000000000000000, -1.000000000000000000 ) ) ;
#934 = ORIENTED_EDGE ( 'NONE', *, *, #728, .T. ) ;
#935 = EDGE_CURVE ( 'NONE', #1583, #222, #395, .T. ) ;
#936 = DIRECTION ( 'NONE',  ( 0.000000000000000000, 0.000000000000000000, 1.000000000000000000 ) ) ;
#937 = VERTEX_POINT ( 'NONE', #552 ) ;
#938 = ADVANCED_FACE ( 'NONE', ( #1854 ), #1289, .T. ) ;
#939 = VECTOR ( 'NONE', #1236, 1000.000000000000000 ) ;
#940 = LINE ( 'NONE', #565, #1282 ) ;
#941 = EDGE_CURVE ( 'NONE', #881, #1855, #2035, .T. ) ;
#942 = AXIS2_PLACEMENT_3D ( 'NONE', #758, #398, #410 ) ;
#943 = LINE ( 'NONE', #224, #1679 ) ;
#944 = PERSON_AND_ORGANIZATION_ROLE ( 'design_owner' ) ;
#945 = CARTESIAN_POINT ( 'NONE',  ( -61.68039180462715620, 0.000000000000000000, 12.50000000000000000 ) ) ;
#946 = ORIENTED_EDGE ( 'NONE', *, *, #1520, .F. ) ;
#947 = AXIS2_PLACEMENT_3D ( 'NONE', #1618, #2331, #287 ) ;
#948 = LINE ( 'NONE', #1676, #1499 ) ;
#949 = ORIENTED_EDGE ( 'NONE', *, *, #698, .T. ) ;
#950 = FACE_OUTER_BOUND ( 'NONE', #1740, .T. ) ;
#951 = DIRECTION ( 'NONE',  ( 0.000000000000000000, -0.000000000000000000, -1.000000000000000000 ) ) ;
#952 = ORIENTED_EDGE ( 'NONE', *, *, #469, .F. ) ;
#953 = LINE ( 'NONE', #1492, #267 ) ;
#954 = AXIS2_PLACEMENT_3D ( 'NONE', #1074, #1035, #1585 ) ;
#955 = FACE_OUTER_BOUND ( 'NONE', #215, .T. ) ;
#956 = EDGE_CURVE ( 'NONE', #774, #1290, #276, .T. ) ;
#957 = ORIENTED_EDGE ( 'NONE', *, *, #1440, .T. ) ;
#958 = CIRCLE ( 'NONE', #771, 15.50000000000000000 ) ;
#959 = CARTESIAN_POINT ( 'NONE',  ( 0.000000000000000000, 0.000000000000000000, 7.500000000000000888 ) ) ;
#960 = FACE_OUTER_BOUND ( 'NONE', #1061, .T. ) ;
#961 = ORIENTED_EDGE ( 'NONE', *, *, #136, .T. ) ;
#962 = PLANE ( 'NONE',  #462 ) ;
#963 = CARTESIAN_POINT ( 'NONE',  ( 108.3196081953728367, 0.000000000000000000, 7.500000000000000000 ) ) ;
#964 = ORIENTED_EDGE ( 'NONE', *, *, #150, .F. ) ;
#965 = VECTOR ( 'NONE', #2175, 1000.000000000000000 ) ;
#966 = CARTESIAN_POINT ( 'NONE',  ( -38.88833497356155533, -10.42009795115670556, 7.500000000000000888 ) ) ;
#967 = EDGE_CURVE ( 'NONE', #1288, #61, #1533, .T. ) ;
#968 = AXIS2_PLACEMENT_3D ( 'NONE', #1877, #1510, #1355 ) ;
#969 = CARTESIAN_POINT ( 'NONE',  ( -65.08344303553997179, 16.14525448296751620, 7.500000000000000888 ) ) ;
#970 = VECTOR ( 'NONE', #491, 1000.000000000000000 ) ;
#971 = EDGE_CURVE ( 'NONE', #937, #858, #1301, .T. ) ;
#972 = ADVANCED_FACE ( 'NONE', ( #746 ), #1198, .T. ) ;
#973 = ORIENTED_EDGE ( 'NONE', *, *, #1771, .F. ) ;
#974 = CARTESIAN_POINT ( 'NONE',  ( -74.95471635027664092, -9.725973971403018226, 11.83148599391331857 ) ) ;
#975 = ORIENTED_EDGE ( 'NONE', *, *, #1874, .F. ) ;
#976 = CYLINDRICAL_SURFACE ( 'NONE', #1081, 1.000000000000002887 ) ;
#977 = CARTESIAN_POINT ( 'NONE',  ( -45.18041573351722207, 0.02810076154515818783, 7.500000000000000888 ) ) ;
#978 = ORIENTED_EDGE ( 'NONE', *, *, #84, .F. ) ;
#979 = CIRCLE ( 'NONE', #1776, 2.000000000000001776 ) ;
#980 = CARTESIAN_POINT ( 'NONE',  ( -57.64061954806458488, 15.16448932228944457, 12.48730452859747686 ) ) ;
#981 = CARTESIAN_POINT ( 'NONE',  ( -45.67764254388321632, 0.4894694393740054439, 12.36994125422456925 ) ) ;
#982 = AXIS2_PLACEMENT_3D ( 'NONE', #1196, #1922, #283 ) ;
#983 = ORIENTED_EDGE ( 'NONE', *, *, #2133, .F. ) ;
#984 = CARTESIAN_POINT ( 'NONE',  ( -74.62856351100293750, -9.760879709391970138, 12.21125264017294398 ) ) ;
#985 = DIRECTION ( 'NONE',  ( 0.000000000000000000, 0.000000000000000000, 1.000000000000000000 ) ) ;
#986 = ORIENTED_EDGE ( 'NONE', *, *, #2093, .T. ) ;
#987 = FACE_OUTER_BOUND ( 'NONE', #697, .T. ) ;
#988 = ORIENTED_EDGE ( 'NONE', *, *, #1612, .T. ) ;
#989 = DIRECTION ( 'NONE',  ( 0.000000000000000000, 0.000000000000000000, 1.000000000000000000 ) ) ;
#990 = AXIS2_PLACEMENT_3D ( 'NONE', #2109, #1204, #291 ) ;
#991 = CYLINDRICAL_SURFACE ( 'NONE', #333, 16.50000000000000000 ) ;
#992 = ORIENTED_EDGE ( 'NONE', *, *, #1917, .T. ) ;
#993 = DIRECTION ( 'NONE',  ( -0.000000000000000000, -0.000000000000000000, -1.000000000000000000 ) ) ;
#994 = EDGE_CURVE ( 'NONE', #1474, #1852, #905, .T. ) ;
#995 = DIRECTION ( 'NONE',  ( -1.000000000000000000, 0.000000000000000000, 0.000000000000000000 ) ) ;
#996 = ORIENTED_EDGE ( 'NONE', *, *, #2348, .T. ) ;
#997 = EDGE_CURVE ( 'NONE', #708, #573, #948, .T. ) ;
#998 = CARTESIAN_POINT ( 'NONE',  ( -61.68039180462715620, 0.000000000000000000, 7.500000000000000000 ) ) ;
#999 = ORIENTED_EDGE ( 'NONE', *, *, #1642, .T. ) ;
#1000 = ADVANCED_FACE ( 'NONE', ( #2002 ), #1452, .T. ) ;
#1001 = CARTESIAN_POINT ( 'NONE',  ( -45.59006792315076950, 3.000000000000000000, 12.50000000000000000 ) ) ;
#1002 = CONICAL_SURFACE ( 'NONE', #1311, 447.5000000000000000, 0.7853981633974593812 ) ;
#1003 = AXIS2_PLACEMENT_3D ( 'NONE', #1486, #993, #818 ) ;
#1004 = AXIS2_PLACEMENT_3D ( 'NONE', #747, #577, #1623 ) ;
#1005 = B_SPLINE_CURVE_WITH_KNOTS ( 'NONE', 3,
 ( #1317, #1496, #1459, #1116, #2044, #1484, #571, #1308, #2205, #30 ),
 .UNSPECIFIED., .F., .F.,
 ( 4, 2, 2, 2, 4 ),
 ( 0.000000000000000000, 0.0004980977809551917620, 0.0009961955619103861261, 0.001494293342865580382, 0.001992391123820774854 ),
 .UNSPECIFIED. ) ;
#1006 = CARTESIAN_POINT ( 'NONE',  ( -51.73034269092880066, -12.99596265175504506, 7.500000000000000888 ) ) ;
#1007 = EDGE_LOOP ( 'NONE', ( #2080, #507, #69, #902 ) ) ;
#1008 = VECTOR ( 'NONE', #1408, 1000.000000000000000 ) ;
#1009 = CARTESIAN_POINT ( 'NONE',  ( -52.22112162632284793, -16.89176809748915531, 7.500000000000000888 ) ) ;
#1010 = DIRECTION ( 'NONE',  ( 1.000000000000000000, 0.000000000000000000, 0.000000000000000000 ) ) ;
#1011 = VERTEX_POINT ( 'NONE', #403 ) ;
#1012 = EDGE_CURVE ( 'NONE', #894, #1861, #2112, .T. ) ;
#1013 = CARTESIAN_POINT ( 'NONE',  ( 53.24607878360890112, 1013.504763855667079, -5.000000000000441425 ) ) ;
#1014 = VERTEX_POINT ( 'NONE', #2010 ) ;
#1015 = EDGE_CURVE ( 'NONE', #605, #421, #25, .T. ) ;
#1016 = CARTESIAN_POINT ( 'NONE',  ( -49.43732304649269338, -11.06152192890253616, 7.500000000000000888 ) ) ;
#1017 = TOROIDAL_SURFACE ( 'NONE', #53, 15.50000000000000000, 1.000000000000000000 ) ;
#1018 = DIRECTION ( 'NONE',  ( 0.03836735577431915623, -0.7060651145686808183, -0.7071067811865491270 ) ) ;
#1019 = DIRECTION ( 'NONE',  ( 1.000000000000000000, 0.000000000000000000, 0.000000000000000000 ) ) ;
#1020 = ORIENTED_EDGE ( 'NONE', *, *, #83, .T. ) ;
#1021 = CARTESIAN_POINT ( 'NONE',  ( -42.69229044428357156, 3.776457135307583091, 11.50000000000000000 ) ) ;
#1022 = FACE_OUTER_BOUND ( 'NONE', #2086, .T. ) ;
#1023 = VERTEX_POINT ( 'NONE', #1130 ) ;
#1024 = CIRCLE ( 'NONE', #2207, 2.000000000000001776 ) ;
#1025 = CARTESIAN_POINT ( 'NONE',  ( 0.000000000000000000, 0.000000000000000000, 7.500000000000000000 ) ) ;
#1026 = ORIENTED_EDGE ( 'NONE', *, *, #1845, .T. ) ;
#1027 = ORIENTED_EDGE ( 'NONE', *, *, #179, .T. ) ;
#1028 = EDGE_CURVE ( 'NONE', #173, #1417, #772, .T. ) ;
#1029 = CARTESIAN_POINT ( 'NONE',  ( -56.60834420425452862, 15.70109337401552629, 7.500000000000000888 ) ) ;
#1030 = DIRECTION ( 'NONE',  ( 1.000000000000000000, 0.000000000000000000, 0.000000000000000000 ) ) ;
#1031 = DIRECTION ( 'NONE',  ( -0.000000000000000000, 0.000000000000000000, 1.000000000000000000 ) ) ;
#1032 = DIRECTION ( 'NONE',  ( 0.000000000000000000, 0.000000000000000000, 1.000000000000000000 ) ) ;
#1033 = ORIENTED_EDGE ( 'NONE', *, *, #1917, .F. ) ;
#1034 = CIRCLE ( 'NONE', #1418, 3.000000000000002665 ) ;
#1035 = DIRECTION ( 'NONE',  ( -0.000000000000000000, -0.000000000000000000, -1.000000000000000000 ) ) ;
#1036 = ADVANCED_FACE ( 'NONE', ( #2194 ), #505, .T. ) ;
#1037 = LINE ( 'NONE', #1758, #2160 ) ;
#1038 = ORIENTED_EDGE ( 'NONE', *, *, #971, .F. ) ;
#1039 = ORIENTED_EDGE ( 'NONE', *, *, #2133, .T. ) ;
#1040 = ORIENTED_EDGE ( 'NONE', *, *, #374, .T. ) ;
#1041 = LINE ( 'NONE', #1958, #2328 ) ;
#1042 = CARTESIAN_POINT ( 'NONE',  ( -61.68039180462715620, 0.000000000000000000, 11.50000000000000000 ) ) ;
#1043 = AXIS2_PLACEMENT_3D ( 'NONE', #370, #356, #1110 ) ;
#1044 = CIRCLE ( 'NONE', #1957, 2.000000000000001776 ) ;
#1045 = ADVANCED_FACE ( 'NONE', ( #563 ), #23, .T. ) ;
#1046 = CYLINDRICAL_SURFACE ( 'NONE', #2223, 16.50000000000000000 ) ;
#1047 = FACE_OUTER_BOUND ( 'NONE', #1208, .T. ) ;
#1048 = ORIENTED_EDGE ( 'NONE', *, *, #136, .F. ) ;
#1049 = CARTESIAN_POINT ( 'NONE',  ( -61.68039180462715620, 0.000000000000000000, 7.500000000000000000 ) ) ;
#1050 = CARTESIAN_POINT ( 'NONE',  ( -70.96555249910856844, -13.47903236469408661, 7.500000000000000888 ) ) ;
#1051 = ADVANCED_FACE ( 'NONE', ( #2252 ), #1688, .F. ) ;
#1052 = CIRCLE ( 'NONE', #508, 1002.499999999999545 ) ;
#1053 = CIRCLE ( 'NONE', #547, 3.000000000000002665 ) ;
#1054 = EDGE_LOOP ( 'NONE', ( #635, #1300, #816, #2045, #1894, #1221, #1532, #1228, #1548, #1026, #1707, #2281, #1569, #46, #783, #127, #770, #1420, #1191, #38, #1867, #1599, #686, #2142 ) ) ;
#1055 = VERTEX_POINT ( 'NONE', #1544 ) ;
#1056 = DIRECTION ( 'NONE',  ( 0.000000000000000000, 0.000000000000000000, 1.000000000000000000 ) ) ;
#1057 = CARTESIAN_POINT ( 'NONE',  ( -69.11657156106440425, -15.84150342076002005, 7.500000000000000888 ) ) ;
#1058 = FACE_OUTER_BOUND ( 'NONE', #1926, .T. ) ;
#1059 = DIRECTION ( 'NONE',  ( -0.000000000000000000, -0.000000000000000000, 1.000000000000000000 ) ) ;
#1060 = CIRCLE ( 'NONE', #332, 20.00000000000000355 ) ;
#1061 = EDGE_LOOP ( 'NONE', ( #51, #1774, #1322, #2059 ) ) ;
#1062 = AXIS2_PLACEMENT_3D ( 'NONE', #324, #1403, #1030 ) ;
#1063 = DIRECTION ( 'NONE',  ( 1.000000000000000000, -3.469446951953611033E-15, 0.000000000000000000 ) ) ;
#1064 = B_SPLINE_CURVE_WITH_KNOTS ( 'NONE', 3,
 ( #39, #52, #1113, #1401, #1386, #2298, #1527, #1360, #2132, #2089 ),
 .UNSPECIFIED., .F., .F.,
 ( 4, 2, 2, 2, 4 ),
 ( 0.000000000000000000, 0.0004980977809551263846, 0.0009961955619102527693, 0.001494293342865379154, 0.001992391123820505539 ),
 .UNSPECIFIED. ) ;
#1065 = EDGE_CURVE ( 'NONE', #1409, #2245, #277, .T. ) ;
#1066 = CIRCLE ( 'NONE', #831, 5.000000000000004441 ) ;
#1067 = VERTEX_POINT ( 'NONE', #2276 ) ;
#1068 = CIRCLE ( 'NONE', #1327, 20.00000000000000355 ) ;
#1069 = DIRECTION ( 'NONE',  ( -0.000000000000000000, -0.000000000000000000, -1.000000000000000000 ) ) ;
#1070 = AXIS2_PLACEMENT_3D ( 'NONE', #312, #1059, #2122 ) ;
#1071 = CARTESIAN_POINT ( 'NONE',  ( -7.774739950682665324, 11.97204965282590727, 7.500000000000000888 ) ) ;
#1072 = CARTESIAN_POINT ( 'NONE',  ( -61.68039180462715620, 0.000000000000000000, 7.500000000000000000 ) ) ;
#1073 = ORIENTED_EDGE ( 'NONE', *, *, #2127, .F. ) ;
#1074 = CARTESIAN_POINT ( 'NONE',  ( -61.68039180462715620, 0.000000000000000000, 11.50000000000000000 ) ) ;
#1075 = VERTEX_POINT ( 'NONE', #611 ) ;
#1076 = EDGE_CURVE ( 'NONE', #1878, #1691, #599, .T. ) ;
#1077 = VECTOR ( 'NONE', #2214, 1000.000000000000000 ) ;
#1078 = EDGE_LOOP ( 'NONE', ( #2237, #292, #2037, #978 ) ) ;
#1079 = EDGE_CURVE ( 'NONE', #1384, #2024, #444, .T. ) ;
#1080 = DIRECTION ( 'NONE',  ( 1.000000000000000000, 0.000000000000000000, 0.000000000000000000 ) ) ;
#1081 = AXIS2_PLACEMENT_3D ( 'NONE', #1567, #1705, #47 ) ;
#1082 = DIRECTION ( 'NONE',  ( 1.000000000000000000, 0.000000000000000000, 0.000000000000000000 ) ) ;
#1083 = APPROVAL_ROLE ( '' ) ;
#1084 = VERTEX_POINT ( 'NONE', #65 ) ;
#1085 = CARTESIAN_POINT ( 'NONE',  ( -79.26183430610741709, 8.105707947651557888, 11.50000000000000000 ) ) ;
#1086 = AXIS2_PLACEMENT_3D ( 'NONE', #1319, #228, #2243 ) ;
#1087 = EDGE_LOOP ( 'NONE', ( #716, #157, #914, #992 ) ) ;
#1088 = CARTESIAN_POINT ( 'NONE',  ( -59.42693159701468630, 19.87264242854249119, 4.999999999999997335 ) ) ;
#1089 = CARTESIAN_POINT ( 'NONE',  ( -56.55489337949343565, -15.68372614827075218, 7.500000000000000888 ) ) ;
#1090 = VECTOR ( 'NONE', #1531, 1000.000000000000000 ) ;
#1091 = CARTESIAN_POINT ( 'NONE',  ( -77.17697333521724090, 2.477430687984386815, 12.48730321279971811 ) ) ;
#1092 = AXIS2_PLACEMENT_3D ( 'NONE', #1811, #1456, #2014 ) ;
#1093 = DIRECTION ( 'NONE',  ( 1.000000000000000000, 0.000000000000000000, 0.000000000000000000 ) ) ;
#1094 = LINE ( 'NONE', #1952, #128 ) ;
#1095 = COORDINATED_UNIVERSAL_TIME_OFFSET ( 5, 30, .AHEAD. ) ;
#1096 = ORIENTED_EDGE ( 'NONE', *, *, #2302, .T. ) ;
#1097 = DIRECTION ( 'NONE',  ( 0.000000000000000000, -0.000000000000000000, -1.000000000000000000 ) ) ;
#1098 = CARTESIAN_POINT ( 'NONE',  ( -79.23614667151362312, 5.382198414004395026, 12.50000000000000000 ) ) ;
#1099 = AXIS2_PLACEMENT_3D ( 'NONE', #310, #1615, #878 ) ;
#1100 = ORIENTED_EDGE ( 'NONE', *, *, #1845, .F. ) ;
#1101 = CARTESIAN_POINT ( 'NONE',  ( -45.59006792315076950, 3.000000000000000000, 7.500000000000000888 ) ) ;
#1102 = CARTESIAN_POINT ( 'NONE',  ( -51.70341264111866764, -15.36320065859504069, 12.50000000000000000 ) ) ;
#1103 = CARTESIAN_POINT ( 'NONE',  ( 107.5057136720462978, 14.97790291412315966, -5.000000000000441425 ) ) ;
#1104 = EDGE_CURVE ( 'NONE', #1907, #2056, #2257, .T. ) ;
#1105 = DIRECTION ( 'NONE',  ( 0.000000000000000000, 0.000000000000000000, 1.000000000000000000 ) ) ;
#1106 = DIRECTION ( 'NONE',  ( -0.000000000000000000, 0.000000000000000000, 1.000000000000000000 ) ) ;
#1107 = PERSON_AND_ORGANIZATION ( #387, #644 ) ;
#1108 = DIRECTION ( 'NONE',  ( 1.000000000000000000, 6.938893903907222067E-15, 0.000000000000000000 ) ) ;
#1109 = VERTEX_POINT ( 'NONE', #1340 ) ;
#1110 = DIRECTION ( 'NONE',  ( -1.000000000000000000, 0.000000000000000000, 0.000000000000000000 ) ) ;
#1111 = DIRECTION ( 'NONE',  ( -0.000000000000000000, 0.000000000000000000, 1.000000000000000000 ) ) ;
#1112 = DIRECTION ( 'NONE',  ( 1.000000000000000000, 0.000000000000000000, 0.000000000000000000 ) ) ;
#1113 = CARTESIAN_POINT ( 'NONE',  ( -75.03233460090112317, 9.619141614544936658, 11.83148599391329192 ) ) ;
#1114 = EDGE_CURVE ( 'NONE', #1380, #2295, #1727, .T. ) ;
#1115 = COORDINATED_UNIVERSAL_TIME_OFFSET ( 5, 30, .AHEAD. ) ;
#1116 = CARTESIAN_POINT ( 'NONE',  ( -56.45369194700452198, -15.45205274091489223, 12.10367703706569920 ) ) ;
#1117 = ADVANCED_FACE ( 'NONE', ( #1330 ), #1312, .T. ) ;
#1118 = ORIENTED_EDGE ( 'NONE', *, *, #2017, .F. ) ;
#1119 = DIRECTION ( 'NONE',  ( -1.000000000000000000, 0.000000000000000000, 0.000000000000000000 ) ) ;
#1120 = ADVANCED_FACE ( 'NONE', ( #251 ), #1690, .T. ) ;
#1121 = VECTOR ( 'NONE', #1736, 1000.000000000000000 ) ;
#1122 = CIRCLE ( 'NONE', #396, 3.000000000000002665 ) ;
#1123 = CARTESIAN_POINT ( 'NONE',  ( -43.34798508928192717, 6.223542864692319654, 11.50000000000000000 ) ) ;
#1124 = CARTESIAN_POINT ( 'NONE',  ( 10.59901996007864255, 423.8816894310817815, -7.500000000000000000 ) ) ;
#1125 = AXIS2_PLACEMENT_3D ( 'NONE', #1498, #601, #1892 ) ;
#1126 = DIRECTION ( 'NONE',  ( -0.9986295347545730561, 0.05233595624296048104, 0.000000000000000000 ) ) ;
#1127 = APPROVAL_STATUS ( 'not_yet_approved' ) ;
#1128 = PLANE ( 'NONE',  #446 ) ;
#1129 = EDGE_LOOP ( 'NONE', ( #1182, #1335, #279, #1950, #443 ) ) ;
#1130 = CARTESIAN_POINT ( 'NONE',  ( -52.76576066133787180, -16.05309752954373437, 12.50000000000000000 ) ) ;
#1131 = EDGE_CURVE ( 'NONE', #2295, #1411, #1883, .T. ) ;
#1132 = ORIENTED_EDGE ( 'NONE', *, *, #2159, .T. ) ;
#1133 = DIRECTION ( 'NONE',  ( -0.1188587492999971795, -0.6970456209710098605, 0.7071067811865332509 ) ) ;
#1134 = DIRECTION ( 'NONE',  ( -0.9335804264971925281, 0.3583679495453243602, 0.000000000000000000 ) ) ;
#1135 = EDGE_LOOP ( 'NONE', ( #648, #904, #2362, #1372 ) ) ;
#1136 = ADVANCED_FACE ( 'NONE', ( #625 ), #1238, .T. ) ;
#1137 = CIRCLE ( 'NONE', #1171, 15.50000000000000000 ) ;
#1138 = FACE_OUTER_BOUND ( 'NONE', #1154, .T. ) ;
#1139 = AXIS2_PLACEMENT_3D ( 'NONE', #533, #2157, #688 ) ;
#1140 = CARTESIAN_POINT ( 'NONE',  ( -61.68039180462715620, 0.000000000000000000, 11.50000000000000000 ) ) ;
#1141 = EDGE_LOOP ( 'NONE', ( #564, #1577, #1786, #1864 ) ) ;
#1142 = CIRCLE ( 'NONE', #103, 17.49999999999995381 ) ;
#1143 = DIRECTION ( 'NONE',  ( 1.000000000000000000, 0.000000000000000000, 0.000000000000000000 ) ) ;
#1144 = ORIENTED_EDGE ( 'NONE', *, *, #1612, .F. ) ;
#1145 = CARTESIAN_POINT ( 'NONE',  ( -78.08704195097766387, 1.752663965298819404, 11.50000000000000000 ) ) ;
#1146 = EDGE_CURVE ( 'NONE', #2114, #113, #1344, .T. ) ;
#1147 = DIRECTION ( 'NONE',  ( 1.000000000000000000, 0.000000000000000000, 0.000000000000000000 ) ) ;
#1148 = ORIENTED_EDGE ( 'NONE', *, *, #166, .F. ) ;
#1149 = LINE ( 'NONE', #211, #1077 ) ;
#1150 = FACE_OUTER_BOUND ( 'NONE', #1500, .T. ) ;
#1151 = EDGE_LOOP ( 'NONE', ( #472, #1747, #1643, #411, #492, #489 ) ) ;
#1152 = CARTESIAN_POINT ( 'NONE',  ( -64.11292225281876256, 15.50369302994008258, 12.48730321279971633 ) ) ;
#1153 = CARTESIAN_POINT ( 'NONE',  ( -61.68039180462715620, 0.000000000000000000, 11.50000000000000000 ) ) ;
#1154 = EDGE_LOOP ( 'NONE', ( #1232, #820, #160, #1377 ) ) ;
#1155 = LINE ( 'NONE', #2049, #2347 ) ;
#1156 = ORIENTED_EDGE ( 'NONE', *, *, #2127, .T. ) ;
#1157 = FACE_BOUND ( 'NONE', #435, .T. ) ;
#1158 = TOROIDAL_SURFACE ( 'NONE', #624, 15.50000000000000000, 1.000000000000000000 ) ;
#1159 = CARTESIAN_POINT ( 'NONE',  ( -61.68039180462715620, 0.000000000000000000, 12.50000000000000000 ) ) ;
#1160 = AXIS2_PLACEMENT_3D ( 'NONE', #578, #407, #1479 ) ;
#1161 = VERTEX_POINT ( 'NONE', #784 ) ;
#1162 = CARTESIAN_POINT ( 'NONE',  ( -64.39416556878072129, 15.66896245975532231, 12.42226429100453267 ) ) ;
#1163 = DIRECTION ( 'NONE',  ( 1.000000000000000000, 0.000000000000000000, 0.000000000000000000 ) ) ;
#1164 = ORIENTED_EDGE ( 'NONE', *, *, #684, .T. ) ;
#1165 = CARTESIAN_POINT ( 'NONE',  ( -52.22112162632284793, -16.89176809748915531, 7.500000000000000888 ) ) ;
#1166 = VERTEX_POINT ( 'NONE', #1509 ) ;
#1167 = AXIS2_PLACEMENT_3D ( 'NONE', #158, #1439, #1265 ) ;
#1168 = B_SPLINE_CURVE_WITH_KNOTS ( 'NONE', 3,
 ( #674, #1348, #980, #1210, #812, #1709, #2077, #1539, #1183, #62 ),
 .UNSPECIFIED., .F., .F.,
 ( 4, 2, 2, 2, 4 ),
 ( -6.578102695093053237E-06, 0.0004905520520394967372, 0.0009876822067740864946, 0.001484812361508676144, 0.001981942516243264708 ),
 .UNSPECIFIED. ) ;
#1169 = CARTESIAN_POINT ( 'NONE',  ( -56.56137782913938139, 16.22985835990198211, 7.500000000000000888 ) ) ;
#1170 = EDGE_CURVE ( 'NONE', #1985, #708, #41, .T. ) ;
#1171 = AXIS2_PLACEMENT_3D ( 'NONE', #945, #42, #1507 ) ;
#1172 = CARTESIAN_POINT ( 'NONE',  ( -45.22445415725852769, 0.06602650874102503065, 11.83148804205153581 ) ) ;
#1173 = VECTOR ( 'NONE', #2368, 1000.000000000000000 ) ;
#1174 = ADVANCED_FACE ( 'NONE', ( #146 ), #1596, .T. ) ;
#1175 = EDGE_LOOP ( 'NONE', ( #1725, #1366, #495, #1020 ) ) ;
#1176 = EDGE_CURVE ( 'NONE', #319, #1399, #199, .T. ) ;
#1177 = CARTESIAN_POINT ( 'NONE',  ( 53.24607878360890112, 1013.504763855667079, -7.500000000000000000 ) ) ;
#1178 = VERTEX_POINT ( 'NONE', #1230 ) ;
#1179 = ADVANCED_FACE ( 'NONE', ( #517 ), #2333, .T. ) ;
#1180 = CIRCLE ( 'NONE', #947, 5.000000000000004441 ) ;
#1181 = DIRECTION ( 'NONE',  ( 0.1588480243740590381, -0.6890336023391508968, -0.7071067811865414665 ) ) ;
#1182 = ORIENTED_EDGE ( 'NONE', *, *, #1396, .T. ) ;
#1183 = CARTESIAN_POINT ( 'NONE',  ( -56.60834420425452151, 15.70109337401552274, 11.66876121442356151 ) ) ;
#1184 = CIRCLE ( 'NONE', #2296, 2.000000000000001776 ) ;
#1185 = DIRECTION ( 'NONE',  ( 1.000000000000000000, 0.000000000000000000, 0.000000000000000000 ) ) ;
#1186 = EDGE_CURVE ( 'NONE', #1385, #585, #1851, .T. ) ;
#1187 = ORIENTED_EDGE ( 'NONE', *, *, #1428, .T. ) ;
#1188 = EDGE_CURVE ( 'NONE', #1384, #2279, #2101, .T. ) ;
#1189 = CARTESIAN_POINT ( 'NONE',  ( -73.70042309621805998, -9.932844078576271940, 12.50000000000000355 ) ) ;
#1190 = FACE_OUTER_BOUND ( 'NONE', #1195, .T. ) ;
#1191 = ORIENTED_EDGE ( 'NONE', *, *, #1467, .T. ) ;
#1192 = CIRCLE ( 'NONE', #1269, 15.00000000000000000 ) ;
#1193 = EDGE_CURVE ( 'NONE', #2056, #2104, #493, .T. ) ;
#1194 = CARTESIAN_POINT ( 'NONE',  ( -42.59006792315076950, 3.000000000000000000, 7.500000000000000888 ) ) ;
#1195 = EDGE_LOOP ( 'NONE', ( #658, #1279, #2310, #1802 ) ) ;
#1196 = CARTESIAN_POINT ( 'NONE',  ( 108.3196081953728367, 0.000000000000000000, -5.000000000000441425 ) ) ;
#1197 = TOROIDAL_SURFACE ( 'NONE', #892, 1.999999999999998224, 1.000000000000000000 ) ;
#1198 = CONICAL_SURFACE ( 'NONE', #1276, 17.49999999999994671, 0.7853981633974573828 ) ;
#1199 = DIRECTION ( 'NONE',  ( 1.000000000000000000, 0.000000000000000000, 0.000000000000000000 ) ) ;
#1200 = CARTESIAN_POINT ( 'NONE',  ( -61.68039180462715620, 0.000000000000000000, 7.500000000000000000 ) ) ;
#1201 = ORIENTED_EDGE ( 'NONE', *, *, #431, .T. ) ;
#1202 = CIRCLE ( 'NONE', #1540, 3.000000000000002665 ) ;
#1203 = DIRECTION ( 'NONE',  ( 1.000000000000000000, 0.000000000000000000, 0.000000000000000000 ) ) ;
#1204 = DIRECTION ( 'NONE',  ( -0.7771459614569639074, 0.6293203910498461617, 2.183393712530143448E-15 ) ) ;
#1205 = AXIS2_PLACEMENT_3D ( 'NONE', #1765, #144, #2340 ) ;
#1206 = EDGE_LOOP ( 'NONE', ( #672, #2100, #2286, #863 ) ) ;
#1207 = DIRECTION ( 'NONE',  ( 1.000000000000000000, 0.000000000000000000, 0.000000000000000000 ) ) ;
#1208 = EDGE_LOOP ( 'NONE', ( #538, #1792, #623, #1048, #1313 ) ) ;
#1209 = ORIENTED_EDGE ( 'NONE', *, *, #800, .T. ) ;
#1210 = CARTESIAN_POINT ( 'NONE',  ( -57.34363930082386673, 15.29945599621935415, 12.42226674930538799 ) ) ;
#1211 = AXIS2_PLACEMENT_3D ( 'NONE', #1049, #467, #490 ) ;
#1212 = EDGE_CURVE ( 'NONE', #61, #113, #1303, .T. ) ;
#1213 = CARTESIAN_POINT ( 'NONE',  ( -61.93430757769991857, 19.35833537641250857, 7.500000000000000888 ) ) ;
#1214 = ORIENTED_EDGE ( 'NONE', *, *, #1680, .F. ) ;
#1215 = CARTESIAN_POINT ( 'NONE',  ( -49.43732304649269338, -11.06152192890253616, 7.500000000000000888 ) ) ;
#1216 = APPLICATION_PROTOCOL_DEFINITION ( 'international standard', 'config_control_design', 1994, #1822 ) ;
#1217 = ORIENTED_EDGE ( 'NONE', *, *, #389, .F. ) ;
#1218 = CARTESIAN_POINT ( 'NONE',  ( -47.49688988565130643, 7.858631790490256286, 12.21125592503879886 ) ) ;
#1219 = DIRECTION ( 'NONE',  ( -0.000000000000000000, -0.000000000000000000, -1.000000000000000000 ) ) ;
#1220 = VERTEX_POINT ( 'NONE', #342 ) ;
#1221 = ORIENTED_EDGE ( 'NONE', *, *, #2273, .T. ) ;
#1222 = ORIENTED_EDGE ( 'NONE', *, *, #40, .T. ) ;
#1223 = ADVANCED_FACE ( 'NONE', ( #2305 ), #1794, .F. ) ;
#1224 = CARTESIAN_POINT ( 'NONE',  ( -70.96555249910856844, -13.47903236469408661, 11.50000000000000000 ) ) ;
#1225 = EDGE_CURVE ( 'NONE', #1907, #1583, #1229, .T. ) ;
#1226 = DIRECTION ( 'NONE',  ( 1.000000000000000000, 0.000000000000000000, 0.000000000000000000 ) ) ;
#1227 = DIRECTION ( 'NONE',  ( -0.9659258262890696445, -0.2588190451025162986, 0.000000000000000000 ) ) ;
#1228 = ORIENTED_EDGE ( 'NONE', *, *, #1193, .T. ) ;
#1229 = CIRCLE ( 'NONE', #954, 16.50000000000000000 ) ;
#1230 = CARTESIAN_POINT ( 'NONE',  ( -45.18039180462715620, 0.000000000000000000, 11.50000000000000000 ) ) ;
#1231 = DIRECTION ( 'NONE',  ( 1.000000000000000000, 0.000000000000000000, 0.000000000000000000 ) ) ;
#1232 = ORIENTED_EDGE ( 'NONE', *, *, #262, .F. ) ;
#1233 = VERTEX_POINT ( 'NONE', #1021 ) ;
#1234 = ORIENTED_EDGE ( 'NONE', *, *, #1352, .T. ) ;
#1235 = DIRECTION ( 'NONE',  ( -0.05233595624296030063, -0.9986295347545730561, 0.000000000000000000 ) ) ;
#1236 = DIRECTION ( 'NONE',  ( -0.7071067811865539010, 0.000000000000000000, -0.7071067811865411334 ) ) ;
#1237 = EDGE_CURVE ( 'NONE', #1852, #121, #1793, .T. ) ;
#1238 = TOROIDAL_SURFACE ( 'NONE', #666, 2.000000000000000888, 1.000000000000000000 ) ;
#1239 = CONICAL_SURFACE ( 'NONE', #1651, 17.49999999999994671, 0.7853981633974573828 ) ;
#1240 = DIRECTION ( 'NONE',  ( 1.000000000000000000, 0.000000000000000000, 0.000000000000000000 ) ) ;
#1241 = DIRECTION ( 'NONE',  ( 1.000000000000000000, 0.000000000000000000, 0.000000000000000000 ) ) ;
#1242 = EDGE_LOOP ( 'NONE', ( #1460, #2115, #531, #808 ) ) ;
#1243 = DIRECTION ( 'NONE',  ( 1.000000000000000000, 0.000000000000000000, 0.000000000000000000 ) ) ;
#1244 = CIRCLE ( 'NONE', #1432, 3.000000000000002665 ) ;
#1245 = CIRCLE ( 'NONE', #1542, 1000.000000000000000 ) ;
#1246 = ORIENTED_EDGE ( 'NONE', *, *, #15, .F. ) ;
#1247 = CARTESIAN_POINT ( 'NONE',  ( -77.77427728960765307, 1.979083938428288114, 12.21125264017292089 ) ) ;
#1248 = CARTESIAN_POINT ( 'NONE',  ( -59.56137782913938139, 16.22985835990198211, 12.50000000000000000 ) ) ;
#1249 = FACE_OUTER_BOUND ( 'NONE', #1242, .T. ) ;
#1250 = EDGE_CURVE ( 'NONE', #1339, #2335, #1184, .T. ) ;
#1251 = CARTESIAN_POINT ( 'NONE',  ( 111.6892836517622953, -14.61660998038212966, 4.999999999999997335 ) ) ;
#1252 = VERTEX_POINT ( 'NONE', #2290 ) ;
#1253 = AXIS2_PLACEMENT_3D ( 'NONE', #1006, #622, #261 ) ;
#1254 = DIRECTION ( 'NONE',  ( -1.000000000000000000, 0.000000000000000000, 0.000000000000000000 ) ) ;
#1255 = ADVANCED_FACE ( 'NONE', ( #1392 ), #1407, .T. ) ;
#1256 = ADVANCED_FACE ( 'NONE', ( #314 ), #694, .T. ) ;
#1257 = CIRCLE ( 'NONE', #521, 0.9999999999999995559 ) ;
#1258 = ORIENTED_EDGE ( 'NONE', *, *, #1889, .T. ) ;
#1259 = AXIS2_PLACEMENT_3D ( 'NONE', #1798, #2327, #165 ) ;
#1260 = DIRECTION ( 'NONE',  ( 0.000000000000000000, 0.000000000000000000, 1.000000000000000000 ) ) ;
#1261 = CC_DESIGN_APPROVAL ( #334, ( #2053 ) ) ;
#1262 = DIRECTION ( 'NONE',  ( 0.8386705679454272699, 0.5446390350150221993, 0.000000000000000000 ) ) ;
#1263 = PERSON_AND_ORGANIZATION ( #387, #644 ) ;
#1264 = VERTEX_POINT ( 'NONE', #1378 ) ;
#1265 = DIRECTION ( 'NONE',  ( 1.000000000000000000, -1.734723475976805517E-15, 0.000000000000000000 ) ) ;
#1266 = ORIENTED_EDGE ( 'NONE', *, *, #1352, .F. ) ;
#1267 = CARTESIAN_POINT ( 'NONE',  ( -46.21959142492043071, 1.101658576356757901, 12.50000000000000000 ) ) ;
#1268 = ADVANCED_FACE ( 'NONE', ( #765 ), #608, .T. ) ;
#1269 = AXIS2_PLACEMENT_3D ( 'NONE', #1868, #59, #2301 ) ;
#1270 = CARTESIAN_POINT ( 'NONE',  ( 103.3196081953728367, 6.123233995736772199E-16, -2.500000000000000444 ) ) ;
#1271 = DIRECTION ( 'NONE',  ( 1.000000000000000000, 0.000000000000000000, 0.000000000000000000 ) ) ;
#1272 = CALENDAR_DATE ( 2026, 12, 9 ) ;
#1273 = EDGE_LOOP ( 'NONE', ( #2367, #1258, #1711, #313 ) ) ;
#1274 = CARTESIAN_POINT ( 'NONE',  ( 108.3196081953728367, 0.000000000000000000, -2.500000000000000444 ) ) ;
#1275 = DIRECTION ( 'NONE',  ( 1.000000000000000000, 8.881784197001252323E-16, 0.000000000000000000 ) ) ;
#1276 = AXIS2_PLACEMENT_3D ( 'NONE', #760, #216, #1119 ) ;
#1277 = ORIENTED_EDGE ( 'NONE', *, *, #606, .T. ) ;
#1278 = DIRECTION ( 'NONE',  ( 1.000000000000000000, 0.000000000000000000, 0.000000000000000000 ) ) ;
#1279 = ORIENTED_EDGE ( 'NONE', *, *, #1991, .F. ) ;
#1280 = AXIS2_PLACEMENT_3D ( 'NONE', #1638, #546, #2370 ) ;
#1281 = ADVANCED_FACE ( 'NONE', ( #2043 ), #1826, .T. ) ;
#1282 = VECTOR ( 'NONE', #2051, 1000.000000000000000 ) ;
#1283 = DIRECTION ( 'NONE',  ( 0.3583679495453228614, 0.9335804264971931943, 1.619503882557119523E-15 ) ) ;
#1284 = DIRECTION ( 'NONE',  ( -0.000000000000000000, 0.000000000000000000, 1.000000000000000000 ) ) ;
#1285 = CYLINDRICAL_SURFACE ( 'NONE', #942, 3.000000000000002665 ) ;
#1286 = AXIS2_PLACEMENT_3D ( 'NONE', #2011, #1453, #2184 ) ;
#1287 = AXIS2_PLACEMENT_3D ( 'NONE', #1248, #1970, #2350 ) ;
#1288 = VERTEX_POINT ( 'NONE', #792 ) ;
#1289 = CYLINDRICAL_SURFACE ( 'NONE', #1043, 450.0000000000000568 ) ;
#1290 = VERTEX_POINT ( 'NONE', #594 ) ;
#1291 = AXIS2_PLACEMENT_3D ( 'NONE', #1455, #1775, #178 ) ;
#1292 = DIRECTION ( 'NONE',  ( 0.000000000000000000, 0.000000000000000000, 1.000000000000000000 ) ) ;
#1293 = EDGE_CURVE ( 'NONE', #450, #1691, #409, .T. ) ;
#1294 = CARTESIAN_POINT ( 'NONE',  ( -79.18039180462710647, 0.000000000000000000, 7.500000000000000000 ) ) ;
#1295 = DIRECTION ( 'NONE',  ( 0.000000000000000000, 0.000000000000000000, 1.000000000000000000 ) ) ;
#1296 = VECTOR ( 'NONE', #1755, 1000.000000000000000 ) ;
#1297 = PERSON_AND_ORGANIZATION ( #387, #644 ) ;
#1298 = EDGE_CURVE ( 'NONE', #1161, #1546, #1337, .T. ) ;
#1299 = CARTESIAN_POINT ( 'NONE',  ( -61.68039180462715620, 0.000000000000000000, -17.50000000000000000 ) ) ;
#1300 = ORIENTED_EDGE ( 'NONE', *, *, #1980, .T. ) ;
#1301 = LINE ( 'NONE', #382, #580 ) ;
#1302 = ORIENTED_EDGE ( 'NONE', *, *, #698, .F. ) ;
#1303 = CIRCLE ( 'NONE', #31, 2.000000000000001776 ) ;
#1304 = CARTESIAN_POINT ( 'NONE',  ( 111.1276710756974921, -12.18050831698555037, -7.500000000000000000 ) ) ;
#1305 = DIRECTION ( 'NONE',  ( 1.000000000000000000, 0.000000000000000000, 0.000000000000000000 ) ) ;
#1306 = DATE_AND_TIME ( #2016, #2057 ) ;
#1307 = EDGE_CURVE ( 'NONE', #2266, #1529, #953, .T. ) ;
#1308 = CARTESIAN_POINT ( 'NONE',  ( -56.03517845326960156, -14.64285724049939574, 12.48730321279972344 ) ) ;
#1309 = VERTEX_POINT ( 'NONE', #2065 ) ;
#1310 = DIRECTION ( 'NONE',  ( -0.2588190451025185190, 0.9659258262890689783, 0.000000000000000000 ) ) ;
#1311 = AXIS2_PLACEMENT_3D ( 'NONE', #583, #780, #2217 ) ;
#1312 = TOROIDAL_SURFACE ( 'NONE', #1956, 1.999999999999999112, 1.000000000000000000 ) ;
#1313 = ORIENTED_EDGE ( 'NONE', *, *, #701, .T. ) ;
#1314 = ORIENTED_EDGE ( 'NONE', *, *, #826, .F. ) ;
#1315 = DIRECTION ( 'NONE',  ( 1.000000000000000000, 0.000000000000000000, 0.000000000000000000 ) ) ;
#1316 = DIRECTION ( 'NONE',  ( 1.000000000000000000, 0.000000000000000000, 0.000000000000000000 ) ) ;
#1317 = CARTESIAN_POINT ( 'NONE',  ( -56.55489337949343565, -15.68372614827075218, 11.50000000000000000 ) ) ;
#1318 = ORIENTED_EDGE ( 'NONE', *, *, #1772, .F. ) ;
#1319 = CARTESIAN_POINT ( 'NONE',  ( -43.59006792315076950, 3.000000000000000000, 11.50000000000000000 ) ) ;
#1320 = DIRECTION ( 'NONE',  ( 0.000000000000000000, -0.000000000000000000, -1.000000000000000000 ) ) ;
#1321 = AXIS2_PLACEMENT_3D ( 'NONE', #1592, #2329, #1579 ) ;
#1322 = ORIENTED_EDGE ( 'NONE', *, *, #252, .F. ) ;
#1323 = CARTESIAN_POINT ( 'NONE',  ( -68.63644643827441882, -14.42016019035689389, 12.36993840020068092 ) ) ;
#1324 = DIRECTION ( 'NONE',  ( -0.2588190451025185190, 0.9659258262890689783, 0.000000000000000000 ) ) ;
#1325 = ORIENTED_EDGE ( 'NONE', *, *, #1176, .F. ) ;
#1326 = CYLINDRICAL_SURFACE ( 'NONE', #226, 3.000000000000002665 ) ;
#1327 = AXIS2_PLACEMENT_3D ( 'NONE', #2349, #1981, #1080 ) ;
#1328 = CARTESIAN_POINT ( 'NONE',  ( -45.78961425957848519, 0.6032951792222295273, 12.42226674930540220 ) ) ;
#1329 = ORIENTED_EDGE ( 'NONE', *, *, #1602, .T. ) ;
#1330 = FACE_OUTER_BOUND ( 'NONE', #1273, .T. ) ;
#1331 = FACE_OUTER_BOUND ( 'NONE', #1715, .T. ) ;
#1332 = ORIENTED_EDGE ( 'NONE', *, *, #842, .T. ) ;
#1333 = DIRECTION ( 'NONE',  ( 0.000000000000000000, -1.000000000000000000, 0.000000000000000000 ) ) ;
#1334 = DIRECTION ( 'NONE',  ( 1.000000000000000000, 0.000000000000000000, 0.000000000000000000 ) ) ;
#1335 = ORIENTED_EDGE ( 'NONE', *, *, #1603, .T. ) ;
#1336 = AXIS2_PLACEMENT_3D ( 'NONE', #619, #1373, #631 ) ;
#1337 = LINE ( 'NONE', #16, #766 ) ;
#1338 = DIRECTION ( 'NONE',  ( 0.000000000000000000, 0.000000000000000000, 1.000000000000000000 ) ) ;
#1339 = VERTEX_POINT ( 'NONE', #2249 ) ;
#1340 = CARTESIAN_POINT ( 'NONE',  ( -78.08704195097766387, 1.752663965298819404, 7.500000000000000888 ) ) ;
#1341 = DIRECTION ( 'NONE',  ( 0.000000000000000000, 0.000000000000000000, 1.000000000000000000 ) ) ;
#1342 = ORIENTED_EDGE ( 'NONE', *, *, #1538, .T. ) ;
#1343 = CARTESIAN_POINT ( 'NONE',  ( -61.68039180462715620, 0.000000000000000000, 12.50000000000000000 ) ) ;
#1344 = CIRCLE ( 'NONE', #1086, 1.000000000000000888 ) ;
#1345 = DIRECTION ( 'NONE',  ( 0.000000000000000000, 0.000000000000000000, 1.000000000000000000 ) ) ;
#1346 = ADVANCED_FACE ( 'NONE', ( #2200 ), #1326, .T. ) ;
#1347 = VERTEX_POINT ( 'NONE', #1506 ) ;
#1348 = CARTESIAN_POINT ( 'NONE',  ( -57.79466476462779667, 15.10092700737547133, 12.49999999999999822 ) ) ;
#1349 = EDGE_CURVE ( 'NONE', #894, #1011, #2015, .T. ) ;
#1350 = CARTESIAN_POINT ( 'NONE',  ( -46.00974713769327451, 0.8440331826529194892, 12.48730452859748397 ) ) ;
#1351 = AXIS2_PLACEMENT_3D ( 'NONE', #1013, #86, #2099 ) ;
#1352 = EDGE_CURVE ( 'NONE', #1409, #1968, #1149, .T. ) ;
#1353 = VERTEX_POINT ( 'NONE', #779 ) ;
#1354 = DIRECTION ( 'NONE',  ( 1.000000000000000000, 0.000000000000000000, 0.000000000000000000 ) ) ;
#1355 = DIRECTION ( 'NONE',  ( 1.000000000000000000, 0.000000000000000000, 0.000000000000000000 ) ) ;
#1356 = ORIENTED_EDGE ( 'NONE', *, *, #2061, .T. ) ;
#1357 = DIRECTION ( 'NONE',  ( 0.000000000000000000, 0.000000000000000000, 1.000000000000000000 ) ) ;
#1358 = ORIENTED_EDGE ( 'NONE', *, *, #1131, .F. ) ;
#1359 = ADVANCED_FACE ( 'NONE', ( #1138 ), #607, .T. ) ;
#1360 = CARTESIAN_POINT ( 'NONE',  ( -74.85432088013729413, 8.528147199797908584, 12.48730321279971811 ) ) ;
#1361 = EDGE_CURVE ( 'NONE', #1161, #1761, #1034, .T. ) ;
#1362 = CIRCLE ( 'NONE', #2170, 3.000000000000002665 ) ;
#1363 = CYLINDRICAL_SURFACE ( 'NONE', #680, 3.000000000000002665 ) ;
#1364 = AXIS2_PLACEMENT_3D ( 'NONE', #1647, #50, #198 ) ;
#1365 = ADVANCED_FACE ( 'NONE', ( #1481 ), #919, .F. ) ;
#1366 = ORIENTED_EDGE ( 'NONE', *, *, #28, .F. ) ;
#1367 = DIRECTION ( 'NONE',  ( 1.000000000000000000, 0.000000000000000000, 0.000000000000000000 ) ) ;
#1368 = CARTESIAN_POINT ( 'NONE',  ( -61.68039180462715620, 0.000000000000000000, 12.50000000000000000 ) ) ;
#1369 = ORIENTED_EDGE ( 'NONE', *, *, #379, .F. ) ;
#1370 = AXIS2_PLACEMENT_3D ( 'NONE', #302, #327, #501 ) ;
#1371 = CARTESIAN_POINT ( 'NONE',  ( -44.31391091557100737, 5.964723819589806908, 12.50000000000000000 ) ) ;
#1372 = ORIENTED_EDGE ( 'NONE', *, *, #1467, .F. ) ;
#1373 = DIRECTION ( 'NONE',  ( -0.000000000000000000, 0.000000000000000000, 1.000000000000000000 ) ) ;
#1374 = AXIS2_PLACEMENT_3D ( 'NONE', #856, #829, #107 ) ;
#1375 = CARTESIAN_POINT ( 'NONE',  ( 107.5057136720462978, 14.97790291412315966, -5.000000000000441425 ) ) ;
#1376 = VERTEX_POINT ( 'NONE', #419 ) ;
#1377 = ORIENTED_EDGE ( 'NONE', *, *, #1960, .T. ) ;
#1378 = CARTESIAN_POINT ( 'NONE',  ( 123.3196081953728367, 0.000000000000000000, -5.000000000000441425 ) ) ;
#1379 = DIRECTION ( 'NONE',  ( 1.000000000000000000, 0.000000000000000000, 0.000000000000000000 ) ) ;
#1380 = VERTEX_POINT ( 'NONE', #397 ) ;
#1381 = CIRCLE ( 'NONE', #1609, 17.49999999999995381 ) ;
#1382 = DIRECTION ( 'NONE',  ( 1.000000000000000000, 0.000000000000000000, 0.000000000000000000 ) ) ;
#1383 = EDGE_CURVE ( 'NONE', #173, #2024, #348, .T. ) ;
#1384 = VERTEX_POINT ( 'NONE', #1697 ) ;
#1385 = VERTEX_POINT ( 'NONE', #1671 ) ;
#1386 = CARTESIAN_POINT ( 'NONE',  ( -74.96474516037235958, 9.298165365205795396, 12.21125264017291379 ) ) ;
#1387 = AXIS2_PLACEMENT_3D ( 'NONE', #1633, #12, #1644 ) ;
#1388 = DIRECTION ( 'NONE',  ( -0.000000000000000000, 0.000000000000000000, 1.000000000000000000 ) ) ;
#1389 = DIRECTION ( 'NONE',  ( 0.000000000000000000, 0.000000000000000000, -1.000000000000000000 ) ) ;
#1390 = ORIENTED_EDGE ( 'NONE', *, *, #1670, .T. ) ;
#1391 = AXIS2_PLACEMENT_3D ( 'NONE', #413, #229, #785 ) ;
#1392 = FACE_OUTER_BOUND ( 'NONE', #1503, .T. ) ;
#1393 = DIRECTION ( 'NONE',  ( 1.000000000000000000, 0.000000000000000000, 0.000000000000000000 ) ) ;
#1394 = AXIS2_PLACEMENT_3D ( 'NONE', #375, #918, #1648 ) ;
#1395 = ORIENTED_EDGE ( 'NONE', *, *, #997, .F. ) ;
#1396 = EDGE_CURVE ( 'NONE', #1109, #222, #943, .T. ) ;
#1397 = DIRECTION ( 'NONE',  ( 0.000000000000000000, 0.000000000000000000, 1.000000000000000000 ) ) ;
#1398 = VERTEX_POINT ( 'NONE', #741 ) ;
#1399 = VERTEX_POINT ( 'NONE', #1683 ) ;
#1400 = EDGE_CURVE ( 'NONE', #1380, #1166, #1064, .T. ) ;
#1401 = CARTESIAN_POINT ( 'NONE',  ( -74.99136953269629657, 9.428796170908375629, 12.10367703706564235 ) ) ;
#1402 = AXIS2_PLACEMENT_3D ( 'NONE', #154, #486, #1414 ) ;
#1403 = DIRECTION ( 'NONE',  ( -0.000000000000000000, 0.000000000000000000, 1.000000000000000000 ) ) ;
#1404 = CARTESIAN_POINT ( 'NONE',  ( -68.97528103863741933, -13.67605904723737176, 12.50000000000000000 ) ) ;
#1405 = CARTESIAN_POINT ( 'NONE',  ( -72.85351367225811714, -15.81047024906495935, 7.500000000000000888 ) ) ;
#1406 = EDGE_LOOP ( 'NONE', ( #2137, #478, #651, #418 ) ) ;
#1407 = CYLINDRICAL_SURFACE ( 'NONE', #1946, 3.000000000000002665 ) ;
#1408 = DIRECTION ( 'NONE',  ( 0.000000000000000000, 0.000000000000000000, 1.000000000000000000 ) ) ;
#1409 = VERTEX_POINT ( 'NONE', #298 ) ;
#1410 = EDGE_LOOP ( 'NONE', ( #1768, #1964, #2332, #2344 ) ) ;
#1411 = VERTEX_POINT ( 'NONE', #645 ) ;
#1412 = EDGE_CURVE ( 'NONE', #2289, #1347, #2102, .T. ) ;
#1413 = CARTESIAN_POINT ( 'NONE',  ( 111.6892836517622953, -14.61660998038212966, -5.000000000000441425 ) ) ;
#1414 = DIRECTION ( 'NONE',  ( 1.000000000000000000, -9.830099697201897928E-15, 0.000000000000000000 ) ) ;
#1415 = CARTESIAN_POINT ( 'NONE',  ( 103.3196081953728367, 6.123233995736772199E-16, -2.500000000000000444 ) ) ;
#1416 = DIRECTION ( 'NONE',  ( 1.000000000000000000, 0.000000000000000000, 0.000000000000000000 ) ) ;
#1417 = VERTEX_POINT ( 'NONE', #1564 ) ;
#1418 = AXIS2_PLACEMENT_3D ( 'NONE', #755, #1862, #190 ) ;
#1419 = CARTESIAN_POINT ( 'NONE',  ( -61.68039180462715620, 0.000000000000000000, -17.50000000000000000 ) ) ;
#1420 = ORIENTED_EDGE ( 'NONE', *, *, #1212, .T. ) ;
#1421 = EDGE_CURVE ( 'NONE', #1968, #1907, #654, .T. ) ;
#1422 = CARTESIAN_POINT ( 'NONE',  ( -78.03928106494059591, 1.785778262955188822, 11.83148599391329725 ) ) ;
#1423 = PLANE ( 'NONE',  #248 ) ;
#1424 = ADVANCED_FACE ( 'NONE', ( #1157, #2312 ), #825, .F. ) ;
#1425 = VECTOR ( 'NONE', #1310, 999.9999999999998863 ) ;
#1426 = CIRCLE ( 'NONE', #200, 1002.500000000000000 ) ;
#1427 = DIRECTION ( 'NONE',  ( 1.000000000000000000, 0.000000000000000000, 0.000000000000000000 ) ) ;
#1428 = EDGE_CURVE ( 'NONE', #683, #828, #2260, .T. ) ;
#1429 = DIRECTION ( 'NONE',  ( -0.000000000000000000, -0.000000000000000000, -1.000000000000000000 ) ) ;
#1430 = ORIENTED_EDGE ( 'NONE', *, *, #1611, .T. ) ;
#1431 = CARTESIAN_POINT ( 'NONE',  ( -47.45675635656520086, 7.985765311952959244, 12.10368025391361968 ) ) ;
#1432 = AXIS2_PLACEMENT_3D ( 'NONE', #1689, #1915, #2253 ) ;
#1433 = AXIS2_PLACEMENT_3D ( 'NONE', #2224, #555, #1315 ) ;
#1434 = ORIENTED_EDGE ( 'NONE', *, *, #1572, .F. ) ;
#1435 = CYLINDRICAL_SURFACE ( 'NONE', #2050, 3.000000000000002665 ) ;
#1436 = ADVANCED_FACE ( 'NONE', ( #1934 ), #883, .T. ) ;
#1437 = DIRECTION ( 'NONE',  ( -0.000000000000000000, -0.000000000000000000, -1.000000000000000000 ) ) ;
#1438 = ORIENTED_EDGE ( 'NONE', *, *, #1784, .T. ) ;
#1439 = DIRECTION ( 'NONE',  ( -0.000000000000000000, -0.000000000000000000, -1.000000000000000000 ) ) ;
#1440 = EDGE_CURVE ( 'NONE', #58, #1347, #1168, .T. ) ;
#1441 = ORIENTED_EDGE ( 'NONE', *, *, #2147, .T. ) ;
#1442 = DIRECTION ( 'NONE',  ( 1.000000000000000000, 0.000000000000000000, 0.000000000000000000 ) ) ;
#1443 = AXIS2_PLACEMENT_3D ( 'NONE', #1124, #951, #1147 ) ;
#1444 = CARTESIAN_POINT ( 'NONE',  ( -77.05646629671771564, 2.592079658080611360, 12.50000000000000000 ) ) ;
#1445 = CIRCLE ( 'NONE', #2092, 1.000000000000001776 ) ;
#1446 = LINE ( 'NONE', #1270, #579 ) ;
#1447 = CARTESIAN_POINT ( 'NONE',  ( -45.59006792315076950, 3.000000000000000000, 7.500000000000000888 ) ) ;
#1448 = VERTEX_POINT ( 'NONE', #1549 ) ;
#1449 = DIRECTION ( 'NONE',  ( -0.000000000000000000, -0.000000000000000000, -1.000000000000000000 ) ) ;
#1450 = ADVANCED_FACE ( 'NONE', ( #803 ), #2338, .T. ) ;
#1451 = ORIENTED_EDGE ( 'NONE', *, *, #1212, .F. ) ;
#1452 = CYLINDRICAL_SURFACE ( 'NONE', #1836, 3.000000000000002665 ) ;
#1453 = DIRECTION ( 'NONE',  ( 0.000000000000000000, 0.000000000000000000, 1.000000000000000000 ) ) ;
#1454 = APPROVAL ( #202, 'UNSPECIFIED' ) ;
#1455 = CARTESIAN_POINT ( 'NONE',  ( -61.68039180462715620, 0.000000000000000000, 11.50000000000000000 ) ) ;
#1456 = DIRECTION ( 'NONE',  ( 0.000000000000000000, 0.000000000000000000, 1.000000000000000000 ) ) ;
#1457 = CARTESIAN_POINT ( 'NONE',  ( -50.09642558588374328, -15.51197435559133631, 7.500000000000000888 ) ) ;
#1458 = CARTESIAN_POINT ( 'NONE',  ( -61.68039180462715620, 0.000000000000000000, -7.500000000000000000 ) ) ;
#1459 = CARTESIAN_POINT ( 'NONE',  ( -56.53243275526179445, -15.63012410256869167, 11.83148599391333455 ) ) ;
#1460 = ORIENTED_EDGE ( 'NONE', *, *, #331, .T. ) ;
#1461 = CARTESIAN_POINT ( 'NONE',  ( -49.43732304649269338, -11.06152192890253616, 11.66876121442358638 ) ) ;
#1462 = DIRECTION ( 'NONE',  ( 1.000000000000000000, 0.000000000000000000, 0.000000000000000000 ) ) ;
#1463 = EDGE_CURVE ( 'NONE', #1878, #1084, #1635, .T. ) ;
#1464 = AXIS2_PLACEMENT_3D ( 'NONE', #57, #773, #797 ) ;
#1465 = AXIS2_PLACEMENT_3D ( 'NONE', #270, #111, #1561 ) ;
#1466 = CARTESIAN_POINT ( 'NONE',  ( 108.3196081953728367, 0.000000000000000000, 7.500000000000000000 ) ) ;
#1467 = EDGE_CURVE ( 'NONE', #113, #1474, #1024, .T. ) ;
#1468 = UNCERTAINTY_MEASURE_WITH_UNIT (LENGTH_MEASURE( 1.000000000000000082E-05 ), #2171, 'distance_accuracy_value', 'NONE');
#1469 = DIRECTION ( 'NONE',  ( -0.000000000000000000, -0.000000000000000000, -1.000000000000000000 ) ) ;
#1470 = DIRECTION ( 'NONE',  ( 1.000000000000000000, 0.000000000000000000, 0.000000000000000000 ) ) ;
#1471 = APPROVAL_DATE_TIME ( #1306, #2 ) ;
#1472 = CARTESIAN_POINT ( 'NONE',  ( 108.3196081953728367, 0.000000000000000000, -2.500000000000000444 ) ) ;
#1473 = VECTOR ( 'NONE', #2371, 1000.000000000000000 ) ;
#1474 = VERTEX_POINT ( 'NONE', #90 ) ;
#1475 = DIRECTION ( 'NONE',  ( 1.000000000000000000, 7.083454193571956254E-15, 0.000000000000000000 ) ) ;
#1476 = CARTESIAN_POINT ( 'NONE',  ( -51.70341264111866764, -15.36320065859504247, 11.50000000000000000 ) ) ;
#1477 = AXIS2_PLACEMENT_3D ( 'NONE', #1999, #734, #920 ) ;
#1478 = CIRCLE ( 'NONE', #1708, 3.000000000000002665 ) ;
#1479 = DIRECTION ( 'NONE',  ( 1.000000000000000000, 0.000000000000000000, 0.000000000000000000 ) ) ;
#1480 = ADVANCED_FACE ( 'NONE', ( #2284 ), #1742, .T. ) ;
#1481 = FACE_OUTER_BOUND ( 'NONE', #1087, .T. ) ;
#1482 = CIRCLE ( 'NONE', #1370, 3.000000000000002665 ) ;
#1483 = DATE_AND_TIME ( #1849, #219 ) ;
#1484 = CARTESIAN_POINT ( 'NONE',  ( -56.26976035085739625, -15.06827074528847632, 12.36993840020068980 ) ) ;
#1485 = ORIENTED_EDGE ( 'NONE', *, *, #921, .T. ) ;
#1486 = CARTESIAN_POINT ( 'NONE',  ( -61.68039180462715620, 0.000000000000000000, 12.50000000000000000 ) ) ;
#1487 = VERTEX_POINT ( 'NONE', #1016 ) ;
#1488 = VERTEX_POINT ( 'NONE', #1741 ) ;
#1489 = VECTOR ( 'NONE', #29, 999.9999999999998863 ) ;
#1490 = DIRECTION ( 'NONE',  ( -0.3583679495453087616, -0.9335804264971985234, 0.000000000000000000 ) ) ;
#1491 = ADVANCED_FACE ( 'NONE', ( #1752 ), #101, .T. ) ;
#1492 = CARTESIAN_POINT ( 'NONE',  ( 111.6892836517622953, -14.61660998038212966, 7.500000000000000000 ) ) ;
#1493 = AXIS2_PLACEMENT_3D ( 'NONE', #1072, #2149, #499 ) ;
#1494 = CARTESIAN_POINT ( 'NONE',  ( 0.000000000000000000, 0.000000000000000000, 0.000000000000000000 ) ) ;
#1495 = EDGE_CURVE ( 'NONE', #1417, #1353, #833, .T. ) ;
#1496 = CARTESIAN_POINT ( 'NONE',  ( -56.55489337949342854, -15.68372614827075218, 11.66876012631444226 ) ) ;
#1497 = ORIENTED_EDGE ( 'NONE', *, *, #331, .F. ) ;
#1498 = CARTESIAN_POINT ( 'NONE',  ( -51.73034269092880066, -12.99596265175504506, 7.500000000000000888 ) ) ;
#1499 = VECTOR ( 'NONE', #727, 1000.000000000000000 ) ;
#1500 = EDGE_LOOP ( 'NONE', ( #1543, #1356, #961, #1332 ) ) ;
#1501 = CARTESIAN_POINT ( 'NONE',  ( -57.56137782913938139, 16.22985835990198211, 11.50000000000000000 ) ) ;
#1502 = DIRECTION ( 'NONE',  ( -0.3583679495453087060, -0.9335804264971984123, 0.000000000000000000 ) ) ;
#1503 = EDGE_LOOP ( 'NONE', ( #494, #1209, #2151, #2353, #217 ) ) ;
#1504 = AXIS2_PLACEMENT_3D ( 'NONE', #1447, #168, #2006 ) ;
#1505 = AXIS2_PLACEMENT_3D ( 'NONE', #1993, #557, #1637 ) ;
#1506 = CARTESIAN_POINT ( 'NONE',  ( -56.60834420425452862, 15.70109337401552629, 11.50000000000000000 ) ) ;
#1507 = DIRECTION ( 'NONE',  ( 1.000000000000000000, 0.000000000000000000, 0.000000000000000000 ) ) ;
#1508 = ORIENTED_EDGE ( 'NONE', *, *, #1538, .F. ) ;
#1509 = CARTESIAN_POINT ( 'NONE',  ( -74.83598072269269608, 8.196369941557748007, 12.50000000000000000 ) ) ;
#1510 = DIRECTION ( 'NONE',  ( -0.000000000000000000, 0.000000000000000000, 1.000000000000000000 ) ) ;
#1511 = TOROIDAL_SURFACE ( 'NONE', #2239, 1.999999999999999112, 1.000000000000000000 ) ;
#1512 = EDGE_LOOP ( 'NONE', ( #110, #371 ) ) ;
#1513 = CARTESIAN_POINT ( 'NONE',  ( 0.8421072155562251416, 16.06836288574596239, 7.500000000000000888 ) ) ;
#1514 = DIRECTION ( 'NONE',  ( 0.000000000000000000, 0.000000000000000000, 1.000000000000000000 ) ) ;
#1515 = ORIENTED_EDGE ( 'NONE', *, *, #2282, .F. ) ;
#1516 = LINE ( 'NONE', #1375, #1661 ) ;
#1517 = APPROVAL_PERSON_ORGANIZATION ( #1297, #1454, #1083 ) ;
#1518 = VERTEX_POINT ( 'NONE', #719 ) ;
#1519 = CARTESIAN_POINT ( 'NONE',  ( -64.77145524907261631, 15.91776523326765869, 12.21125264017291556 ) ) ;
#1520 = EDGE_CURVE ( 'NONE', #295, #1907, #1636, .T. ) ;
#1521 = FACE_OUTER_BOUND ( 'NONE', #13, .T. ) ;
#1522 = VERTEX_POINT ( 'NONE', #730 ) ;
#1523 = DIRECTION ( 'NONE',  ( 0.000000000000000000, 0.000000000000000000, 1.000000000000000000 ) ) ;
#1524 = LINE ( 'NONE', #2280, #711 ) ;
#1525 = EDGE_LOOP ( 'NONE', ( #679, #798, #2365, #824 ) ) ;
#1526 = AXIS2_PLACEMENT_3D ( 'NONE', #1927, #2318, #1063 ) ;
#1527 = CARTESIAN_POINT ( 'NONE',  ( -74.89091005481033392, 8.852296886673364895, 12.42226429100453089 ) ) ;
#1528 = DIRECTION ( 'NONE',  ( 1.000000000000000000, 0.000000000000000000, 0.000000000000000000 ) ) ;
#1529 = VERTEX_POINT ( 'NONE', #1413 ) ;
#1530 = CARTESIAN_POINT ( 'NONE',  ( -65.03719054151949308, 16.11006406181054729, 11.83148599391329370 ) ) ;
#1531 = DIRECTION ( 'NONE',  ( -0.000000000000000000, -0.000000000000000000, -1.000000000000000000 ) ) ;
#1532 = ORIENTED_EDGE ( 'NONE', *, *, #532, .T. ) ;
#1533 = CIRCLE ( 'NONE', #1617, 15.50000000000000000 ) ;
#1534 = CIRCLE ( 'NONE', #2032, 1.000000000000000888 ) ;
#1535 = EDGE_CURVE ( 'NONE', #126, #1264, #1041, .T. ) ;
#1536 = DIRECTION ( 'NONE',  ( -0.000000000000000000, 0.000000000000000000, 1.000000000000000000 ) ) ;
#1537 = ORIENTED_EDGE ( 'NONE', *, *, #148, .T. ) ;
#1538 = EDGE_CURVE ( 'NONE', #126, #1055, #1976, .T. ) ;
#1539 = CARTESIAN_POINT ( 'NONE',  ( -56.65802235460206049, 15.67093004455687932, 11.83148804205150384 ) ) ;
#1540 = AXIS2_PLACEMENT_3D ( 'NONE', #1050, #721, #1393 ) ;
#1541 = DIRECTION ( 'NONE',  ( 0.000000000000000000, -1.000000000000000000, 0.000000000000000000 ) ) ;
#1542 = AXIS2_PLACEMENT_3D ( 'NONE', #656, #1357, #1382 ) ;
#1543 = ORIENTED_EDGE ( 'NONE', *, *, #728, .F. ) ;
#1544 = CARTESIAN_POINT ( 'NONE',  ( 111.1276710756974921, -12.18050831698555037, -7.500000000000000000 ) ) ;
#1545 = CARTESIAN_POINT ( 'NONE',  ( -75.62965166127334271, -10.56731514869116140, 7.500000000000000888 ) ) ;
#1546 = VERTEX_POINT ( 'NONE', #2144 ) ;
#1547 = LINE ( 'NONE', #977, #1657 ) ;
#1548 = ORIENTED_EDGE ( 'NONE', *, *, #618, .T. ) ;
#1549 = CARTESIAN_POINT ( 'NONE',  ( -81.68039180462716331, 0.000000000000000000, 4.999999999999997335 ) ) ;
#1550 = EDGE_CURVE ( 'NONE', #1290, #553, #497, .T. ) ;
#1551 = AXIS2_PLACEMENT_3D ( 'NONE', #1850, #1541, #793 ) ;
#1552 = DIRECTION ( 'NONE',  ( -1.000000000000000000, 0.000000000000000000, 0.000000000000000000 ) ) ;
#1553 = AXIS2_PLACEMENT_3D ( 'NONE', #114, #850, #1235 ) ;
#1554 = VERTEX_POINT ( 'NONE', #710 ) ;
#1555 = DIRECTION ( 'NONE',  ( 0.000000000000000000, 0.000000000000000000, 1.000000000000000000 ) ) ;
#1556 = CC_DESIGN_PERSON_AND_ORGANIZATION_ASSIGNMENT ( #548, #2226, ( #2053 ) ) ;
#1557 = APPROVAL_PERSON_ORGANIZATION ( #2204, #2, #1814 ) ;
#1558 = LINE ( 'NONE', #2125, #1008 ) ;
#1559 = ORIENTED_EDGE ( 'NONE', *, *, #1146, .T. ) ;
#1560 = AXIS2_PLACEMENT_3D ( 'NONE', #2150, #2136, #1963 ) ;
#1561 = DIRECTION ( 'NONE',  ( -1.000000000000000000, 0.000000000000000000, 0.000000000000000000 ) ) ;
#1562 = ORIENTED_EDGE ( 'NONE', *, *, #1170, .F. ) ;
#1563 = ORIENTED_EDGE ( 'NONE', *, *, #400, .F. ) ;
#1564 = CARTESIAN_POINT ( 'NONE',  ( -61.98664353394287474, 18.35970584165793440, 12.50000000000000000 ) ) ;
#1565 = CARTESIAN_POINT ( 'NONE',  ( -50.92793147590716529, -11.16398660332878556, 12.50000000000000000 ) ) ;
#1566 = ADVANCED_FACE ( 'NONE', ( #700 ), #1435, .T. ) ;
#1567 = CARTESIAN_POINT ( 'NONE',  ( -73.20860778808493308, -14.23616113789372228, 11.50000000000000000 ) ) ;
#1568 = DIRECTION ( 'NONE',  ( 1.000000000000000000, 0.000000000000000000, 0.000000000000000000 ) ) ;
#1569 = ORIENTED_EDGE ( 'NONE', *, *, #72, .T. ) ;
#1570 = DIRECTION ( 'NONE',  ( -0.9659258262890708657, -0.2588190451025114136, 0.000000000000000000 ) ) ;
#1571 = CARTESIAN_POINT ( 'NONE',  ( 107.6413627592673663, 12.48158576176975387, -7.500000000000000000 ) ) ;
#1572 = EDGE_CURVE ( 'NONE', #405, #1178, #2088, .T. ) ;
#1573 = EDGE_LOOP ( 'NONE', ( #1508, #2130, #2192, #602 ) ) ;
#1574 = VECTOR ( 'NONE', #514, 1000.000000000000000 ) ;
#1575 = CARTESIAN_POINT ( 'NONE',  ( -74.82234268601014548, -14.21614394963745553, 11.50000000000000000 ) ) ;
#1576 = ORIENTED_EDGE ( 'NONE', *, *, #615, .T. ) ;
#1577 = ORIENTED_EDGE ( 'NONE', *, *, #124, .T. ) ;
#1578 = CARTESIAN_POINT ( 'NONE',  ( -60.72167472529797294, 18.29341163553452176, 11.50000000000000000 ) ) ;
#1579 = DIRECTION ( 'NONE',  ( -0.2588190451025185190, 0.9659258262890689783, 0.000000000000000000 ) ) ;
#1580 = CONICAL_SURFACE ( 'NONE', #544, 1002.499999999999545, 0.7853981633974372878 ) ;
#1581 = DIRECTION ( 'NONE',  ( 0.3583679495453087060, 0.9335804264971984123, -0.000000000000000000 ) ) ;
#1582 = CARTESIAN_POINT ( 'NONE',  ( -61.68039180462715620, 0.000000000000000000, 12.50000000000000000 ) ) ;
#1583 = VERTEX_POINT ( 'NONE', #908 ) ;
#1584 = CIRCLE ( 'NONE', #1846, 16.50000000000000000 ) ;
#1585 = DIRECTION ( 'NONE',  ( 1.000000000000000000, 0.000000000000000000, 0.000000000000000000 ) ) ;
#1586 = CARTESIAN_POINT ( 'NONE',  ( -42.59006792315076950, 3.000000000000000000, 11.50000000000000000 ) ) ;
#1587 = ORIENTED_EDGE ( 'NONE', *, *, #400, .T. ) ;
#1588 = ORIENTED_EDGE ( 'NONE', *, *, #264, .T. ) ;
#1589 = ORIENTED_EDGE ( 'NONE', *, *, #1598, .T. ) ;
#1590 = DIRECTION ( 'NONE',  ( 1.000000000000000000, 0.000000000000000000, 0.000000000000000000 ) ) ;
#1591 = VECTOR ( 'NONE', #498, 1000.000000000000000 ) ;
#1592 = CARTESIAN_POINT ( 'NONE',  ( -38.88833497356155533, -10.42009795115670556, 7.500000000000000888 ) ) ;
#1593 = LINE ( 'NONE', #155, #159 ) ;
#1594 = CARTESIAN_POINT ( 'NONE',  ( -56.67545909091700906, 17.04929294324404410, 7.500000000000000888 ) ) ;
#1595 = ORIENTED_EDGE ( 'NONE', *, *, #196, .F. ) ;
#1596 = CYLINDRICAL_SURFACE ( 'NONE', #1211, 20.00000000000000355 ) ;
#1597 = TOROIDAL_SURFACE ( 'NONE', #2364, 2.000000000000000444, 1.000000000000000000 ) ;
#1598 = EDGE_CURVE ( 'NONE', #352, #2021, #142, .T. ) ;
#1599 = ORIENTED_EDGE ( 'NONE', *, *, #826, .T. ) ;
#1600 = EDGE_CURVE ( 'NONE', #858, #1075, #100, .T. ) ;
#1601 = CARTESIAN_POINT ( 'NONE',  ( -77.88147212436065558, 1.899821513519500016, 12.10367703706565479 ) ) ;
#1602 = EDGE_CURVE ( 'NONE', #222, #2248, #695, .T. ) ;
#1603 = EDGE_CURVE ( 'NONE', #222, #1546, #1478, .T. ) ;
#1604 = FACE_OUTER_BOUND ( 'NONE', #139, .T. ) ;
#1605 = DIRECTION ( 'NONE',  ( -1.000000000000000000, 0.000000000000000000, 0.000000000000000000 ) ) ;
#1606 = CARTESIAN_POINT ( 'NONE',  ( -56.60834420425452862, 15.70109337401552629, 7.500000000000000888 ) ) ;
#1607 = ORIENTED_EDGE ( 'NONE', *, *, #1520, .T. ) ;
#1608 = DIRECTION ( 'NONE',  ( -0.3583679495453087060, -0.9335804264971984123, 0.000000000000000000 ) ) ;
#1609 = AXIS2_PLACEMENT_3D ( 'NONE', #1778, #1790, #487 ) ;
#1610 = ORIENTED_EDGE ( 'NONE', *, *, #615, .F. ) ;
#1611 = EDGE_CURVE ( 'NONE', #121, #1233, #1788, .T. ) ;
#1612 = EDGE_CURVE ( 'NONE', #828, #1347, #687, .T. ) ;
#1613 = FACE_OUTER_BOUND ( 'NONE', #1750, .T. ) ;
#1614 = ADVANCED_FACE ( 'NONE', ( #1613 ), #1597, .T. ) ;
#1615 = DIRECTION ( 'NONE',  ( -0.000000000000000000, -0.000000000000000000, -1.000000000000000000 ) ) ;
#1616 = AXIS2_PLACEMENT_3D ( 'NONE', #913, #1660, #2007 ) ;
#1617 = AXIS2_PLACEMENT_3D ( 'NONE', #2375, #529, #1831 ) ;
#1618 = CARTESIAN_POINT ( 'NONE',  ( -61.68039180462715620, 0.000000000000000000, -7.500000000000000000 ) ) ;
#1619 = ORIENTED_EDGE ( 'NONE', *, *, #1012, .F. ) ;
#1620 = CYLINDRICAL_SURFACE ( 'NONE', #620, 5.000000000000004441 ) ;
#1621 = ORIENTED_EDGE ( 'NONE', *, *, #1193, .F. ) ;
#1622 = AXIS2_PLACEMENT_3D ( 'NONE', #2360, #845, #1770 ) ;
#1623 = DIRECTION ( 'NONE',  ( 1.000000000000000000, 0.000000000000000000, 0.000000000000000000 ) ) ;
#1624 = CARTESIAN_POINT ( 'NONE',  ( -78.08704195097766387, 1.752663965298819404, 11.50000000000000000 ) ) ;
#1625 = LINE ( 'NONE', #534, #1807 ) ;
#1626 = CARTESIAN_POINT ( 'NONE',  ( 111.1276710756973927, -12.18050831698511871, 7.500000000000000000 ) ) ;
#1627 = AXIS2_PLACEMENT_3D ( 'NONE', #167, #1388, #1226 ) ;
#1628 = DATE_AND_TIME ( #2188, #2210 ) ;
#1629 = ORIENTED_EDGE ( 'NONE', *, *, #124, .F. ) ;
#1630 = CARTESIAN_POINT ( 'NONE',  ( 108.3196081953728367, 0.000000000000000000, -5.000000000000441425 ) ) ;
#1631 = ORIENTED_EDGE ( 'NONE', *, *, #1079, .T. ) ;
#1632 = CC_DESIGN_PERSON_AND_ORGANIZATION_ASSIGNMENT ( #1984, #182, ( #299 ) ) ;
#1633 = CARTESIAN_POINT ( 'NONE',  ( -61.68039180462715620, 0.000000000000000000, 7.500000000000000000 ) ) ;
#1634 = ORIENTED_EDGE ( 'NONE', *, *, #513, .T. ) ;
#1635 = CIRCLE ( 'NONE', #874, 3.000000000000002665 ) ;
#1636 = LINE ( 'NONE', #2337, #1173 ) ;
#1637 = DIRECTION ( 'NONE',  ( -0.6293203910498487152, -0.7771459614569617980, 0.000000000000000000 ) ) ;
#1638 = CARTESIAN_POINT ( 'NONE',  ( -78.32825387961021590, 7.747339998106249404, 11.50000000000000000 ) ) ;
#1639 = PERSON_AND_ORGANIZATION ( #387, #644 ) ;
#1640 = DIRECTION ( 'NONE',  ( -0.000000000000000000, 0.000000000000000000, 1.000000000000000000 ) ) ;
#1641 = CARTESIAN_POINT ( 'NONE',  ( -7.774739950682665324, 11.97204965282590727, 7.500000000000000888 ) ) ;
#1642 = EDGE_CURVE ( 'NONE', #553, #1448, #1068, .T. ) ;
#1643 = ORIENTED_EDGE ( 'NONE', *, *, #1642, .F. ) ;
#1644 = DIRECTION ( 'NONE',  ( 1.000000000000000000, 0.000000000000000000, 0.000000000000000000 ) ) ;
#1645 = EDGE_CURVE ( 'NONE', #2021, #774, #1783, .T. ) ;
#1646 = DIRECTION ( 'NONE',  ( -1.000000000000000000, 0.000000000000000000, 0.000000000000000000 ) ) ;
#1647 = CARTESIAN_POINT ( 'NONE',  ( -61.68039180462715620, 0.000000000000000000, 7.500000000000000000 ) ) ;
#1648 = DIRECTION ( 'NONE',  ( 1.000000000000000000, 3.469446951953611033E-15, 0.000000000000000000 ) ) ;
#1649 = CARTESIAN_POINT ( 'NONE',  ( -59.45670591665350457, 18.22711742941113400, 11.50000000000000000 ) ) ;
#1650 = FACE_OUTER_BOUND ( 'NONE', #1512, .T. ) ;
#1651 = AXIS2_PLACEMENT_3D ( 'NONE', #530, #1990, #1646 ) ;
#1652 = ORIENTED_EDGE ( 'NONE', *, *, #2036, .F. ) ;
#1653 = CARTESIAN_POINT ( 'NONE',  ( -60.72167472529797294, 18.29341163553452176, 12.50000000000000000 ) ) ;
#1654 = EDGE_CURVE ( 'NONE', #1398, #461, #1809, .T. ) ;
#1655 = CARTESIAN_POINT ( 'NONE',  ( -61.68039180462715620, 0.000000000000000000, -5.000000000000441425 ) ) ;
#1656 = CIRCLE ( 'NONE', #1125, 3.000000000000002665 ) ;
#1657 = VECTOR ( 'NONE', #1345, 1000.000000000000000 ) ;
#1658 = DIRECTION ( 'NONE',  ( -0.6293203910498432752, -0.7771459614569662389, 0.000000000000000000 ) ) ;
#1659 = DIRECTION ( 'NONE',  ( -0.2588190451025184635, 0.9659258262890689783, 0.000000000000000000 ) ) ;
#1660 = DIRECTION ( 'NONE',  ( -0.000000000000000000, -0.000000000000000000, -1.000000000000000000 ) ) ;
#1661 = VECTOR ( 'NONE', #1018, 1000.000000000000114 ) ;
#1662 = ORIENTED_EDGE ( 'NONE', *, *, #148, .F. ) ;
#1663 = DIRECTION ( 'NONE',  ( 1.000000000000000000, 0.000000000000000000, 0.000000000000000000 ) ) ;
#1664 = CARTESIAN_POINT ( 'NONE',  ( -59.56137782913938139, 16.22985835990198211, 7.500000000000000888 ) ) ;
#1665 = EDGE_CURVE ( 'NONE', #1055, #1529, #917, .T. ) ;
#1666 = AXIS2_PLACEMENT_3D ( 'NONE', #560, #1837, #1828 ) ;
#1667 = TOROIDAL_SURFACE ( 'NONE', #297, 2.000000000000000000, 1.000000000000000000 ) ;
#1668 = CARTESIAN_POINT ( 'NONE',  ( -43.98606359307182601, 4.741180954897437516, 11.50000000000000000 ) ) ;
#1669 = EDGE_CURVE ( 'NONE', #846, #1220, #559, .T. ) ;
#1670 = EDGE_CURVE ( 'NONE', #1055, #319, #22, .T. ) ;
#1671 = CARTESIAN_POINT ( 'NONE',  ( -47.74011662478255147, 6.776335876431336835, 12.50000000000000000 ) ) ;
#1672 = CIRCLE ( 'NONE', #1070, 20.00000000000000355 ) ;
#1673 = APPROVAL_ROLE ( '' ) ;
#1674 = DIRECTION ( 'NONE',  ( 0.000000000000000000, -0.000000000000000000, -1.000000000000000000 ) ) ;
#1675 = ORIENTED_EDGE ( 'NONE', *, *, #1012, .T. ) ;
#1676 = CARTESIAN_POINT ( 'NONE',  ( -66.68039180462716331, 6.123233995736772199E-16, -17.50000000000000000 ) ) ;
#1677 = EDGE_LOOP ( 'NONE', ( #1148, #790, #986, #1132, #907, #1201, #1222, #973, #1563, #835, #1675, #2325, #2206, #2166, #2317, #952, #2309, #1610 ) ) ;
#1678 = FACE_OUTER_BOUND ( 'NONE', #1718, .T. ) ;
#1679 = VECTOR ( 'NONE', #235, 1000.000000000000000 ) ;
#1680 = EDGE_CURVE ( 'NONE', #1522, #295, #640, .T. ) ;
#1681 = FACE_OUTER_BOUND ( 'NONE', #693, .T. ) ;
#1682 = ORIENTED_EDGE ( 'NONE', *, *, #1784, .F. ) ;
#1683 = CARTESIAN_POINT ( 'NONE',  ( -59.70861412296616777, 17.38856212497535125, -7.500000000000000000 ) ) ;
#1684 = AXIS2_PLACEMENT_3D ( 'NONE', #311, #866, #1240 ) ;
#1685 = ADVANCED_FACE ( 'NONE', ( #591 ), #1833, .T. ) ;
#1686 = DIRECTION ( 'NONE',  ( 1.000000000000000000, 0.000000000000000000, 0.000000000000000000 ) ) ;
#1687 = ORIENTED_EDGE ( 'NONE', *, *, #2216, .F. ) ;
#1688 = PLANE ( 'NONE',  #2030 ) ;
#1689 = CARTESIAN_POINT ( 'NONE',  ( -62.09131544642880129, 16.36244677214879317, 7.500000000000000888 ) ) ;
#1690 = TOROIDAL_SURFACE ( 'NONE', #1800, 2.000000000000000000, 1.000000000000000000 ) ;
#1691 = VERTEX_POINT ( 'NONE', #1693 ) ;
#1692 = DIRECTION ( 'NONE',  ( 1.000000000000000000, 0.000000000000000000, 0.000000000000000000 ) ) ;
#1693 = CARTESIAN_POINT ( 'NONE',  ( -52.22112162632284793, -16.89176809748915531, 11.50000000000000000 ) ) ;
#1694 = ORIENTED_EDGE ( 'NONE', *, *, #941, .F. ) ;
#1695 = VECTOR ( 'NONE', #819, 1000.000000000000000 ) ;
#1696 = AXIS2_PLACEMENT_3D ( 'NONE', #1140, #933, #1275 ) ;
#1697 = CARTESIAN_POINT ( 'NONE',  ( -59.40436996041054130, 19.22574696416570816, 7.500000000000000888 ) ) ;
#1698 = ADVANCED_FACE ( 'NONE', ( #3 ), #1667, .T. ) ;
#1699 = CARTESIAN_POINT ( 'NONE',  ( -46.21959142492043071, 1.101658576356757901, 12.50000000000000000 ) ) ;
#1700 = ORIENTED_EDGE ( 'NONE', *, *, #162, .T. ) ;
#1701 = CARTESIAN_POINT ( 'NONE',  ( -73.54090339420405087, -9.978890962101553797, 12.50000000000000000 ) ) ;
#1702 = DIRECTION ( 'NONE',  ( 1.000000000000000000, 0.000000000000000000, 0.000000000000000000 ) ) ;
#1703 = AXIS2_PLACEMENT_3D ( 'NONE', #1799, #1777, #143 ) ;
#1704 = ORIENTED_EDGE ( 'NONE', *, *, #2351, .F. ) ;
#1705 = DIRECTION ( 'NONE',  ( 0.7771459614569662389, -0.6293203910498432752, 0.000000000000000000 ) ) ;
#1706 = DIRECTION ( 'NONE',  ( 0.000000000000000000, 0.000000000000000000, 1.000000000000000000 ) ) ;
#1707 = ORIENTED_EDGE ( 'NONE', *, *, #795, .T. ) ;
#1708 = AXIS2_PLACEMENT_3D ( 'NONE', #1969, #1069, #129 ) ;
#1709 = CARTESIAN_POINT ( 'NONE',  ( -56.94240583939969014, 15.50745979512454475, 12.21125592503877044 ) ) ;
#1710 = DIRECTION ( 'NONE',  ( 0.000000000000000000, 0.000000000000000000, 1.000000000000000000 ) ) ;
#1711 = ORIENTED_EDGE ( 'NONE', *, *, #1250, .F. ) ;
#1712 = ADVANCED_FACE ( 'NONE', ( #188 ), #2041, .T. ) ;
#1713 = CARTESIAN_POINT ( 'NONE',  ( -61.68039180462715620, 0.000000000000000000, 11.50000000000000000 ) ) ;
#1714 = CARTESIAN_POINT ( 'NONE',  ( -56.68039180462715620, 0.000000000000000000, -17.50000000000000000 ) ) ;
#1715 = EDGE_LOOP ( 'NONE', ( #205, #536, #1358, #250 ) ) ;
#1716 = ADVANCED_FACE ( 'NONE', ( #789 ), #2236, .F. ) ;
#1717 = PLANE ( 'NONE',  #130 ) ;
#1718 = EDGE_LOOP ( 'NONE', ( #561, #922, #576, #1164 ) ) ;
#1719 = AXIS2_PLACEMENT_3D ( 'NONE', #1649, #1126, #1848 ) ;
#1720 = DIRECTION ( 'NONE',  ( 1.000000000000000000, 5.204170427930416550E-15, 0.000000000000000000 ) ) ;
#1721 = CARTESIAN_POINT ( 'NONE',  ( 108.3196081953728367, 0.000000000000000000, -7.500000000000000000 ) ) ;
#1722 = ORIENTED_EDGE ( 'NONE', *, *, #1412, .F. ) ;
#1723 = CARTESIAN_POINT ( 'NONE',  ( -51.73034269092880066, -12.99596265175504506, 11.50000000000000000 ) ) ;
#1724 = CARTESIAN_POINT ( 'NONE',  ( -61.68039180462715620, 0.000000000000000000, 11.50000000000000000 ) ) ;
#1725 = ORIENTED_EDGE ( 'NONE', *, *, #404, .F. ) ;
#1726 = ADVANCED_FACE ( 'NONE', ( #1681 ), #417, .T. ) ;
#1727 = CIRCLE ( 'NONE', #2346, 16.50000000000000000 ) ;
#1728 = AXIS2_PLACEMENT_3D ( 'NONE', #1476, #2209, #393 ) ;
#1729 = DIRECTION ( 'NONE',  ( 0.000000000000000000, 0.000000000000000000, 1.000000000000000000 ) ) ;
#1730 = ORIENTED_EDGE ( 'NONE', *, *, #1654, .F. ) ;
#1731 = DIRECTION ( 'NONE',  ( 1.000000000000000000, 0.000000000000000000, 0.000000000000000000 ) ) ;
#1732 = TOROIDAL_SURFACE ( 'NONE', #1961, 15.50000000000000000, 1.000000000000000000 ) ;
#1733 = CARTESIAN_POINT ( 'NONE',  ( -75.04567006614981040, 9.675708604131786572, 7.500000000000000888 ) ) ;
#1734 = AXIS2_PLACEMENT_3D ( 'NONE', #776, #1283, #1134 ) ;
#1735 = ORIENTED_EDGE ( 'NONE', *, *, #1960, .F. ) ;
#1736 = DIRECTION ( 'NONE',  ( 0.000000000000000000, 0.000000000000000000, 1.000000000000000000 ) ) ;
#1737 = CARTESIAN_POINT ( 'NONE',  ( 53.24607878360890112, 1013.504763855667079, -7.500000000000000000 ) ) ;
#1738 = ORIENTED_EDGE ( 'NONE', *, *, #1839, .T. ) ;
#1739 = LINE ( 'NONE', #1906, #628 ) ;
#1740 = EDGE_LOOP ( 'NONE', ( #2140, #306, #473, #282 ) ) ;
#1741 = CARTESIAN_POINT ( 'NONE',  ( -64.97579809330504474, 17.18692227807354200, 7.500000000000000888 ) ) ;
#1742 = CONICAL_SURFACE ( 'NONE', #982, 15.00000000000000000, 0.7853981633974458365 ) ;
#1743 = CARTESIAN_POINT ( 'NONE',  ( -43.34798508928192717, 6.223542864692319654, 7.500000000000000888 ) ) ;
#1744 = ORIENTED_EDGE ( 'NONE', *, *, #1421, .T. ) ;
#1745 = DIRECTION ( 'NONE',  ( 0.000000000000000000, 0.000000000000000000, 1.000000000000000000 ) ) ;
#1746 = CARTESIAN_POINT ( 'NONE',  ( 10.59901996007864255, 423.8816894310817815, -5.000000000000441425 ) ) ;
#1747 = ORIENTED_EDGE ( 'NONE', *, *, #748, .T. ) ;
#1748 = CONICAL_SURFACE ( 'NONE', #451, 450.0000000000000568, 0.7853981633974594923 ) ;
#1749 = CYLINDRICAL_SURFACE ( 'NONE', #1465, 20.00000000000000355 ) ;
#1750 = EDGE_LOOP ( 'NONE', ( #1662, #735, #685, #92 ) ) ;
#1751 = EDGE_LOOP ( 'NONE', ( #1329, #2048, #1682, #2075 ) ) ;
#1752 = FACE_OUTER_BOUND ( 'NONE', #1780, .T. ) ;
#1753 = CARTESIAN_POINT ( 'NONE',  ( -61.68039180462715620, 0.000000000000000000, -17.50000000000000000 ) ) ;
#1754 = CARTESIAN_POINT ( 'NONE',  ( -68.41720800568671734, -15.06204858155560977, 11.66876012631443693 ) ) ;
#1755 = DIRECTION ( 'NONE',  ( 0.000000000000000000, 0.000000000000000000, 1.000000000000000000 ) ) ;
#1756 = ORIENTED_EDGE ( 'NONE', *, *, #1771, .T. ) ;
#1757 = CARTESIAN_POINT ( 'NONE',  ( -61.68039180462715620, 0.000000000000000000, -17.50000000000000000 ) ) ;
#1758 = CARTESIAN_POINT ( 'NONE',  ( -36.58569500162069943, -45.17957072735935498, 11.50000000000000000 ) ) ;
#1759 = ORIENTED_EDGE ( 'NONE', *, *, #1600, .F. ) ;
#1760 = ORIENTED_EDGE ( 'NONE', *, *, #1428, .F. ) ;
#1761 = VERTEX_POINT ( 'NONE', #928 ) ;
#1762 = CARTESIAN_POINT ( 'NONE',  ( -77.54431821528368118, 2.159526526605979324, 12.36993840020065960 ) ) ;
#1763 = DIRECTION ( 'NONE',  ( 1.000000000000000000, 0.000000000000000000, 0.000000000000000000 ) ) ;
#1764 = AXIS2_PLACEMENT_3D ( 'NONE', #2085, #801, #449 ) ;
#1765 = CARTESIAN_POINT ( 'NONE',  ( -77.36898581851924916, 4.665462514913759406, 7.500000000000000888 ) ) ;
#1766 = ADVANCED_FACE ( 'NONE', ( #233 ), #1847, .T. ) ;
#1767 = DIRECTION ( 'NONE',  ( -0.000000000000000000, 0.000000000000000000, 1.000000000000000000 ) ) ;
#1768 = ORIENTED_EDGE ( 'NONE', *, *, #587, .T. ) ;
#1769 = DIRECTION ( 'NONE',  ( 1.000000000000000000, 0.000000000000000000, 0.000000000000000000 ) ) ;
#1770 = DIRECTION ( 'NONE',  ( 1.000000000000000000, 8.962737959213495958E-15, 0.000000000000000000 ) ) ;
#1771 = EDGE_CURVE ( 'NONE', #1518, #2289, #88, .T. ) ;
#1772 = EDGE_CURVE ( 'NONE', #1448, #551, #940, .T. ) ;
#1773 = EDGE_LOOP ( 'NONE', ( #1395, #1562, #2241, #613 ) ) ;
#1774 = ORIENTED_EDGE ( 'NONE', *, *, #572, .T. ) ;
#1775 = DIRECTION ( 'NONE',  ( -0.000000000000000000, -0.000000000000000000, -1.000000000000000000 ) ) ;
#1776 = AXIS2_PLACEMENT_3D ( 'NONE', #1910, #2285, #300 ) ;
#1777 = DIRECTION ( 'NONE',  ( 0.000000000000000000, 0.000000000000000000, 1.000000000000000000 ) ) ;
#1778 = CARTESIAN_POINT ( 'NONE',  ( -61.68039180462715620, 0.000000000000000000, 7.500000000000000000 ) ) ;
#1779 = CIRCLE ( 'NONE', #1551, 1.000000000000000888 ) ;
#1780 = EDGE_LOOP ( 'NONE', ( #34, #2000, #345, #848 ) ) ;
#1781 = CARTESIAN_POINT ( 'NONE',  ( -51.73034269092880066, -12.99596265175504506, 12.50000000000000000 ) ) ;
#1782 = ADVANCED_FACE ( 'NONE', ( #2185 ), #27, .T. ) ;
#1783 = CIRCLE ( 'NONE', #1259, 17.49999999999995381 ) ;
#1784 = EDGE_CURVE ( 'NONE', #1546, #461, #402, .T. ) ;
#1785 = AXIS2_PLACEMENT_3D ( 'NONE', #488, #1032, #2341 ) ;
#1786 = ORIENTED_EDGE ( 'NONE', *, *, #193, .F. ) ;
#1787 = EDGE_CURVE ( 'NONE', #585, #121, #931, .T. ) ;
#1788 = LINE ( 'NONE', #2167, #1897 ) ;
#1789 = CARTESIAN_POINT ( 'NONE',  ( -51.73034269092880066, -12.99596265175504506, 7.500000000000000888 ) ) ;
#1790 = DIRECTION ( 'NONE',  ( -0.000000000000000000, 0.000000000000000000, 1.000000000000000000 ) ) ;
#1791 = DIRECTION ( 'NONE',  ( -0.000000000000000000, -0.000000000000000000, 1.000000000000000000 ) ) ;
#1792 = ORIENTED_EDGE ( 'NONE', *, *, #1572, .T. ) ;
#1793 = CIRCLE ( 'NONE', #2218, 1.000000000000000444 ) ;
#1794 = PLANE ( 'NONE',  #1374 ) ;
#1795 = ORIENTED_EDGE ( 'NONE', *, *, #600, .F. ) ;
#1796 = TOROIDAL_SURFACE ( 'NONE', #1684, 15.50000000000000000, 1.000000000000000000 ) ;
#1797 = PLANE ( 'NONE',  #621 ) ;
#1798 = CARTESIAN_POINT ( 'NONE',  ( -61.68039180462715620, 0.000000000000000000, 7.500000000000000000 ) ) ;
#1799 = CARTESIAN_POINT ( 'NONE',  ( -61.68039180462715620, 0.000000000000000000, 12.50000000000000000 ) ) ;
#1800 = AXIS2_PLACEMENT_3D ( 'NONE', #586, #2058, #422 ) ;
#1801 = SHAPE_DEFINITION_REPRESENTATION ( #350, #2297 ) ;
#1802 = ORIENTED_EDGE ( 'NONE', *, *, #1853, .F. ) ;
#1803 = DIRECTION ( 'NONE',  ( 1.000000000000000000, 0.000000000000000000, 0.000000000000000000 ) ) ;
#1804 = VERTEX_POINT ( 'NONE', #1103 ) ;
#1805 = CIRCLE ( 'NONE', #990, 1.000000000000001554 ) ;
#1806 = DIRECTION ( 'NONE',  ( 0.000000000000000000, 0.000000000000000000, 1.000000000000000000 ) ) ;
#1807 = VECTOR ( 'NONE', #1105, 1000.000000000000000 ) ;
#1808 = DIRECTION ( 'NONE',  ( -0.000000000000000000, -0.000000000000000000, 1.000000000000000000 ) ) ;
#1809 = LINE ( 'NONE', #2197, #2173 ) ;
#1810 = EDGE_CURVE ( 'NONE', #2182, #2266, #1524, .T. ) ;
#1811 = CARTESIAN_POINT ( 'NONE',  ( -76.46109302661581353, 7.030604099015652864, 12.50000000000000000 ) ) ;
#1812 = CARTESIAN_POINT ( 'NONE',  ( -61.68039180462715620, 0.000000000000000000, 4.999999999999997335 ) ) ;
#1813 = VECTOR ( 'NONE', #1899, 1000.000000000000000 ) ;
#1814 = APPROVAL_ROLE ( '' ) ;
#1815 = ADVANCED_FACE ( 'NONE', ( #2293 ), #2040, .T. ) ;
#1816 = EDGE_LOOP ( 'NONE', ( #1438, #1730, #1943, #1629 ) ) ;
#1817 = CARTESIAN_POINT ( 'NONE',  ( -59.56137782913938139, 16.22985835990198211, 11.50000000000000000 ) ) ;
#1818 = DIRECTION ( 'NONE',  ( -0.000000000000000000, 0.000000000000000000, 1.000000000000000000 ) ) ;
#1819 = VERTEX_POINT ( 'NONE', #281 ) ;
#1820 = CARTESIAN_POINT ( 'NONE',  ( -50.92793147590716529, -11.16398660332878556, 12.50000000000000000 ) ) ;
#1821 = DIRECTION ( 'NONE',  ( 0.8386705679454272699, 0.5446390350150221993, -0.000000000000000000 ) ) ;
#1822 = APPLICATION_CONTEXT ( 'configuration controlled 3d designs of mechanical parts and assemblies' ) ;
#1823 = ORIENTED_EDGE ( 'NONE', *, *, #1889, .F. ) ;
#1824 = CARTESIAN_POINT ( 'NONE',  ( -46.24576256814913933, 5.447085729384788522, 11.50000000000000000 ) ) ;
#1825 = DIRECTION ( 'NONE',  ( 1.000000000000000000, 0.000000000000000000, 0.000000000000000000 ) ) ;
#1826 = CYLINDRICAL_SURFACE ( 'NONE', #153, 3.000000000000002665 ) ;
#1827 = DATE_AND_TIME ( #2361, #840 ) ;
#1828 = DIRECTION ( 'NONE',  ( 1.000000000000000000, 0.000000000000000000, 0.000000000000000000 ) ) ;
#1829 = AXIS2_PLACEMENT_3D ( 'NONE', #2124, #706, #1608 ) ;
#1830 = EDGE_LOOP ( 'NONE', ( #98, #149, #1497, #983, #2320 ) ) ;
#1831 = DIRECTION ( 'NONE',  ( 1.000000000000000000, 0.000000000000000000, 0.000000000000000000 ) ) ;
#1832 = CARTESIAN_POINT ( 'NONE',  ( -43.59006792315076950, 3.000000000000000000, 12.50000000000000000 ) ) ;
#1833 = PLANE ( 'NONE',  #337 ) ;
#1834 = DIRECTION ( 'NONE',  ( 0.000000000000000000, 0.000000000000000000, 1.000000000000000000 ) ) ;
#1835 = MECHANICAL_CONTEXT ( 'NONE', #1822, 'mechanical' ) ;
#1836 = AXIS2_PLACEMENT_3D ( 'NONE', #33, #2220, #539 ) ;
#1837 = DIRECTION ( 'NONE',  ( 0.000000000000000000, 0.000000000000000000, 1.000000000000000000 ) ) ;
#1838 = CIRCLE ( 'NONE', #814, 3.000000000000002665 ) ;
#1839 = EDGE_CURVE ( 'NONE', #1347, #585, #1584, .T. ) ;
#1840 = ORIENTED_EDGE ( 'NONE', *, *, #1421, .F. ) ;
#1841 = CARTESIAN_POINT ( 'NONE',  ( -49.82344569840378057, -11.06086114812988619, 12.21125592503882196 ) ) ;
#1842 = EDGE_CURVE ( 'NONE', #1014, #405, #1547, .T. ) ;
#1843 = LINE ( 'NONE', #209, #2263 ) ;
#1844 = TOROIDAL_SURFACE ( 'NONE', #781, 15.50000000000000000, 1.000000000000000000 ) ;
#1845 = EDGE_CURVE ( 'NONE', #2154, #2229, #243, .T. ) ;
#1846 = AXIS2_PLACEMENT_3D ( 'NONE', #1920, #616, #70 ) ;
#1847 = CYLINDRICAL_SURFACE ( 'NONE', #510, 15.00000000000000000 ) ;
#1848 = DIRECTION ( 'NONE',  ( -0.05233595624296030063, -0.9986295347545730561, 0.000000000000000000 ) ) ;
#1849 = CALENDAR_DATE ( 2026, 12, 9 ) ;
#1850 = CARTESIAN_POINT ( 'NONE',  ( -46.18039180462715620, 0.000000000000000000, 11.50000000000000000 ) ) ;
#1851 = B_SPLINE_CURVE_WITH_KNOTS ( 'NONE', 3,
 ( #304, #870, #503, #122, #1939, #1218, #1431, #2108, #882, #1975 ),
 .UNSPECIFIED., .F., .F.,
 ( 4, 2, 2, 2, 4 ),
 ( -6.578102695099607578E-06, 0.0004905520520395291548, 0.0009876822067741580519, 0.001484812361508786732, 0.001981942516243415629 ),
 .UNSPECIFIED. ) ;
#1852 = VERTEX_POINT ( 'NONE', #1371 ) ;
#1853 = EDGE_CURVE ( 'NONE', #1804, #1252, #206, .T. ) ;
#1854 = FACE_OUTER_BOUND ( 'NONE', #320, .T. ) ;
#1855 = VERTEX_POINT ( 'NONE', #460 ) ;
#1856 = LINE ( 'NONE', #1743, #2300 ) ;
#1857 = CIRCLE ( 'NONE', #20, 3.000000000000002665 ) ;
#1858 = AXIS2_PLACEMENT_3D ( 'NONE', #763, #1490, #394 ) ;
#1859 = CARTESIAN_POINT ( 'NONE',  ( -36.58569500162069943, -45.17957072735935498, 7.500000000000000888 ) ) ;
#1860 = EDGE_CURVE ( 'NONE', #2174, #1023, #742, .T. ) ;
#1861 = VERTEX_POINT ( 'NONE', #1194 ) ;
#1862 = DIRECTION ( 'NONE',  ( -0.000000000000000000, 0.000000000000000000, 1.000000000000000000 ) ) ;
#1863 = FACE_OUTER_BOUND ( 'NONE', #1129, .T. ) ;
#1864 = ORIENTED_EDGE ( 'NONE', *, *, #2211, .T. ) ;
#1865 = CARTESIAN_POINT ( 'NONE',  ( -53.85503873136794084, -14.37575639365289071, 11.50000000000000000 ) ) ;
#1866 = CARTESIAN_POINT ( 'NONE',  ( -73.54090339420405087, -9.978890962101553797, 12.50000000000000000 ) ) ;
#1867 = ORIENTED_EDGE ( 'NONE', *, *, #84, .T. ) ;
#1868 = CARTESIAN_POINT ( 'NONE',  ( 108.3196081953728367, 0.000000000000000000, -5.000000000000441425 ) ) ;
#1869 = DIRECTION ( 'NONE',  ( 0.000000000000000000, 0.000000000000000000, 1.000000000000000000 ) ) ;
#1870 = EDGE_CURVE ( 'NONE', #1233, #2114, #1053, .T. ) ;
#1871 = EDGE_LOOP ( 'NONE', ( #1318, #424, #483, #288 ) ) ;
#1872 = DIRECTION ( 'NONE',  ( -1.000000000000000000, 0.000000000000000000, 0.000000000000000000 ) ) ;
#1873 = CARTESIAN_POINT ( 'NONE',  ( -59.56137782913938139, 16.22985835990198211, 7.500000000000000888 ) ) ;
#1874 = EDGE_CURVE ( 'NONE', #894, #1233, #1739, .T. ) ;
#1875 = ORIENTED_EDGE ( 'NONE', *, *, #2196, .T. ) ;
#1876 = DIRECTION ( 'NONE',  ( 0.000000000000000000, 0.000000000000000000, 1.000000000000000000 ) ) ;
#1877 = CARTESIAN_POINT ( 'NONE',  ( 10.59901996007864255, 423.8816894310817815, 7.500000000000000000 ) ) ;
#1878 = VERTEX_POINT ( 'NONE', #1165 ) ;
#1879 = CARTESIAN_POINT ( 'NONE',  ( -68.89707437903190623, -13.82251917562174270, 12.49999999999999645 ) ) ;
#1880 = MANIFOLD_SOLID_BREP ( 'Boss-Extrude4', #749 ) ;
#1881 = CIRCLE ( 'NONE', #2073, 16.50000000000000000 ) ;
#1882 = DIRECTION ( 'NONE',  ( 1.000000000000000000, 0.000000000000000000, 0.000000000000000000 ) ) ;
#1883 = B_SPLINE_CURVE_WITH_KNOTS ( 'NONE', 3,
 ( #1913, #806, #1530, #2264, #1519, #93, #1162, #1152, #412, #1891 ),
 .UNSPECIFIED., .F., .F.,
 ( 4, 2, 2, 2, 4 ),
 ( 0.000000000000000000, 0.0004980977809551307214, 0.0009961955619102614429, 0.001494293342865392164, 0.001992391123820520284 ),
 .UNSPECIFIED. ) ;
#1884 = ORIENTED_EDGE ( 'NONE', *, *, #2351, .T. ) ;
#1885 = VECTOR ( 'NONE', #293, 999.9999999999998863 ) ;
#1886 = CARTESIAN_POINT ( 'NONE',  ( -72.93438151286063942, -11.88470606526655793, 11.50000000000000000 ) ) ;
#1887 = EDGE_CURVE ( 'NONE', #1353, #2024, #1931, .T. ) ;
#1888 = DIRECTION ( 'NONE',  ( -0.000000000000000000, -0.000000000000000000, -1.000000000000000000 ) ) ;
#1889 = EDGE_CURVE ( 'NONE', #401, #2335, #860, .T. ) ;
#1890 = ORIENTED_EDGE ( 'NONE', *, *, #518, .F. ) ;
#1891 = CARTESIAN_POINT ( 'NONE',  ( -63.81728825967685026, 15.35199249414863765, 12.50000000000000000 ) ) ;
#1892 = DIRECTION ( 'NONE',  ( 1.000000000000000000, 0.000000000000000000, 0.000000000000000000 ) ) ;
#1893 = CIRCLE ( 'NONE', #1287, 2.000000000000001776 ) ;
#1894 = ORIENTED_EDGE ( 'NONE', *, *, #1654, .T. ) ;
#1895 = DIRECTION ( 'NONE',  ( 0.000000000000000000, -1.000000000000000000, 0.000000000000000000 ) ) ;
#1896 = ORIENTED_EDGE ( 'NONE', *, *, #971, .T. ) ;
#1897 = VECTOR ( 'NONE', #151, 999.9999999999998863 ) ;
#1898 = DIRECTION ( 'NONE',  ( 0.000000000000000000, 0.000000000000000000, 1.000000000000000000 ) ) ;
#1899 = DIRECTION ( 'NONE',  ( 0.7771459614569662389, -0.6293203910498432752, 0.000000000000000000 ) ) ;
#1900 = APPROVAL_PERSON_ORGANIZATION ( #1107, #334, #1673 ) ;
#1901 = ADVANCED_FACE ( 'NONE', ( #987 ), #1717, .T. ) ;
#1902 = ORIENTED_EDGE ( 'NONE', *, *, #1225, .F. ) ;
#1903 = DIRECTION ( 'NONE',  ( 0.7771459614569662389, -0.6293203910498432752, 0.000000000000000000 ) ) ;
#1904 = LINE ( 'NONE', #80, #670 ) ;
#1905 = ORIENTED_EDGE ( 'NONE', *, *, #1669, .T. ) ;
#1906 = CARTESIAN_POINT ( 'NONE',  ( -42.69229044428357156, 3.776457135307583091, 7.500000000000000888 ) ) ;
#1907 = VERTEX_POINT ( 'NONE', #2268 ) ;
#1908 = VECTOR ( 'NONE', #1898, 1000.000000000000000 ) ;
#1909 = DIRECTION ( 'NONE',  ( -1.000000000000000000, 0.000000000000000000, 0.000000000000000000 ) ) ;
#1910 = CARTESIAN_POINT ( 'NONE',  ( -59.56137782913938139, 16.22985835990198211, 12.50000000000000000 ) ) ;
#1911 = AXIS2_PLACEMENT_3D ( 'NONE', #2161, #2330, #1427 ) ;
#1912 = VERTEX_POINT ( 'NONE', #629 ) ;
#1913 = CARTESIAN_POINT ( 'NONE',  ( -65.08344303553997179, 16.14525448296751620, 11.50000000000000000 ) ) ;
#1914 = ADVANCED_FACE ( 'NONE', ( #96 ), #1749, .T. ) ;
#1915 = DIRECTION ( 'NONE',  ( -0.000000000000000000, 0.000000000000000000, 1.000000000000000000 ) ) ;
#1916 = ORIENTED_EDGE ( 'NONE', *, *, #1188, .F. ) ;
#1917 = EDGE_CURVE ( 'NONE', #881, #1376, #1245, .T. ) ;
#1918 = VECTOR ( 'NONE', #380, 999.9999999999998863 ) ;
#1919 = AXIS2_PLACEMENT_3D ( 'NONE', #1817, #1449, #2181 ) ;
#1920 = CARTESIAN_POINT ( 'NONE',  ( -61.68039180462715620, 0.000000000000000000, 11.50000000000000000 ) ) ;
#1921 = ORIENTED_EDGE ( 'NONE', *, *, #374, .F. ) ;
#1922 = DIRECTION ( 'NONE',  ( -0.000000000000000000, -0.000000000000000000, 1.000000000000000000 ) ) ;
#1923 = TOROIDAL_SURFACE ( 'NONE', #238, 2.000000000000000888, 1.000000000000000000 ) ;
#1924 = FACE_OUTER_BOUND ( 'NONE', #1406, .T. ) ;
#1925 = LINE ( 'NONE', #1215, #5 ) ;
#1926 = EDGE_LOOP ( 'NONE', ( #726, #263, #1988, #1314 ) ) ;
#1927 = CARTESIAN_POINT ( 'NONE',  ( -59.56137782913938139, 16.22985835990198211, 7.500000000000000888 ) ) ;
#1928 = FACE_OUTER_BOUND ( 'NONE', #2163, .T. ) ;
#1929 = ORIENTED_EDGE ( 'NONE', *, *, #2235, .T. ) ;
#1930 = CIRCLE ( 'NONE', #1402, 3.000000000000002665 ) ;
#1931 = LINE ( 'NONE', #604, #1885 ) ;
#1932 = ORIENTED_EDGE ( 'NONE', *, *, #511, .F. ) ;
#1933 = EDGE_LOOP ( 'NONE', ( #999, #610, #1884, #1118 ) ) ;
#1934 = FACE_OUTER_BOUND ( 'NONE', #2355, .T. ) ;
#1935 = DIRECTION ( 'NONE',  ( 0.5446390350150221993, -0.8386705679454272699, 0.000000000000000000 ) ) ;
#1936 = DIRECTION ( 'NONE',  ( 1.000000000000000000, 0.000000000000000000, 0.000000000000000000 ) ) ;
#1937 = FACE_OUTER_BOUND ( 'NONE', #428, .T. ) ;
#1938 = VERTEX_POINT ( 'NONE', #426 ) ;
#1939 = CARTESIAN_POINT ( 'NONE',  ( -47.57686969474320904, 7.577481661497879273, 12.36994125422456925 ) ) ;
#1940 = DIRECTION ( 'NONE',  ( 1.000000000000000000, 1.156482317317870344E-15, 0.000000000000000000 ) ) ;
#1941 = ORIENTED_EDGE ( 'NONE', *, *, #2302, .F. ) ;
#1942 = ORIENTED_EDGE ( 'NONE', *, *, #1550, .T. ) ;
#1943 = ORIENTED_EDGE ( 'NONE', *, *, #2196, .F. ) ;
#1944 = ADVANCED_FACE ( 'NONE', ( #822 ), #2313, .T. ) ;
#1945 = DIRECTION ( 'NONE',  ( 1.000000000000000000, 0.000000000000000000, 0.000000000000000000 ) ) ;
#1946 = AXIS2_PLACEMENT_3D ( 'NONE', #652, #1745, #2138 ) ;
#1947 = FACE_OUTER_BOUND ( 'NONE', #2071, .T. ) ;
#1948 = LINE ( 'NONE', #325, #2105 ) ;
#1949 = DIRECTION ( 'NONE',  ( -0.2588190451025166872, 0.9659258262890694224, 0.000000000000000000 ) ) ;
#1950 = ORIENTED_EDGE ( 'NONE', *, *, #1361, .T. ) ;
#1951 = DIRECTION ( 'NONE',  ( 0.000000000000000000, 0.000000000000000000, -1.000000000000000000 ) ) ;
#1952 = CARTESIAN_POINT ( 'NONE',  ( -71.79431680125840387, 27.55925613994274670, 7.500000000000000888 ) ) ;
#1953 = ORIENTED_EDGE ( 'NONE', *, *, #2321, .F. ) ;
#1954 = ORIENTED_EDGE ( 'NONE', *, *, #208, .F. ) ;
#1955 = ORIENTED_EDGE ( 'NONE', *, *, #28, .T. ) ;
#1956 = AXIS2_PLACEMENT_3D ( 'NONE', #1723, #2069, #79 ) ;
#1957 = AXIS2_PLACEMENT_3D ( 'NONE', #187, #737, #1442 ) ;
#1958 = CARTESIAN_POINT ( 'NONE',  ( 123.3196081953728367, 0.000000000000000000, -5.000000000000441425 ) ) ;
#1959 = PLANE ( 'NONE',  #1627 ) ;
#1960 = EDGE_CURVE ( 'NONE', #1109, #1522, #1881, .T. ) ;
#1961 = AXIS2_PLACEMENT_3D ( 'NONE', #910, #830, #668 ) ;
#1962 = DIRECTION ( 'NONE',  ( 0.000000000000000000, 0.000000000000000000, 1.000000000000000000 ) ) ;
#1963 = DIRECTION ( 'NONE',  ( 1.000000000000000000, 0.000000000000000000, 0.000000000000000000 ) ) ;
#1964 = ORIENTED_EDGE ( 'NONE', *, *, #1293, .F. ) ;
#1965 = AXIS2_PLACEMENT_3D ( 'NONE', #60, #1895, #257 ) ;
#1966 = DIRECTION ( 'NONE',  ( -0.000000000000000000, -0.000000000000000000, 1.000000000000000000 ) ) ;
#1967 = EDGE_CURVE ( 'NONE', #1411, #1166, #280, .T. ) ;
#1968 = VERTEX_POINT ( 'NONE', #1575 ) ;
#1969 = CARTESIAN_POINT ( 'NONE',  ( -77.36898581851924916, 4.665462514913759406, 11.50000000000000000 ) ) ;
#1970 = DIRECTION ( 'NONE',  ( 0.000000000000000000, 0.000000000000000000, 1.000000000000000000 ) ) ;
#1971 = DIRECTION ( 'NONE',  ( -0.07967184969683728524, -0.7026040110658618998, -0.7071067811865805464 ) ) ;
#1972 = CIRCLE ( 'NONE', #754, 16.50000000000000000 ) ;
#1973 = LINE ( 'NONE', #692, #1296 ) ;
#1974 = ORIENTED_EDGE ( 'NONE', *, *, #1065, .T. ) ;
#1975 = CARTESIAN_POINT ( 'NONE',  ( -47.37694298443796725, 8.225652062191089797, 11.50000000000000000 ) ) ;
#1976 = CIRCLE ( 'NONE', #1139, 12.50000000000045475 ) ;
#1977 = EDGE_CURVE ( 'NONE', #1985, #125, #2129, .T. ) ;
#1978 = CIRCLE ( 'NONE', #2287, 450.0000000000000568 ) ;
#1979 = ORIENTED_EDGE ( 'NONE', *, *, #440, .T. ) ;
#1980 = EDGE_CURVE ( 'NONE', #1417, #1411, #709, .T. ) ;
#1981 = DIRECTION ( 'NONE',  ( 0.000000000000000000, 0.000000000000000000, -1.000000000000000000 ) ) ;
#1982 = CC_DESIGN_APPROVAL ( #1454, ( #642 ) ) ;
#1983 = CARTESIAN_POINT ( 'NONE',  ( -61.68039180462715620, 0.000000000000000000, 7.500000000000000000 ) ) ;
#1984 = PERSON_AND_ORGANIZATION ( #387, #644 ) ;
#1985 = VERTEX_POINT ( 'NONE', #1714 ) ;
#1986 = AXIS2_PLACEMENT_3D ( 'NONE', #2165, #480, #1243 ) ;
#1987 = CARTESIAN_POINT ( 'NONE',  ( -68.41720800568671734, -15.06204858155561155, 11.50000000000000000 ) ) ;
#1988 = ORIENTED_EDGE ( 'NONE', *, *, #1440, .F. ) ;
#1989 = CARTESIAN_POINT ( 'NONE',  ( -61.68039180462715620, 0.000000000000000000, 11.50000000000000000 ) ) ;
#1990 = DIRECTION ( 'NONE',  ( 0.000000000000000000, 0.000000000000000000, -1.000000000000000000 ) ) ;
#1991 = EDGE_CURVE ( 'NONE', #1399, #2107, #1052, .T. ) ;
#1992 = DIRECTION ( 'NONE',  ( 0.7071067811865457964, 0.000000000000000000, 0.7071067811865492381 ) ) ;
#1993 = CARTESIAN_POINT ( 'NONE',  ( -72.22419328120827231, -15.03332428760800532, 11.50000000000000000 ) ) ;
#1994 = DIRECTION ( 'NONE',  ( 1.000000000000000000, 0.000000000000000000, 0.000000000000000000 ) ) ;
#1995 = AXIS2_PLACEMENT_3D ( 'NONE', #2189, #1640, #1278 ) ;
#1996 = DATE_TIME_ROLE ( 'creation_date' ) ;
#1997 = ORIENTED_EDGE ( 'NONE', *, *, #363, .F. ) ;
#1998 = DIRECTION ( 'NONE',  ( -0.000000000000000000, -0.000000000000000000, 1.000000000000000000 ) ) ;
#1999 = CARTESIAN_POINT ( 'NONE',  ( -50.64106462089876004, -14.67330378764590115, 11.50000000000000000 ) ) ;
#2000 = ORIENTED_EDGE ( 'NONE', *, *, #1887, .F. ) ;
#2001 = CIRCLE ( 'NONE', #1622, 3.000000000000002665 ) ;
#2002 = FACE_OUTER_BOUND ( 'NONE', #177, .T. ) ;
#2003 = DIRECTION ( 'NONE',  ( 1.000000000000000000, 0.000000000000000000, 0.000000000000000000 ) ) ;
#2004 = DIRECTION ( 'NONE',  ( -0.000000000000000000, -0.000000000000000000, -1.000000000000000000 ) ) ;
#2005 = DIRECTION ( 'NONE',  ( 0.000000000000000000, 0.000000000000000000, -1.000000000000000000 ) ) ;
#2006 = DIRECTION ( 'NONE',  ( 1.000000000000000000, 0.000000000000000000, 0.000000000000000000 ) ) ;
#2007 = DIRECTION ( 'NONE',  ( 1.000000000000000000, 0.000000000000000000, 0.000000000000000000 ) ) ;
#2008 = ORIENTED_EDGE ( 'NONE', *, *, #2078, .F. ) ;
#2009 = VECTOR ( 'NONE', #384, 1000.000000000000114 ) ;
#2010 = CARTESIAN_POINT ( 'NONE',  ( -45.18041573351722207, 0.02810076154515818783, 7.500000000000000888 ) ) ;
#2011 = CARTESIAN_POINT ( 'NONE',  ( 108.3196081953728367, 0.000000000000000000, -2.500000000000000444 ) ) ;
#2012 = DIRECTION ( 'NONE',  ( 0.000000000000000000, 0.000000000000000000, 1.000000000000000000 ) ) ;
#2013 = ADVANCED_FACE ( 'NONE', ( #1190 ), #1580, .F. ) ;
#2014 = DIRECTION ( 'NONE',  ( 1.000000000000000000, 0.000000000000000000, 0.000000000000000000 ) ) ;
#2015 = LINE ( 'NONE', #966, #458 ) ;
#2016 = CALENDAR_DATE ( 2026, 12, 9 ) ;
#2017 = EDGE_CURVE ( 'NONE', #553, #1554, #1904, .T. ) ;
#2018 = DIRECTION ( 'NONE',  ( 0.000000000000000000, 0.000000000000000000, -1.000000000000000000 ) ) ;
#2019 = ADVANCED_FACE ( 'NONE', ( #266 ), #1844, .T. ) ;
#2020 = AXIS2_PLACEMENT_3D ( 'NONE', #74, #452, #246 ) ;
#2021 = VERTEX_POINT ( 'NONE', #1545 ) ;
#2022 = ADVANCED_FACE ( 'NONE', ( #960 ), #859, .T. ) ;
#2023 = CARTESIAN_POINT ( 'NONE',  ( -70.96555249910856844, -13.47903236469408661, 11.50000000000000000 ) ) ;
#2024 = VERTEX_POINT ( 'NONE', #2265 ) ;
#2025 = DIRECTION ( 'NONE',  ( 0.7771459614569662389, -0.6293203910498432752, 0.000000000000000000 ) ) ;
#2026 = DIRECTION ( 'NONE',  ( -1.000000000000000000, 0.000000000000000000, 0.000000000000000000 ) ) ;
#2027 = ADVANCED_FACE ( 'NONE', ( #637 ), #240, .T. ) ;
#2028 = SECURITY_CLASSIFICATION_LEVEL ( 'unclassified' ) ;
#2029 = CIRCLE ( 'NONE', #1616, 3.000000000000002665 ) ;
#2030 = AXIS2_PLACEMENT_3D ( 'NONE', #959, #2081, #1367 ) ;
#2031 = CARTESIAN_POINT ( 'NONE',  ( -61.68039180462715620, 0.000000000000000000, 11.50000000000000000 ) ) ;
#2032 = AXIS2_PLACEMENT_3D ( 'NONE', #1501, #1333, #1389 ) ;
#2033 = ADVANCED_FACE ( 'NONE', ( #1521 ), #2311, .F. ) ;
#2034 = ORIENTED_EDGE ( 'NONE', *, *, #2326, .F. ) ;
#2035 = LINE ( 'NONE', #1088, #965 ) ;
#2036 = EDGE_CURVE ( 'NONE', #1488, #596, #1244, .T. ) ;
#2037 = ORIENTED_EDGE ( 'NONE', *, *, #1186, .F. ) ;
#2038 = FACE_OUTER_BOUND ( 'NONE', #617, .T. ) ;
#2039 = AXIS2_PLACEMENT_3D ( 'NONE', #1368, #2070, #2097 ) ;
#2040 = TOROIDAL_SURFACE ( 'NONE', #11, 2.000000000000004441, 1.000000000000000000 ) ;
#2041 = CYLINDRICAL_SURFACE ( 'NONE', #1858, 1.000000000000003109 ) ;
#2042 = EDGE_LOOP ( 'NONE', ( #2292, #21, #227, #2262, #1902 ) ) ;
#2043 = FACE_OUTER_BOUND ( 'NONE', #482, .T. ) ;
#2044 = CARTESIAN_POINT ( 'NONE',  ( -56.39844865559205545, -15.33072078570903152, 12.21125264017296708 ) ) ;
#2045 = ORIENTED_EDGE ( 'NONE', *, *, #363, .T. ) ;
#2046 = CARTESIAN_POINT ( 'NONE',  ( -75.01263563972018744, -9.721176591422658220, 11.66876012631443338 ) ) ;
#2047 = LINE ( 'NONE', #807, #1090 ) ;
#2048 = ORIENTED_EDGE ( 'NONE', *, *, #2273, .F. ) ;
#2049 = CARTESIAN_POINT ( 'NONE',  ( 107.5057136720462978, 14.97790291412315966, 4.999999999999997335 ) ) ;
#2050 = AXIS2_PLACEMENT_3D ( 'NONE', #322, #1056, #360 ) ;
#2051 = DIRECTION ( 'NONE',  ( -0.000000000000000000, -0.000000000000000000, -1.000000000000000000 ) ) ;
#2052 = EDGE_LOOP ( 'NONE', ( #55, #1559, #1451, #1277 ) ) ;
#2053 = PRODUCT_DEFINITION ( 'UNKNOWN', '', #299, #82 ) ;
#2054 = DIRECTION ( 'NONE',  ( -0.000000000000000000, -0.000000000000000000, -1.000000000000000000 ) ) ;
#2055 = CARTESIAN_POINT ( 'NONE',  ( -45.18041573351722207, 0.02810076154515818783, 11.50000000000000000 ) ) ;
#2056 = VERTEX_POINT ( 'NONE', #1866 ) ;
#2057 = LOCAL_TIME ( 18, 24, 48.00000000000000000, #1095 ) ;
#2058 = DIRECTION ( 'NONE',  ( 0.000000000000000000, 0.000000000000000000, 1.000000000000000000 ) ) ;
#2059 = ORIENTED_EDGE ( 'NONE', *, *, #1015, .T. ) ;
#2060 = CARTESIAN_POINT ( 'NONE',  ( -68.82527545177363493, -13.97255665999355223, 12.48730321279972166 ) ) ;
#2061 = EDGE_CURVE ( 'NONE', #117, #1487, #1656, .T. ) ;
#2062 = ORIENTED_EDGE ( 'NONE', *, *, #967, .F. ) ;
#2063 = ADVANCED_FACE ( 'NONE', ( #2231 ), #445, .T. ) ;
#2064 = EDGE_CURVE ( 'NONE', #1861, #1014, #2117, .T. ) ;
#2065 = CARTESIAN_POINT ( 'NONE',  ( 113.3196081953728509, 0.000000000000000000, -2.500000000000000444 ) ) ;
#2066 = DIRECTION ( 'NONE',  ( 1.000000000000000000, 0.000000000000000000, 0.000000000000000000 ) ) ;
#2067 = ORIENTED_EDGE ( 'NONE', *, *, #179, .F. ) ;
#2068 = CIRCLE ( 'NONE', #1919, 3.000000000000002665 ) ;
#2069 = DIRECTION ( 'NONE',  ( 0.000000000000000000, 0.000000000000000000, 1.000000000000000000 ) ) ;
#2070 = DIRECTION ( 'NONE',  ( 0.000000000000000000, 0.000000000000000000, 1.000000000000000000 ) ) ;
#2071 = EDGE_LOOP ( 'NONE', ( #308, #1434, #662, #2062 ) ) ;
#2072 = DIRECTION ( 'NONE',  ( 0.000000000000000000, 0.000000000000000000, 1.000000000000000000 ) ) ;
#2073 = AXIS2_PLACEMENT_3D ( 'NONE', #998, #1729, #1882 ) ;
#2074 = DIRECTION ( 'NONE',  ( 0.000000000000000000, 0.000000000000000000, 1.000000000000000000 ) ) ;
#2075 = ORIENTED_EDGE ( 'NONE', *, *, #1603, .F. ) ;
#2076 = AXIS2_PLACEMENT_3D ( 'NONE', #542, #2012, #1112 ) ;
#2077 = CARTESIAN_POINT ( 'NONE',  ( -56.82639472029891436, 15.57314885571602581, 12.10368025391358415 ) ) ;
#2078 = EDGE_CURVE ( 'NONE', #1376, #1804, #2047, .T. ) ;
#2079 = DIRECTION ( 'NONE',  ( -0.9986295347545731671, 0.05233595624295869081, 0.000000000000000000 ) ) ;
#2080 = ORIENTED_EDGE ( 'NONE', *, *, #717, .F. ) ;
#2081 = DIRECTION ( 'NONE',  ( -0.000000000000000000, 0.000000000000000000, 1.000000000000000000 ) ) ;
#2082 = DIRECTION ( 'NONE',  ( -0.000000000000000000, -0.000000000000000000, -1.000000000000000000 ) ) ;
#2083 = CIRCLE ( 'NONE', #633, 16.50000000000000000 ) ;
#2084 = EDGE_LOOP ( 'NONE', ( #1896, #134, #2141, #335, #786 ) ) ;
#2085 = CARTESIAN_POINT ( 'NONE',  ( -59.56137782913938139, 16.22985835990198211, 11.50000000000000000 ) ) ;
#2086 = EDGE_LOOP ( 'NONE', ( #468, #2275, #1595, #76 ) ) ;
#2087 = AXIS2_PLACEMENT_3D ( 'NONE', #368, #192, #213 ) ;
#2088 = CIRCLE ( 'NONE', #1291, 16.50000000000000000 ) ;
#2089 = CARTESIAN_POINT ( 'NONE',  ( -74.83598072269269608, 8.196369941557748007, 12.50000000000000000 ) ) ;
#2090 = EDGE_CURVE ( 'NONE', #596, #665, #85, .T. ) ;
#2091 = LINE ( 'NONE', #827, #372 ) ;
#2092 = AXIS2_PLACEMENT_3D ( 'NONE', #704, #1949, #1227 ) ;
#2093 = EDGE_CURVE ( 'NONE', #1290, #2182, #2191, .T. ) ;
#2094 = EDGE_LOOP ( 'NONE', ( #630, #872, #2131, #1607 ) ) ;
#2095 = CARTESIAN_POINT ( 'NONE',  ( -74.76102817350795249, -9.745833853231914645, 12.10367703706567610 ) ) ;
#2096 = ADVANCED_FACE ( 'NONE', ( #1331 ), #1158, .T. ) ;
#2097 = DIRECTION ( 'NONE',  ( 1.000000000000000000, 0.000000000000000000, -0.000000000000000000 ) ) ;
#2098 = ORIENTED_EDGE ( 'NONE', *, *, #2213, .T. ) ;
#2099 = DIRECTION ( 'NONE',  ( 1.000000000000000000, 0.000000000000000000, 0.000000000000000000 ) ) ;
#2100 = ORIENTED_EDGE ( 'NONE', *, *, #795, .F. ) ;
#2101 = CIRCLE ( 'NONE', #1526, 3.000000000000002665 ) ;
#2102 = LINE ( 'NONE', #1029, #568 ) ;
#2103 = CARTESIAN_POINT ( 'NONE',  ( -61.68039180462715620, 0.000000000000000000, 7.500000000000000000 ) ) ;
#2104 = VERTEX_POINT ( 'NONE', #423 ) ;
#2105 = VECTOR ( 'NONE', #1962, 1000.000000000000000 ) ;
#2106 = EDGE_CURVE ( 'NONE', #2245, #774, #1202, .T. ) ;
#2107 = VERTEX_POINT ( 'NONE', #1571 ) ;
#2108 = CARTESIAN_POINT ( 'NONE',  ( -47.39611850454264186, 8.170788189791309719, 11.83148804205153581 ) ) ;
#2109 = CARTESIAN_POINT ( 'NONE',  ( -74.19302229496030066, -13.43899798818049263, 11.50000000000000000 ) ) ;
#2110 = ORIENTED_EDGE ( 'NONE', *, *, #196, .T. ) ;
#2111 = ADVANCED_FACE ( 'NONE', ( #109 ), #1732, .T. ) ;
#2112 = CIRCLE ( 'NONE', #4, 3.000000000000002665 ) ;
#2113 = DIRECTION ( 'NONE',  ( 0.000000000000000000, 0.000000000000000000, 1.000000000000000000 ) ) ;
#2114 = VERTEX_POINT ( 'NONE', #1586 ) ;
#2115 = ORIENTED_EDGE ( 'NONE', *, *, #1114, .T. ) ;
#2116 = DIRECTION ( 'NONE',  ( -0.05233595624296030063, -0.9986295347545730561, 0.000000000000000000 ) ) ;
#2117 = CIRCLE ( 'NONE', #48, 3.000000000000002665 ) ;
#2118 = VECTOR ( 'NONE', #1469, 1000.000000000000000 ) ;
#2119 = CARTESIAN_POINT ( 'NONE',  ( -79.18039180462710647, 0.000000000000000000, 7.500000000000000000 ) ) ;
#2120 = EDGE_LOOP ( 'NONE', ( #802, #140, #2304, #2008, #268 ) ) ;
#2121 = DIRECTION ( 'NONE',  ( 0.05233595624295869081, 0.9986295347545731671, -0.000000000000000000 ) ) ;
#2122 = DIRECTION ( 'NONE',  ( 1.000000000000000000, 0.000000000000000000, 0.000000000000000000 ) ) ;
#2123 = ORIENTED_EDGE ( 'NONE', *, *, #2326, .T. ) ;
#2124 = CARTESIAN_POINT ( 'NONE',  ( -71.79431680125840387, 27.55925613994274670, 7.500000000000000888 ) ) ;
#2125 = CARTESIAN_POINT ( 'NONE',  ( -72.85351367225811714, -15.81047024906495935, 7.500000000000000888 ) ) ;
#2126 = EDGE_LOOP ( 'NONE', ( #1823, #230, #502, #2324 ) ) ;
#2127 = EDGE_CURVE ( 'NONE', #705, #450, #2187, .T. ) ;
#2128 = CIRCLE ( 'NONE', #212, 5.000000000000004441 ) ;
#2129 = LINE ( 'NONE', #847, #1695 ) ;
#2130 = ORIENTED_EDGE ( 'NONE', *, *, #1535, .T. ) ;
#2131 = ORIENTED_EDGE ( 'NONE', *, *, #1680, .T. ) ;
#2132 = CARTESIAN_POINT ( 'NONE',  ( -74.84148183292120393, 8.362311463182912519, 12.50000000000000000 ) ) ;
#2133 = EDGE_CURVE ( 'NONE', #1067, #665, #2001, .T. ) ;
#2134 = LINE ( 'NONE', #1213, #2357 ) ;
#2135 = DIRECTION ( 'NONE',  ( 0.000000000000000000, 0.000000000000000000, 1.000000000000000000 ) ) ;
#2136 = DIRECTION ( 'NONE',  ( 0.000000000000000000, 0.000000000000000000, 1.000000000000000000 ) ) ;
#2137 = ORIENTED_EDGE ( 'NONE', *, *, #1495, .T. ) ;
#2138 = DIRECTION ( 'NONE',  ( 1.000000000000000000, 0.000000000000000000, 0.000000000000000000 ) ) ;
#2139 = CARTESIAN_POINT ( 'NONE',  ( 108.3196081953728367, 0.000000000000000000, 7.500000000000000000 ) ) ;
#2140 = ORIENTED_EDGE ( 'NONE', *, *, #379, .T. ) ;
#2141 = ORIENTED_EDGE ( 'NONE', *, *, #2143, .F. ) ;
#2142 = ORIENTED_EDGE ( 'NONE', *, *, #823, .T. ) ;
#2143 = EDGE_CURVE ( 'NONE', #2245, #1075, #1558, .T. ) ;
#2144 = CARTESIAN_POINT ( 'NONE',  ( -80.16972709801083852, 5.740566363549720386, 11.50000000000000000 ) ) ;
#2145 = AXIS2_PLACEMENT_3D ( 'NONE', #1419, #1966, #329 ) ;
#2146 = ADVANCED_FACE ( 'NONE', ( #1928 ), #481, .T. ) ;
#2147 = EDGE_CURVE ( 'NONE', #1691, #1912, #2267, .T. ) ;
#2148 = DIRECTION ( 'NONE',  ( -1.000000000000000000, 0.000000000000000000, 0.000000000000000000 ) ) ;
#2149 = DIRECTION ( 'NONE',  ( -0.000000000000000000, 0.000000000000000000, 1.000000000000000000 ) ) ;
#2150 = CARTESIAN_POINT ( 'NONE',  ( -77.36898581851924916, 4.665462514913759406, 12.50000000000000000 ) ) ;
#2151 = ORIENTED_EDGE ( 'NONE', *, *, #753, .F. ) ;
#2152 = DIRECTION ( 'NONE',  ( 1.000000000000000000, 0.000000000000000000, 0.000000000000000000 ) ) ;
#2153 = B_SPLINE_CURVE_WITH_KNOTS ( 'NONE', 3,
 ( #1699, #839, #1350, #1328, #981, #2250, #2261, #1172, #595, #2055 ),
 .UNSPECIFIED., .F., .F.,
 ( 4, 2, 2, 2, 4 ),
 ( -6.578102695091725089E-06, 0.0004905520520395360937, 0.0009876822067741639066, 0.001484812361508791720, 0.001981942516243419532 ),
 .UNSPECIFIED. ) ;
#2154 = VERTEX_POINT ( 'NONE', #2291 ) ;
#2155 = VECTOR ( 'NONE', #1903, 1000.000000000000000 ) ;
#2156 = VECTOR ( 'NONE', #2135, 1000.000000000000000 ) ;
#2157 = DIRECTION ( 'NONE',  ( 0.000000000000000000, -0.000000000000000000, -1.000000000000000000 ) ) ;
#2158 = DIRECTION ( 'NONE',  ( 0.000000000000000000, 0.000000000000000000, 1.000000000000000000 ) ) ;
#2159 = EDGE_CURVE ( 'NONE', #2182, #1938, #817, .T. ) ;
#2160 = VECTOR ( 'NONE', #123, 1000.000000000000000 ) ;
#2161 = CARTESIAN_POINT ( 'NONE',  ( -61.68039180462715620, 0.000000000000000000, -5.000000000000441425 ) ) ;
#2162 = DIRECTION ( 'NONE',  ( -0.000000000000000000, -0.000000000000000000, -1.000000000000000000 ) ) ;
#2163 = EDGE_LOOP ( 'NONE', ( #2034, #1619, #673, #341 ) ) ;
#2164 = AXIS2_PLACEMENT_3D ( 'NONE', #834, #1514, #437 ) ;
#2165 = CARTESIAN_POINT ( 'NONE',  ( -72.93438151286063942, -11.88470606526655793, 12.50000000000000000 ) ) ;
#2166 = ORIENTED_EDGE ( 'NONE', *, *, #2061, .F. ) ;
#2167 = CARTESIAN_POINT ( 'NONE',  ( -38.88833497356155533, -10.42009795115670556, 11.50000000000000000 ) ) ;
#2168 = DIRECTION ( 'NONE',  ( 1.000000000000000000, 0.000000000000000000, 0.000000000000000000 ) ) ;
#2169 = EDGE_CURVE ( 'NONE', #1075, #1968, #1037, .T. ) ;
#2170 = AXIS2_PLACEMENT_3D ( 'NONE', #184, #1674, #1108 ) ;
#2171 =( LENGTH_UNIT ( ) NAMED_UNIT ( * ) SI_UNIT ( .MILLI., .METRE. ) );
#2172 = ORIENTED_EDGE ( 'NONE', *, *, #2090, .F. ) ;
#2173 = VECTOR ( 'NONE', #1502, 1000.000000000000114 ) ;
#2174 = VERTEX_POINT ( 'NONE', #857 ) ;
#2175 = DIRECTION ( 'NONE',  ( -0.07967184969684217022, -0.7026040110659015347, 0.7071067811865406894 ) ) ;
#2176 = LINE ( 'NONE', #1102, #78 ) ;
#2177 = DIRECTION ( 'NONE',  ( 1.000000000000000000, 0.000000000000000000, 0.000000000000000000 ) ) ;
#2178 = CARTESIAN_POINT ( 'NONE',  ( -46.24576256814913933, 5.447085729384788522, 7.500000000000000888 ) ) ;
#2179 = CARTESIAN_POINT ( 'NONE',  ( 53.24607878360890112, 1013.504763855667079, 7.500000000000000888 ) ) ;
#2180 = EDGE_LOOP ( 'NONE', ( #194, #1430, #975, #81 ) ) ;
#2181 = DIRECTION ( 'NONE',  ( 1.000000000000000000, -2.312964634635740689E-15, 0.000000000000000000 ) ) ;
#2182 = VERTEX_POINT ( 'NONE', #1626 ) ;
#2183 = CARTESIAN_POINT ( 'NONE',  ( -50.11555048085548947, -11.07167599735037378, 12.36994125422458168 ) ) ;
#2184 = DIRECTION ( 'NONE',  ( 1.000000000000000000, 0.000000000000000000, 0.000000000000000000 ) ) ;
#2185 = FACE_OUTER_BOUND ( 'NONE', #1830, .T. ) ;
#2186 = CARTESIAN_POINT ( 'NONE',  ( -49.43732304649269338, -11.06152192890253616, 11.50000000000000000 ) ) ;
#2187 = LINE ( 'NONE', #1457, #929 ) ;
#2188 = CALENDAR_DATE ( 2026, 12, 9 ) ;
#2189 = CARTESIAN_POINT ( 'NONE',  ( 0.000000000000000000, 0.000000000000000000, 7.500000000000000000 ) ) ;
#2190 = CARTESIAN_POINT ( 'NONE',  ( -81.68039180462716331, 0.000000000000000000, -5.000000000000441425 ) ) ;
#2191 = CIRCLE ( 'NONE', #968, 447.5000000000000000 ) ;
#2192 = ORIENTED_EDGE ( 'NONE', *, *, #885, .F. ) ;
#2193 = AXIS2_PLACEMENT_3D ( 'NONE', #641, #2074, #471 ) ;
#2194 = FACE_OUTER_BOUND ( 'NONE', #237, .T. ) ;
#2195 = DIRECTION ( 'NONE',  ( 1.000000000000000000, 0.000000000000000000, 0.000000000000000000 ) ) ;
#2196 = EDGE_CURVE ( 'NONE', #862, #1398, #399, .T. ) ;
#2197 = CARTESIAN_POINT ( 'NONE',  ( -78.78220027556167793, 6.564769206055959039, 12.50000000000000000 ) ) ;
#2198 = EDGE_CURVE ( 'NONE', #1309, #1220, #2319, .T. ) ;
#2199 = CARTESIAN_POINT ( 'NONE',  ( -77.36898581851924916, 4.665462514913759406, 11.50000000000000000 ) ) ;
#2200 = FACE_OUTER_BOUND ( 'NONE', #526, .T. ) ;
#2201 = CIRCLE ( 'NONE', #1167, 3.000000000000002665 ) ;
#2202 = PRODUCT ( 'Part2_Default_sldprt', 'Part2_Default_sldprt', '', ( #1835 ) ) ;
#2203 = ADVANCED_FACE ( 'NONE', ( #94 ), #1923, .T. ) ;
#2204 = PERSON_AND_ORGANIZATION ( #387, #644 ) ;
#2205 = CARTESIAN_POINT ( 'NONE',  ( -55.94808966037376052, -14.50114670869596800, 12.49999999999999645 ) ) ;
#2206 = ORIENTED_EDGE ( 'NONE', *, *, #701, .F. ) ;
#2207 = AXIS2_PLACEMENT_3D ( 'NONE', #1001, #475, #1731 ) ;
#2208 = DIRECTION ( 'NONE',  ( -0.9986295347545731671, 0.05233595624295869081, 0.000000000000000000 ) ) ;
#2209 = DIRECTION ( 'NONE',  ( 0.8386705679454271589, 0.5446390350150221993, -0.000000000000000000 ) ) ;
#2210 = LOCAL_TIME ( 18, 24, 48.00000000000000000, #365 ) ;
#2211 = EDGE_CURVE ( 'NONE', #438, #1161, #1094, .T. ) ;
#2212 = DIRECTION ( 'NONE',  ( -0.9659258262890692004, -0.2588190451025179084, 0.000000000000000000 ) ) ;
#2213 = EDGE_CURVE ( 'NONE', #1855, #2279, #896, .T. ) ;
#2214 = DIRECTION ( 'NONE',  ( 0.000000000000000000, 0.000000000000000000, 1.000000000000000000 ) ) ;
#2215 = PERSON_AND_ORGANIZATION_ROLE ( 'classification_officer' ) ;
#2216 = EDGE_CURVE ( 'NONE', #1448, #881, #2234, .T. ) ;
#2217 = DIRECTION ( 'NONE',  ( -1.000000000000000000, 0.000000000000000000, 0.000000000000000000 ) ) ;
#2218 = AXIS2_PLACEMENT_3D ( 'NONE', #667, #681, #1570 ) ;
#2219 = EDGE_LOOP ( 'NONE', ( #777, #669, #1266, #1974 ) ) ;
#2220 = DIRECTION ( 'NONE',  ( 0.000000000000000000, 0.000000000000000000, 1.000000000000000000 ) ) ;
#2221 = EDGE_LOOP ( 'NONE', ( #2232, #1441, #234, #540 ) ) ;
#2222 = DIRECTION ( 'NONE',  ( 1.000000000000000000, 0.000000000000000000, 0.000000000000000000 ) ) ;
#2223 = AXIS2_PLACEMENT_3D ( 'NONE', #339, #879, #1605 ) ;
#2224 = CARTESIAN_POINT ( 'NONE',  ( -76.46109302661581353, 7.030604099015652864, 7.500000000000000888 ) ) ;
#2225 = CARTESIAN_POINT ( 'NONE',  ( -72.93438151286063942, -11.88470606526655793, 7.500000000000000888 ) ) ;
#2226 = PERSON_AND_ORGANIZATION_ROLE ( 'creator' ) ;
#2227 = CIRCLE ( 'NONE', #1205, 3.000000000000002665 ) ;
#2228 = DIRECTION ( 'NONE',  ( -0.000000000000000000, -0.000000000000000000, -1.000000000000000000 ) ) ;
#2229 = VERTEX_POINT ( 'NONE', #732 ) ;
#2230 = CARTESIAN_POINT ( 'NONE',  ( -59.40436996041054130, 19.22574696416570816, 7.500000000000000888 ) ) ;
#2231 = FACE_OUTER_BOUND ( 'NONE', #2221, .T. ) ;
#2232 = ORIENTED_EDGE ( 'NONE', *, *, #1076, .T. ) ;
#2233 = CARTESIAN_POINT ( 'NONE',  ( -79.26183430610741709, 8.105707947651557888, 7.500000000000000888 ) ) ;
#2234 = CIRCLE ( 'NONE', #470, 20.00000000000000355 ) ;
#2235 = EDGE_CURVE ( 'NONE', #1968, #2104, #1805, .T. ) ;
#2236 = CYLINDRICAL_SURFACE ( 'NONE', #1160, 5.000000000000004441 ) ;
#2237 = ORIENTED_EDGE ( 'NONE', *, *, #1237, .T. ) ;
#2238 = CARTESIAN_POINT ( 'NONE',  ( -76.46109302661581353, 7.030604099015652864, 11.50000000000000000 ) ) ;
#2239 = AXIS2_PLACEMENT_3D ( 'NONE', #353, #891, #1803 ) ;
#2240 = DIRECTION ( 'NONE',  ( 1.000000000000000000, 0.000000000000000000, 0.000000000000000000 ) ) ;
#2241 = ORIENTED_EDGE ( 'NONE', *, *, #1977, .T. ) ;
#2242 = ADVANCED_FACE ( 'NONE', ( #1022 ), #1748, .T. ) ;
#2243 = DIRECTION ( 'NONE',  ( 0.000000000000000000, 0.000000000000000000, -1.000000000000000000 ) ) ;
#2244 = CARTESIAN_POINT ( 'NONE',  ( 53.24607878360890112, 1013.504763855667079, 4.999999999999997335 ) ) ;
#2245 = VERTEX_POINT ( 'NONE', #1405 ) ;
#2246 = CARTESIAN_POINT ( 'NONE',  ( -68.41720800568671734, -15.06204858155561155, 11.50000000000000000 ) ) ;
#2247 = CARTESIAN_POINT ( 'NONE',  ( -45.59006792315076950, 3.000000000000000000, 11.50000000000000000 ) ) ;
#2248 = VERTEX_POINT ( 'NONE', #854 ) ;
#2249 = CARTESIAN_POINT ( 'NONE',  ( -50.64106462089876004, -14.67330378764590115, 12.50000000000000000 ) ) ;
#2250 = CARTESIAN_POINT ( 'NONE',  ( -45.46780293292360398, 0.2859761899352828984, 12.21125592503879886 ) ) ;
#2251 = EDGE_LOOP ( 'NONE', ( #1144, #1537, #836, #957 ) ) ;
#2252 = FACE_OUTER_BOUND ( 'NONE', #307, .T. ) ;
#2253 = DIRECTION ( 'NONE',  ( 1.000000000000000000, 0.000000000000000000, 0.000000000000000000 ) ) ;
#2254 = AXIS2_PLACEMENT_3D ( 'NONE', #844, #2343, #1769 ) ;
#2255 = ORIENTED_EDGE ( 'NONE', *, *, #2336, .T. ) ;
#2256 = DIRECTION ( 'NONE',  ( 1.000000000000000000, 0.000000000000000000, -0.000000000000000000 ) ) ;
#2257 = B_SPLINE_CURVE_WITH_KNOTS ( 'NONE', 3,
 ( #239, #2046, #974, #2095, #984, #636, #796, #44, #1189, #1701 ),
 .UNSPECIFIED., .F., .F.,
 ( 4, 2, 2, 2, 4 ),
 ( 0.000000000000000000, 0.0004980977809551710538, 0.0009961955619103421075, 0.001494293342865513161, 0.001992391123820684215 ),
 .UNSPECIFIED. ) ;
#2258 = DIRECTION ( 'NONE',  ( 1.000000000000000000, 7.083454193571956254E-15, 0.000000000000000000 ) ) ;
#2259 = ORIENTED_EDGE ( 'NONE', *, *, #684, .F. ) ;
#2260 = LINE ( 'NONE', #1169, #1908 ) ;
#2261 = CARTESIAN_POINT ( 'NONE',  ( -45.36947951646016008, 0.1959420952190585874, 12.10368025391361968 ) ) ;
#2262 = ORIENTED_EDGE ( 'NONE', *, *, #935, .F. ) ;
#2263 = VECTOR ( 'NONE', #1581, 1000.000000000000114 ) ;
#2264 = CARTESIAN_POINT ( 'NONE',  ( -64.87996332042733627, 15.99522014306053030, 12.10367703706564413 ) ) ;
#2265 = CARTESIAN_POINT ( 'NONE',  ( -59.40436996041054130, 19.22574696416570816, 11.50000000000000000 ) ) ;
#2266 = VERTEX_POINT ( 'NONE', #1251 ) ;
#2267 = CIRCLE ( 'NONE', #204, 3.000000000000002665 ) ;
#2268 = CARTESIAN_POINT ( 'NONE',  ( -75.01263563972018744, -9.721176591422658220, 11.50000000000000000 ) ) ;
#2269 = EDGE_CURVE ( 'NONE', #1554, #1529, #1978, .T. ) ;
#2270 = ORIENTED_EDGE ( 'NONE', *, *, #1104, .F. ) ;
#2271 = CARTESIAN_POINT ( 'NONE',  ( 108.3196081953728367, 0.000000000000000000, 7.500000000000000000 ) ) ;
#2272 = ADVANCED_FACE ( 'NONE', ( #1937 ), #156, .T. ) ;
#2273 = EDGE_CURVE ( 'NONE', #461, #2248, #837, .T. ) ;
#2274 = DIRECTION ( 'NONE',  ( -0.5446390350150254189, 0.8386705679454250495, 0.000000000000000000 ) ) ;
#2275 = ORIENTED_EDGE ( 'NONE', *, *, #2269, .F. ) ;
#2276 = CARTESIAN_POINT ( 'NONE',  ( -76.04106409119023624, 10.00105451829641900, 7.500000000000000888 ) ) ;
#2277 = DIRECTION ( 'NONE',  ( -0.000000000000000000, -0.000000000000000000, -1.000000000000000000 ) ) ;
#2278 = AXIS2_PLACEMENT_3D ( 'NONE', #1983, #2158, #2314 ) ;
#2279 = VERTEX_POINT ( 'NONE', #1594 ) ;
#2280 = CARTESIAN_POINT ( 'NONE',  ( 111.1276710756973927, -12.18050831698511871, 7.500000000000000000 ) ) ;
#2281 = ORIENTED_EDGE ( 'NONE', *, *, #1860, .T. ) ;
#2282 = EDGE_CURVE ( 'NONE', #573, #125, #1180, .T. ) ;
#2283 = VECTOR ( 'NONE', #336, 1000.000000000000114 ) ;
#2284 = FACE_OUTER_BOUND ( 'NONE', #1573, .T. ) ;
#2285 = DIRECTION ( 'NONE',  ( 0.000000000000000000, 0.000000000000000000, 1.000000000000000000 ) ) ;
#2286 = ORIENTED_EDGE ( 'NONE', *, *, #162, .F. ) ;
#2287 = AXIS2_PLACEMENT_3D ( 'NONE', #880, #1791, #120 ) ;
#2288 = EDGE_CURVE ( 'NONE', #2335, #605, #416, .T. ) ;
#2289 = VERTEX_POINT ( 'NONE', #1606 ) ;
#2290 = CARTESIAN_POINT ( 'NONE',  ( -59.42693159701468630, 19.87264242854249119, -5.000000000000441425 ) ) ;
#2291 = CARTESIAN_POINT ( 'NONE',  ( -72.22419328120827231, -15.03332428760799822, 12.50000000000000000 ) ) ;
#2292 = ORIENTED_EDGE ( 'NONE', *, *, #1104, .T. ) ;
#2293 = FACE_OUTER_BOUND ( 'NONE', #832, .T. ) ;
#2294 = EDGE_LOOP ( 'NONE', ( #406, #1738, #1217, #1756 ) ) ;
#2295 = VERTEX_POINT ( 'NONE', #525 ) ;
#2296 = AXIS2_PLACEMENT_3D ( 'NONE', #1781, #1555, #2152 ) ;
#2297 = ADVANCED_BREP_SHAPE_REPRESENTATION ( 'Part2_Default_sldprt', ( #1880, #877 ), #562 ) ;
#2298 = CARTESIAN_POINT ( 'NONE',  ( -74.91459192265722322, 9.010197734665684521, 12.36993840020066138 ) ) ;
#2299 = CARTESIAN_POINT ( 'NONE',  ( -50.09642558588374328, -15.51197435559133631, 7.500000000000000888 ) ) ;
#2300 = VECTOR ( 'NONE', #218, 1000.000000000000000 ) ;
#2301 = DIRECTION ( 'NONE',  ( 1.000000000000000000, 0.000000000000000000, 0.000000000000000000 ) ) ;
#2302 = EDGE_CURVE ( 'NONE', #1067, #1761, #1142, .T. ) ;
#2303 = DIRECTION ( 'NONE',  ( -1.000000000000000000, 0.000000000000000000, 0.000000000000000000 ) ) ;
#2304 = ORIENTED_EDGE ( 'NONE', *, *, #223, .T. ) ;
#2305 = FACE_OUTER_BOUND ( 'NONE', #408, .T. ) ;
#2306 = EDGE_LOOP ( 'NONE', ( #589, #303 ) ) ;
#2307 = DIRECTION ( 'NONE',  ( 1.000000000000000000, 0.000000000000000000, 0.000000000000000000 ) ) ;
#2308 = CC_DESIGN_PERSON_AND_ORGANIZATION_ASSIGNMENT ( #351, #2215, ( #642 ) ) ;
#2309 = ORIENTED_EDGE ( 'NONE', *, *, #1463, .T. ) ;
#2310 = ORIENTED_EDGE ( 'NONE', *, *, #264, .F. ) ;
#2311 = CONICAL_SURFACE ( 'NONE', #321, 1000.000000000000000, 0.7853981633974372878 ) ;
#2312 = FACE_OUTER_BOUND ( 'NONE', #64, .T. ) ;
#2313 = TOROIDAL_SURFACE ( 'NONE', #1764, 2.000000000000000444, 1.000000000000000000 ) ;
#2314 = DIRECTION ( 'NONE',  ( 1.000000000000000000, 0.000000000000000000, 0.000000000000000000 ) ) ;
#2315 = ORIENTED_EDGE ( 'NONE', *, *, #1810, .F. ) ;
#2316 = PLANE ( 'NONE',  #506 ) ;
#2317 = ORIENTED_EDGE ( 'NONE', *, *, #725, .F. ) ;
#2318 = DIRECTION ( 'NONE',  ( 0.000000000000000000, -0.000000000000000000, -1.000000000000000000 ) ) ;
#2319 = LINE ( 'NONE', #682, #970 ) ;
#2320 = ORIENTED_EDGE ( 'NONE', *, *, #500, .F. ) ;
#2321 = EDGE_CURVE ( 'NONE', #862, #1380, #1482, .T. ) ;
#2322 = CIRCLE ( 'NONE', #1286, 5.000000000000004441 ) ;
#2323 = CIRCLE ( 'NONE', #1062, 3.000000000000002665 ) ;
#2324 = ORIENTED_EDGE ( 'NONE', *, *, #2288, .F. ) ;
#2325 = ORIENTED_EDGE ( 'NONE', *, *, #2064, .T. ) ;
#2326 = EDGE_CURVE ( 'NONE', #1861, #2114, #1973, .T. ) ;
#2327 = DIRECTION ( 'NONE',  ( -0.000000000000000000, 0.000000000000000000, 1.000000000000000000 ) ) ;
#2328 = VECTOR ( 'NONE', #1992, 1000.000000000000000 ) ;
#2329 = DIRECTION ( 'NONE',  ( 0.9659258262890689783, 0.2588190451025185190, -0.000000000000000000 ) ) ;
#2330 = DIRECTION ( 'NONE',  ( -0.000000000000000000, -0.000000000000000000, 1.000000000000000000 ) ) ;
#2331 = DIRECTION ( 'NONE',  ( 0.000000000000000000, -0.000000000000000000, -1.000000000000000000 ) ) ;
#2332 = ORIENTED_EDGE ( 'NONE', *, *, #541, .F. ) ;
#2333 = PLANE ( 'NONE',  #1829 ) ;
#2334 = AXIS2_PLACEMENT_3D ( 'NONE', #713, #1437, #2303 ) ;
#2335 = VERTEX_POINT ( 'NONE', #340 ) ;
#2336 = EDGE_CURVE ( 'NONE', #1474, #1233, #1445, .T. ) ;
#2337 = CARTESIAN_POINT ( 'NONE',  ( -75.01263563972018744, -9.721176591422658220, 7.500000000000000888 ) ) ;
#2338 = CONICAL_SURFACE ( 'NONE', #597, 12.49999999999995559, 0.7853981633974570498 ) ;
#2339 = CARTESIAN_POINT ( 'NONE',  ( -66.68039180462716331, 6.123233995736772199E-16, -17.50000000000000000 ) ) ;
#2340 = DIRECTION ( 'NONE',  ( 1.000000000000000000, 0.000000000000000000, 0.000000000000000000 ) ) ;
#2341 = DIRECTION ( 'NONE',  ( 1.000000000000000000, 0.000000000000000000, 0.000000000000000000 ) ) ;
#2342 = ORIENTED_EDGE ( 'NONE', *, *, #748, .F. ) ;
#2343 = DIRECTION ( 'NONE',  ( 0.000000000000000000, -0.000000000000000000, -1.000000000000000000 ) ) ;
#2344 = ORIENTED_EDGE ( 'NONE', *, *, #72, .F. ) ;
#2345 = AXIS2_PLACEMENT_3D ( 'NONE', #731, #2005, #1825 ) ;
#2346 = AXIS2_PLACEMENT_3D ( 'NONE', #1713, #456, #1143 ) ;
#2347 = VECTOR ( 'NONE', #415, 1000.000000000000114 ) ;
#2348 = EDGE_CURVE ( 'NONE', #2114, #405, #259, .T. ) ;
#2349 = CARTESIAN_POINT ( 'NONE',  ( -61.68039180462715620, 0.000000000000000000, 4.999999999999997335 ) ) ;
#2350 = DIRECTION ( 'NONE',  ( 1.000000000000000000, 0.000000000000000000, 0.000000000000000000 ) ) ;
#2351 = EDGE_CURVE ( 'NONE', #551, #1554, #1672, .T. ) ;
#2352 = AXIS2_PLACEMENT_3D ( 'NONE', #2139, #1106, #305 ) ;
#2353 = ORIENTED_EDGE ( 'NONE', *, *, #511, .T. ) ;
#2354 = LINE ( 'NONE', #715, #1473 ) ;
#2355 = EDGE_LOOP ( 'NONE', ( #381, #1302, #1795, #97 ) ) ;
#2356 = ORIENTED_EDGE ( 'NONE', *, *, #725, .T. ) ;
#2357 = VECTOR ( 'NONE', #690, 1000.000000000000000 ) ;
#2358 = CARTESIAN_POINT ( 'NONE',  ( -76.94134162413159572, 2.711717279985081497, 12.50000000000000000 ) ) ;
#2359 = DIRECTION ( 'NONE',  ( 1.000000000000000000, 0.000000000000000000, 0.000000000000000000 ) ) ;
#2360 = CARTESIAN_POINT ( 'NONE',  ( -76.46109302661581353, 7.030604099015652864, 7.500000000000000888 ) ) ;
#2361 = CALENDAR_DATE ( 2026, 12, 9 ) ;
#2362 = ORIENTED_EDGE ( 'NONE', *, *, #2336, .F. ) ;
#2363 = DIRECTION ( 'NONE',  ( 1.000000000000000000, 0.000000000000000000, 0.000000000000000000 ) ) ;
#2364 = AXIS2_PLACEMENT_3D ( 'NONE', #520, #1260, #1590 ) ;
#2365 = ORIENTED_EDGE ( 'NONE', *, *, #587, .F. ) ;
#2366 = CARTESIAN_POINT ( 'NONE',  ( -43.98606359307183311, 4.741180954897436628, 12.50000000000000000 ) ) ;
#2367 = ORIENTED_EDGE ( 'NONE', *, *, #454, .F. ) ;
#2368 = DIRECTION ( 'NONE',  ( 0.000000000000000000, 0.000000000000000000, 1.000000000000000000 ) ) ;
#2369 = CARTESIAN_POINT ( 'NONE',  ( -45.18041573351722207, 0.02810076154515818783, 11.50000000000000000 ) ) ;
#2370 = DIRECTION ( 'NONE',  ( -0.9335804264971995226, 0.3583679495453060970, 0.000000000000000000 ) ) ;
#2371 = DIRECTION ( 'NONE',  ( 0.000000000000000000, 0.000000000000000000, 1.000000000000000000 ) ) ;
#2372 = DIRECTION ( 'NONE',  ( 0.000000000000000000, 0.000000000000000000, 1.000000000000000000 ) ) ;
#2373 = ADVANCED_FACE ( 'NONE', ( #1047 ), #889, .T. ) ;
#2374 = ORIENTED_EDGE ( 'NONE', *, *, #1307, .F. ) ;
#2375 = CARTESIAN_POINT ( 'NONE',  ( -61.68039180462715620, 0.000000000000000000, 12.50000000000000000 ) ) ;
ENDSEC;
END-ISO-10303-21;
