ISO-10303-21;
HEADER;
FILE_DESCRIPTION (( 'STEP AP203' ),
    '1' );
FILE_NAME ('Part1_Default_sldprt.STEP',
    '2026-09-12T12:54:46',
    ( '' ),
    ( '' ),
    'SwSTEP 2.0',
    'SolidWorks 2024',
    '' );
FILE_SCHEMA (( 'CONFIG_CONTROL_DESIGN' ));
ENDSEC;

DATA;
#1 = CARTESIAN_POINT ( 'NONE',  ( 26.16969410081755498, 20.05558025597757776, -9.251143245020484684 ) ) ;
#2 = ORIENTED_EDGE ( 'NONE', *, *, #1084, .F. ) ;
#3 = ORIENTED_EDGE ( 'NONE', *, *, #740, .T. ) ;
#4 = DIRECTION ( 'NONE',  ( 1.000000000000000000, 0.000000000000000000, 0.000000000000000000 ) ) ;
#5 = AXIS2_PLACEMENT_3D ( 'NONE', #902, #300, #878 ) ;
#6 = AXIS2_PLACEMENT_3D ( 'NONE', #1333, #731, #1317 ) ;
#7 = CARTESIAN_POINT ( 'NONE',  ( -34.23395741451738417, 23.47993970298515620, 5.235957196822368154 ) ) ;
#8 = CARTESIAN_POINT ( 'NONE',  ( 25.84532947305983441, 20.57768635560858428, 7.665277431134080111 ) ) ;
#9 = CARTESIAN_POINT ( 'NONE',  ( -34.95314953129096835, 20.00000000000000355, -5.590967963288344222 ) ) ;
#10 = CARTESIAN_POINT ( 'NONE',  ( 28.49762323953335752, 18.49638761598366088, -9.276852449342042561 ) ) ;
#11 = CARTESIAN_POINT ( 'NONE',  ( -34.24331846501512189, 23.51231553298876875, -5.226429193568066900 ) ) ;
#12 = EDGE_CURVE ( 'NONE', #137, #1670, #1724, .T. ) ;
#13 = CARTESIAN_POINT ( 'NONE',  ( 24.92737328477702974, 22.09391227652569967, -5.930384011938243383 ) ) ;
#14 = VERTEX_POINT ( 'NONE', #255 ) ;
#15 = FACE_OUTER_BOUND ( 'NONE', #1429, .T. ) ;
#16 = EDGE_CURVE ( 'NONE', #837, #24, #785, .T. ) ;
#17 = CYLINDRICAL_SURFACE ( 'NONE', #1489, 10.00000000000000000 ) ;
#18 = CARTESIAN_POINT ( 'NONE',  ( 26.05747691437560931, 20.23539801980554742, 8.473771926526820764 ) ) ;
#19 = DIRECTION ( 'NONE',  ( -1.000000000000000000, 0.000000000000000000, -0.000000000000000000 ) ) ;
#20 = CARTESIAN_POINT ( 'NONE',  ( -36.29740517119415699, 20.32845151570199604, -3.738215751181566571 ) ) ;
#21 = CARTESIAN_POINT ( 'NONE',  ( -34.02239195663494797, 22.77428357685732152, -5.521967653625273975 ) ) ;
#22 = DIRECTION ( 'NONE',  ( -0.000000000000000000, -0.000000000000000000, -1.000000000000000000 ) ) ;
#23 = ADVANCED_FACE ( 'NONE', ( #248 ), #264, .T. ) ;
#24 = VERTEX_POINT ( 'NONE', #1428 ) ;
#25 = CARTESIAN_POINT ( 'NONE',  ( 27.24347838142235290, 20.00000000000000355, 6.471496255997181812 ) ) ;
#26 = CARTESIAN_POINT ( 'NONE',  ( -33.07104408819697028, 20.00000000000000000, -10.00000000000000000 ) ) ;
#27 = B_SPLINE_CURVE_WITH_KNOTS ( 'NONE', 1,
 ( #1859, #618 ),
 .UNSPECIFIED., .F., .F.,
 ( 2, 2 ),
 ( 0.000000000000000000, 1.000000000000000000 ),
 .UNSPECIFIED. ) ;
#28 = PLANE ( 'NONE',  #1678 ) ;
#29 = CARTESIAN_POINT ( 'NONE',  ( 28.49182253665684073, 18.51029056148514940, -9.143589596760483218 ) ) ;
#30 = CARTESIAN_POINT ( 'NONE',  ( -34.15812603292300054, 23.22183468108076454, -5.324863686530080464 ) ) ;
#31 = CARTESIAN_POINT ( 'NONE',  ( -34.02503685398706068, 20.00000000000000000, 6.993298349001396019 ) ) ;
#32 = CARTESIAN_POINT ( 'NONE',  ( -33.26312224323684319, 20.51734050956449096, -7.778995124596230326 ) ) ;
#33 = LINE ( 'NONE', #201, #461 ) ;
#34 = AXIS2_PLACEMENT_3D ( 'NONE', #1749, #557, #1286 ) ;
#35 = CARTESIAN_POINT ( 'NONE',  ( 27.63545270127444198, 20.00000000000000000, -5.794327268877625059 ) ) ;
#36 = CARTESIAN_POINT ( 'NONE',  ( -36.97162942841792699, 23.76203240232327474, -2.532055104294546499 ) ) ;
#37 = CARTESIAN_POINT ( 'NONE',  ( -34.25539409945356084, 23.55393747172424668, -5.213675319766712946 ) ) ;
#38 = VECTOR ( 'NONE', #204, 999.9999999999998863 ) ;
#39 = CC_DESIGN_APPROVAL ( #273, ( #102 ) ) ;
#40 = CARTESIAN_POINT ( 'NONE',  ( -34.14122176228140404, 20.00000000000000711, 6.798941291304631207 ) ) ;
#41 = CARTESIAN_POINT ( 'NONE',  ( -33.16157445454758346, 20.24162629083402365, -8.462251427603314724 ) ) ;
#42 = DIRECTION ( 'NONE',  ( -0.000000000000000000, -0.000000000000000000, -1.000000000000000000 ) ) ;
#43 = EDGE_CURVE ( 'NONE', #1370, #1573, #1857, .T. ) ;
#44 = ADVANCED_FACE ( 'NONE', ( #705, #691 ), #995, .T. ) ;
#45 = CARTESIAN_POINT ( 'NONE',  ( 0.000000000000000000, 99.61507075500942676, 10.00000000000000000 ) ) ;
#46 = CARTESIAN_POINT ( 'NONE',  ( -37.04368943826291627, 24.17126419264016945, -2.500012713345460380 ) ) ;
#47 = CARTESIAN_POINT ( 'NONE',  ( -34.10808632869545676, 23.05543943117168126, -5.393597569369590339 ) ) ;
#48 = CARTESIAN_POINT ( 'NONE',  ( 25.71609444178519865, 25.58026665186533322, 2.500008361058658757 ) ) ;
#49 = CARTESIAN_POINT ( 'NONE',  ( 0.000000000000000000, 15.00000000000000000, 0.000000000000000000 ) ) ;
#50 = CARTESIAN_POINT ( 'NONE',  ( 26.19416504878992313, 20.01646785217016600, 10.40547173951649107 ) ) ;
#51 = DIRECTION ( 'NONE',  ( -0.000000000000000000, -0.000000000000000000, 1.000000000000000000 ) ) ;
#52 = CARTESIAN_POINT ( 'NONE',  ( 8.572527594031472993E-15, 15.00000000000000000, -70.00000000000000000 ) ) ;
#53 = CARTESIAN_POINT ( 'NONE',  ( 26.34193277162759372, 23.90737266777031422, -2.761766473724097892 ) ) ;
#54 = CARTESIAN_POINT ( 'NONE',  ( -36.02119190199089616, 41.30284372434919504, 5.000000000000000000 ) ) ;
#55 = CARTESIAN_POINT ( 'NONE',  ( 14.97064550628284962, 99.06203778049801656, 2.499999999999970246 ) ) ;
#56 = CARTESIAN_POINT ( 'NONE',  ( 26.88628604940626587, 22.49218121563774275, 3.321053558509983183 ) ) ;
#57 = EDGE_LOOP ( 'NONE', ( #1708, #784, #872, #1149, #950, #458 ) ) ;
#58 = CARTESIAN_POINT ( 'NONE',  ( 26.20205751032629138, 20.00386073378680862, 9.784413031182122467 ) ) ;
#59 = DIRECTION ( 'NONE',  ( -0.000000000000000000, 0.000000000000000000, 1.000000000000000000 ) ) ;
#60 = LINE ( 'NONE', #1515, #1186 ) ;
#61 = CARTESIAN_POINT ( 'NONE',  ( 28.07870089920839973, 19.50907662649981589, -6.152931913467677205 ) ) ;
#62 = CARTESIAN_POINT ( 'NONE',  ( 14.97064550628287805, 99.06203778049801656, -2.500000000000053291 ) ) ;
#63 = CARTESIAN_POINT ( 'NONE',  ( 24.33842556483635278, 23.09893881885079736, 5.375481271674812156 ) ) ;
#64 = AXIS2_PLACEMENT_3D ( 'NONE', #793, #77, #651 ) ;
#65 = CARTESIAN_POINT ( 'NONE',  ( -35.56301413251726729, 17.15975321940213405, 8.012894140834868395 ) ) ;
#66 = CIRCLE ( 'NONE', #1003, 10.00000000000000000 ) ;
#67 = CARTESIAN_POINT ( 'NONE',  ( -34.29459470567400814, 19.99999999999999645, 6.548213877239217773 ) ) ;
#68 = EDGE_CURVE ( 'NONE', #14, #104, #1034, .T. ) ;
#69 =( GEOMETRIC_REPRESENTATION_CONTEXT ( 3 ) GLOBAL_UNCERTAINTY_ASSIGNED_CONTEXT ( ( #948 ) ) GLOBAL_UNIT_ASSIGNED_CONTEXT ( ( #128, #707, #1459 ) ) REPRESENTATION_CONTEXT ( 'NONE', 'WORKASPACE' ) );
#70 = ORIENTED_EDGE ( 'NONE', *, *, #1623, .F. ) ;
#71 = CARTESIAN_POINT ( 'NONE',  ( 25.67990807280751753, 20.84662770014155342, 7.214868059647401743 ) ) ;
#72 = ORIENTED_EDGE ( 'NONE', *, *, #165, .T. ) ;
#73 = FACE_BOUND ( 'NONE', #1111, .T. ) ;
#74 = DIRECTION ( 'NONE',  ( 1.224646799147352468E-16, 0.000000000000000000, -1.000000000000000000 ) ) ;
#75 = EDGE_CURVE ( 'NONE', #1237, #706, #698, .T. ) ;
#76 = CARTESIAN_POINT ( 'NONE',  ( -33.38900077400055721, 20.86709747483303801, 7.185826563167762693 ) ) ;
#77 = DIRECTION ( 'NONE',  ( -0.000000000000000000, -0.000000000000000000, -1.000000000000000000 ) ) ;
#78 = DIRECTION ( 'NONE',  ( 0.000000000000000000, 0.000000000000000000, -1.000000000000000000 ) ) ;
#79 = CARTESIAN_POINT ( 'NONE',  ( 24.66439585043237059, 22.53934264020044864, -5.646727665298171495 ) ) ;
#80 = CC_DESIGN_DATE_AND_TIME_ASSIGNMENT ( #450, #1270, ( #746 ) ) ;
#81 = CARTESIAN_POINT ( 'NONE',  ( 194.6183915816770877, 87.80649114647421527, 5.000000000000000000 ) ) ;
#82 = ORIENTED_EDGE ( 'NONE', *, *, #1707, .T. ) ;
#83 = CARTESIAN_POINT ( 'NONE',  ( -34.28356058623963065, 23.65052768847492004, -5.182511449540704973 ) ) ;
#84 = ORIENTED_EDGE ( 'NONE', *, *, #342, .F. ) ;
#85 = CARTESIAN_POINT ( 'NONE',  ( -33.22673954914834127, 20.41814522810003041, 7.998249959150284027 ) ) ;
#86 = CARTESIAN_POINT ( 'NONE',  ( 25.27842423678007222, 21.50715249264703033, 6.422273302998418920 ) ) ;
#87 = CARTESIAN_POINT ( 'NONE',  ( 61.47880809800907542, 41.30284372434919504, -2.500000000000053291 ) ) ;
#88 = B_SPLINE_SURFACE_WITH_KNOTS ( 'NONE', 1, 3, ( 
 ( #1539, #217, #96, #1510, #206, #513, #794, #782, #1366, #65, #1379, #1088, #1568, #1590, #284, #272, #122, #1548, #244, #822, #253, #1408, #1425, #850, #696, #540, #1278, #1436, #108, #134, #861, #1416, #679, #1288, #1876, #406, #1260, #1867, #1848, #559 ),
 ( #1002, #833, #260, #1116, #567, #703, #1856, #1136, #1145, #1445, #415, #1722, #992, #1577, #1731, #1703, #425, #143, #386, #713, #984, #841, #1296, #1885, #576, #115, #1156, #395, #966, #976, #1715, #1559, #687, #1267, #549, #1126, #1635, #1342, #1473, #319 ) ),
 .UNSPECIFIED., .F., .F., .F.,
 ( 2, 2 ),
 ( 4, 2, 2, 2, 2, 2, 2, 2, 2, 2, 2, 2, 2, 2, 2, 2, 2, 2, 2, 4 ),
 ( 0.000000000000000000, 1.000000000000000000 ),
 ( 0.000000000000000000, 0.0007776042412136348857, 0.001555208482427269771, 0.001944010603034087214, 0.002332812723640904657, 0.003110416964854539543, 0.003888021206068174428, 0.004665625447281809314, 0.005443229688495443766, 0.006220833929709079085, 0.006998438170922714405, 0.007387240291529531197, 0.007776042412136348857, 0.008553646653349983309, 0.009331250894563618628, 0.009720053015170437155, 0.01010885513577725395, 0.01088645937699088753, 0.01166406361820452285, 0.01244166785941815817 ),
 .UNSPECIFIED. ) ;
#89 = CARTESIAN_POINT ( 'NONE',  ( 23.26613840166244529, 25.00000000000000000, -5.000000000000000000 ) ) ;
#90 = CARTESIAN_POINT ( 'NONE',  ( 25.61342954111466597, 25.86036289241751263, 2.499999999999970246 ) ) ;
#91 = ORIENTED_EDGE ( 'NONE', *, *, #1417, .F. ) ;
#92 = CARTESIAN_POINT ( 'NONE',  ( -33.51509206554632669, 21.22553535487535470, -6.716315501436833202 ) ) ;
#93 = VERTEX_POINT ( 'NONE', #1579 ) ;
#94 = CARTESIAN_POINT ( 'NONE',  ( 14.61839158167710373, 87.80649114647421527, 5.000000000000000000 ) ) ;
#95 = CARTESIAN_POINT ( 'NONE',  ( 25.59924049529241330, 20.97837848366780023, 7.024893795724137746 ) ) ;
#96 = CARTESIAN_POINT ( 'NONE',  ( -35.49433742512974987, 16.88545047318984160, 10.07396485766937211 ) ) ;
#97 = AXIS2_PLACEMENT_3D ( 'NONE', #486, #317, #741 ) ;
#98 = CARTESIAN_POINT ( 'NONE',  ( 24.30201823840573638, 23.16193938282210851, -5.350090222963038045 ) ) ;
#99 = CONICAL_SURFACE ( 'NONE', #1157, 100.0000000000000000, 0.7853981633974482790 ) ;
#100 = DIRECTION ( 'NONE',  ( 1.000000000000000000, 0.000000000000000000, 0.000000000000000000 ) ) ;
#101 = VERTEX_POINT ( 'NONE', #1869 ) ;
#102 = SECURITY_CLASSIFICATION ( '', '', #476 ) ;
#103 = CARTESIAN_POINT ( 'NONE',  ( -36.52160831271027774, 21.40166698963847480, 3.159296170378283808 ) ) ;
#104 = VERTEX_POINT ( 'NONE', #1268 ) ;
#105 = ADVANCED_FACE ( 'NONE', ( #1262 ), #905, .T. ) ;
#106 = CARTESIAN_POINT ( 'NONE',  ( 23.26613840166234581, 25.00000000000000000, 5.000000000000000000 ) ) ;
#107 = CARTESIAN_POINT ( 'NONE',  ( 24.45920349730178955, 22.89037985090650906, 5.463733964901331674 ) ) ;
#108 = CARTESIAN_POINT ( 'NONE',  ( -36.49484751700242668, 21.27229509087631243, 3.224889060195553103 ) ) ;
#109 = CARTESIAN_POINT ( 'NONE',  ( 25.64024165748761419, 20.91142035433079727, -7.121822387936306065 ) ) ;
#110 = CARTESIAN_POINT ( 'NONE',  ( 27.87823517535992224, 20.00000000000000355, 5.000000000000000000 ) ) ;
#111 = CARTESIAN_POINT ( 'NONE',  ( -33.07177334926134193, 20.00192557899747570, -10.22241371254587783 ) ) ;
#112 = EDGE_LOOP ( 'NONE', ( #590, #1441, #1300, #1091, #362, #250 ) ) ;
#113 = CARTESIAN_POINT ( 'NONE',  ( -34.16380207333204311, 23.24161927638493097, 5.319311476143878004 ) ) ;
#114 = CARTESIAN_POINT ( 'NONE',  ( 25.04846675863858252, 21.89049238553576515, 6.083600058836816871 ) ) ;
#115 = CARTESIAN_POINT ( 'NONE',  ( -33.85932977791091503, 22.25590161380100440, 5.816817808732215767 ) ) ;
#116 = CARTESIAN_POINT ( 'NONE',  ( 0.000000000000000000, 100.0000000000000000, -2.500000000000053291 ) ) ;
#117 = CARTESIAN_POINT ( 'NONE',  ( -34.68483990491061775, 20.00000000000000000, -5.962913762653598404 ) ) ;
#118 = CARTESIAN_POINT ( 'NONE',  ( -33.19734990685388709, 20.33819302329920120, -8.184171749162038267 ) ) ;
#119 = ORIENTED_EDGE ( 'NONE', *, *, #182, .F. ) ;
#120 = CARTESIAN_POINT ( 'NONE',  ( -33.85793950355002124, 22.25231817938275825, 5.822640749746448741 ) ) ;
#121 = CARTESIAN_POINT ( 'NONE',  ( 28.43647872187314363, 18.64311234155194796, 8.350153492171308756 ) ) ;
#122 = CARTESIAN_POINT ( 'NONE',  ( -35.83684063184584545, 18.28782208140078680, 5.680769369091026810 ) ) ;
#123 = AXIS2_PLACEMENT_3D ( 'NONE', #986, #1419, #1570 ) ;
#124 = CARTESIAN_POINT ( 'NONE',  ( -33.08160484593913253, 19.99999999999999289, 9.644576956916278476 ) ) ;
#125 = DIRECTION ( 'NONE',  ( 0.000000000000000000, 0.000000000000000000, -1.000000000000000000 ) ) ;
#126 = EDGE_CURVE ( 'NONE', #287, #1141, #1461, .T. ) ;
#127 = AXIS2_PLACEMENT_3D ( 'NONE', #1274, #867, #1566 ) ;
#128 =( LENGTH_UNIT ( ) NAMED_UNIT ( * ) SI_UNIT ( .MILLI., .METRE. ) );
#129 = ORIENTED_EDGE ( 'NONE', *, *, #542, .F. ) ;
#130 = CIRCLE ( 'NONE', #756, 182.4999999999999432 ) ;
#131 = DIRECTION ( 'NONE',  ( 1.000000000000000000, 0.000000000000000000, 0.000000000000000000 ) ) ;
#132 = CARTESIAN_POINT ( 'NONE',  ( 9.184850993605150311E-15, 0.000000000000000000, 75.00000000000001421 ) ) ;
#133 = CARTESIAN_POINT ( 'NONE',  ( 28.10555989307257718, 19.44362469861833276, 6.266200595849015897 ) ) ;
#134 = CARTESIAN_POINT ( 'NONE',  ( -36.56777043318688669, 21.63348530900971056, 3.071640579625283696 ) ) ;
#135 = CARTESIAN_POINT ( 'NONE',  ( 25.70915383585917624, 20.79894927181006281, -7.287296178325876284 ) ) ;
#136 = DIRECTION ( 'NONE',  ( 0.000000000000000000, -0.000000000000000000, -1.000000000000000000 ) ) ;
#137 = VERTEX_POINT ( 'NONE', #1290 ) ;
#138 = CARTESIAN_POINT ( 'NONE',  ( 0.000000000000000000, 25.00000000000000000, -10.00000000000000000 ) ) ;
#139 = ORIENTED_EDGE ( 'NONE', *, *, #1506, .T. ) ;
#140 = CARTESIAN_POINT ( 'NONE',  ( 26.62087421942366205, 20.00000000000000000, 7.797942622497782139 ) ) ;
#141 = DIRECTION ( 'NONE',  ( -0.000000000000000000, -0.000000000000000000, 1.000000000000000000 ) ) ;
#142 = CARTESIAN_POINT ( 'NONE',  ( 28.49182253665680875, 18.51029056148519203, 9.143589596760477889 ) ) ;
#143 = CARTESIAN_POINT ( 'NONE',  ( -33.47677420076662003, 21.11559274460586622, 6.847102515251664023 ) ) ;
#144 = DIRECTION ( 'NONE',  ( -1.000000000000000000, 0.000000000000000000, 0.000000000000000000 ) ) ;
#145 = ORIENTED_EDGE ( 'NONE', *, *, #931, .F. ) ;
#146 = DATE_AND_TIME ( #1172, #1405 ) ;
#147 = ORIENTED_EDGE ( 'NONE', *, *, #1426, .F. ) ;
#148 = CARTESIAN_POINT ( 'NONE',  ( 27.87823517535992224, 20.00000000000000355, 5.423371796749206553 ) ) ;
#149 = CARTESIAN_POINT ( 'NONE',  ( -34.39153863093289942, 24.03402442490540025, 5.094196212920207856 ) ) ;
#150 = CARTESIAN_POINT ( 'NONE',  ( -35.53290178803231925, 17.03911013312476541, -8.522998661158448286 ) ) ;
#151 = CARTESIAN_POINT ( 'NONE',  ( -35.28618384165925903, 20.00000000000000711, -5.149438347689239137 ) ) ;
#152 = CARTESIAN_POINT ( 'NONE',  ( -36.52134754675229544, 21.40040694427407075, -3.159945333724835770 ) ) ;
#153 = DESIGN_CONTEXT ( 'detailed design', #1665, 'design' ) ;
#154 = CARTESIAN_POINT ( 'NONE',  ( 26.20628878347618596, 19.99710326705799801, -10.05075474663182256 ) ) ;
#155 = ORIENTED_EDGE ( 'NONE', *, *, #1764, .F. ) ;
#156 = DIRECTION ( 'NONE',  ( 0.000000000000000000, 0.000000000000000000, -1.000000000000000000 ) ) ;
#157 = LINE ( 'NONE', #460, #1490 ) ;
#158 = AXIS2_PLACEMENT_3D ( 'NONE', #721, #1047, #326 ) ;
#159 = AXIS2_PLACEMENT_3D ( 'NONE', #1177, #743, #722 ) ;
#160 = DIRECTION ( 'NONE',  ( -0.000000000000000000, -1.000000000000000000, -0.000000000000000000 ) ) ;
#161 = EDGE_CURVE ( 'NONE', #684, #1005, #459, .T. ) ;
#162 = CARTESIAN_POINT ( 'NONE',  ( -36.78725835843143699, 22.75970208670554840, -2.709021566022577598 ) ) ;
#163 = CARTESIAN_POINT ( 'NONE',  ( 27.05827251863482985, 19.99999999999999645, -6.818380661160988510 ) ) ;
#164 = CARTESIAN_POINT ( 'NONE',  ( 26.64061835102945253, 23.12447979634225703, -3.008464718201812271 ) ) ;
#165 = EDGE_CURVE ( 'NONE', #1581, #24, #399, .T. ) ;
#166 = CARTESIAN_POINT ( 'NONE',  ( -33.84097152370866013, 22.19961800071780900, -5.857779975677128270 ) ) ;
#167 = CARTESIAN_POINT ( 'NONE',  ( 0.000000000000000000, 100.0000000000000000, 5.000000000000000000 ) ) ;
#168 = VERTEX_POINT ( 'NONE', #1562 ) ;
#169 = COORDINATED_UNIVERSAL_TIME_OFFSET ( 5, 30, .AHEAD. ) ;
#170 = DIRECTION ( 'NONE',  ( -0.000000000000000000, -1.000000000000000000, -0.000000000000000000 ) ) ;
#171 = CARTESIAN_POINT ( 'NONE',  ( -34.19451595047071635, 19.99999999999999645, -6.712019179625020371 ) ) ;
#172 = FACE_OUTER_BOUND ( 'NONE', #1069, .T. ) ;
#173 = CARTESIAN_POINT ( 'NONE',  ( -34.64854121788256691, 25.00000000000000000, -5.000000000000000000 ) ) ;
#174 = CARTESIAN_POINT ( 'NONE',  ( -33.85057497574771901, 22.22942113146471854, -5.837791924227689222 ) ) ;
#175 = CARTESIAN_POINT ( 'NONE',  ( -33.18176267057688733, 20.00000000000000355, 9.007655240603382296 ) ) ;
#176 = CARTESIAN_POINT ( 'NONE',  ( 8.878689293818312441E-15, 20.00000000000000000, -70.00000000000000000 ) ) ;
#177 = DIRECTION ( 'NONE',  ( 1.000000000000000000, 0.000000000000000000, 0.000000000000000000 ) ) ;
#178 = CARTESIAN_POINT ( 'NONE',  ( 26.39167721399782707, 20.00000000000000000, -8.529481338220341158 ) ) ;
#179 = CARTESIAN_POINT ( 'NONE',  ( 26.43553961935550944, 23.65928379742906884, -2.817541113320757518 ) ) ;
#180 = CARTESIAN_POINT ( 'NONE',  ( -34.35520454355138043, 23.90385895171166197, -5.121375468161808442 ) ) ;
#181 = CARTESIAN_POINT ( 'NONE',  ( -33.72945008437849168, 20.00000000000000000, 7.537475187627890705 ) ) ;
#182 = EDGE_CURVE ( 'NONE', #857, #684, #27, .T. ) ;
#183 = DIRECTION ( 'NONE',  ( 0.000000000000000000, 0.000000000000000000, 1.000000000000000000 ) ) ;
#184 = CIRCLE ( 'NONE', #788, 5.000000000000001776 ) ;
#185 = CARTESIAN_POINT ( 'NONE',  ( -33.40545843648634872, 19.99999999999999289, -8.272034439143485685 ) ) ;
#186 = AXIS2_PLACEMENT_3D ( 'NONE', #492, #368, #1687 ) ;
#187 = CARTESIAN_POINT ( 'NONE',  ( 27.14593958585069799, 20.00000000000000000, -6.651326043209279781 ) ) ;
#188 = CARTESIAN_POINT ( 'NONE',  ( 27.03097480444960254, 22.12146750496589576, -3.522289452816616429 ) ) ;
#189 = CARTESIAN_POINT ( 'NONE',  ( -33.37629375014464728, 20.83142621996105603, -7.238941481984244142 ) ) ;
#190 = CARTESIAN_POINT ( 'NONE',  ( 26.63877744342920550, 23.13091528373352901, 3.023378984166458672 ) ) ;
#191 = CARTESIAN_POINT ( 'NONE',  ( -37.11334504649514088, 24.58197836604230702, -2.500000000000053291 ) ) ;
#192 = CARTESIAN_POINT ( 'NONE',  ( 25.94148322155332664, 20.42214084529884843, 7.981577712129475088 ) ) ;
#193 = CARTESIAN_POINT ( 'NONE',  ( -33.07104795298454292, 20.00000000000000000, -9.714464044215244343 ) ) ;
#194 = CARTESIAN_POINT ( 'NONE',  ( 26.20447676525303748, 20.00000000000000000, -9.796669506774108527 ) ) ;
#195 = CARTESIAN_POINT ( 'NONE',  ( 27.52577851367834327, 20.87317676488681784, -4.459341314766475328 ) ) ;
#196 = CARTESIAN_POINT ( 'NONE',  ( -33.59943270011378758, 21.47136854656428895, -6.457565309696072120 ) ) ;
#197 = B_SPLINE_CURVE_WITH_KNOTS ( 'NONE', 3,
 ( #604, #327, #1166, #870, #1744, #1481, #1627, #879, #1465, #473, #1752, #1780, #188, #1617, #164, #179, #1184, #436, #1456, #619, #1042 ),
 .UNSPECIFIED., .F., .F.,
 ( 4, 2, 1, 2, 2, 2, 2, 2, 2, 2, 4 ),
 ( 0.000000000000000000, 0.1250000000000025258, 0.1875000000000031641, 0.2187500000000038025, 0.2500000000000044409, 0.3125000000000044409, 0.3750000000000042744, 0.5000000000000035527, 0.7500000000000021094, 0.8750000000000009992, 1.000000000000000000 ),
 .UNSPECIFIED. ) ;
#198 = LINE ( 'NONE', #1798, #670 ) ;
#199 = CARTESIAN_POINT ( 'NONE',  ( 5.000000000000001776, 100.0000000000000000, 5.000000000000000000 ) ) ;
#200 = CARTESIAN_POINT ( 'NONE',  ( -36.59220322664797465, 21.75565368826233481, -3.023403582539768930 ) ) ;
#201 = CARTESIAN_POINT ( 'NONE',  ( -36.22579184107239314, 20.00000000000000000, 5.000000000000000000 ) ) ;
#202 = CARTESIAN_POINT ( 'NONE',  ( 14.61839158167710373, 87.80649114647421527, 2.499999999999970246 ) ) ;
#203 = CARTESIAN_POINT ( 'NONE',  ( 26.79015127931191032, 22.73928102792149986, -3.195600947388149482 ) ) ;
#204 = DIRECTION ( 'NONE',  ( 0.7071067811865516806, 0.000000000000000000, 0.7071067811865434649 ) ) ;
#205 = EDGE_CURVE ( 'NONE', #935, #1824, #60, .T. ) ;
#206 = CARTESIAN_POINT ( 'NONE',  ( -35.50276774753751141, 16.91893128169398253, 9.296779129939169550 ) ) ;
#207 = CARTESIAN_POINT ( 'NONE',  ( -33.30422697428749501, 20.00000000000000000, 8.561586168241774430 ) ) ;
#208 = ORIENTED_EDGE ( 'NONE', *, *, #403, .F. ) ;
#209 = CARTESIAN_POINT ( 'NONE',  ( -35.80146233426140157, 18.13887746020363423, -5.894600837720932240 ) ) ;
#210 = EDGE_CURVE ( 'NONE', #1005, #1403, #483, .T. ) ;
#211 = ORIENTED_EDGE ( 'NONE', *, *, #1138, .T. ) ;
#212 = CARTESIAN_POINT ( 'NONE',  ( -37.11334504649515509, 24.58197836604230346, 2.499999999999970246 ) ) ;
#213 = DIRECTION ( 'NONE',  ( 0.000000000000000000, 0.000000000000000000, -1.000000000000000000 ) ) ;
#214 = CARTESIAN_POINT ( 'NONE',  ( -33.64745572721339073, 21.61296557609940550, 6.321753662907811488 ) ) ;
#215 = FACE_OUTER_BOUND ( 'NONE', #1257, .T. ) ;
#216 = EDGE_CURVE ( 'NONE', #349, #360, #1121, .T. ) ;
#217 = CARTESIAN_POINT ( 'NONE',  ( -35.49614723252458504, 16.89263310296141540, 10.33362056881883362 ) ) ;
#218 = CARTESIAN_POINT ( 'NONE',  ( 23.51775635271021159, 24.54515295909246930, -5.020718024000220936 ) ) ;
#219 = EDGE_LOOP ( 'NONE', ( #570, #1421, #632, #884 ) ) ;
#220 = PRODUCT_DEFINITION_SHAPE ( 'NONE', 'NONE',  #746 ) ;
#221 = CARTESIAN_POINT ( 'NONE',  ( 0.000000000000000000, 100.0000000000000000, 5.000000000000000000 ) ) ;
#222 = ORIENTED_EDGE ( 'NONE', *, *, #1648, .T. ) ;
#223 = CARTESIAN_POINT ( 'NONE',  ( 26.15012316243504742, 20.08688629637396161, 9.070950836608915324 ) ) ;
#224 = CARTESIAN_POINT ( 'NONE',  ( -33.52088216505503482, 21.24225877813211483, 6.697582567045651025 ) ) ;
#225 = CARTESIAN_POINT ( 'NONE',  ( 24.97953897646467780, 22.00609971029767209, 5.994561644655653332 ) ) ;
#226 = CYLINDRICAL_SURFACE ( 'NONE', #758, 180.0000000000000000 ) ;
#227 = CARTESIAN_POINT ( 'NONE',  ( 23.78811698415946907, 24.06252639459496834, -5.088658508228935951 ) ) ;
#228 = DIRECTION ( 'NONE',  ( 1.000000000000000000, 0.000000000000000000, 0.000000000000000000 ) ) ;
#229 = ORIENTED_EDGE ( 'NONE', *, *, #1283, .F. ) ;
#230 = LINE ( 'NONE', #529, #1062 ) ;
#231 = EDGE_LOOP ( 'NONE', ( #865, #72, #497, #516 ) ) ;
#232 = CARTESIAN_POINT ( 'NONE',  ( -33.44929052256384239, 21.03743043308648453, 6.949706285500120373 ) ) ;
#233 = CARTESIAN_POINT ( 'NONE',  ( 61.47880809800907542, 41.30284372434919504, 5.000000000000000000 ) ) ;
#234 = CARTESIAN_POINT ( 'NONE',  ( 61.47880809800907542, 41.30284372434919504, 2.499999999999970246 ) ) ;
#235 = CARTESIAN_POINT ( 'NONE',  ( 23.77251283809338389, 24.09017778527303832, -5.083464464800244720 ) ) ;
#236 = CARTESIAN_POINT ( 'NONE',  ( 25.91084176170766540, 20.47167924334183908, -7.879625874008651110 ) ) ;
#237 = VERTEX_POINT ( 'NONE', #202 ) ;
#238 = ORIENTED_EDGE ( 'NONE', *, *, #710, .F. ) ;
#239 = CARTESIAN_POINT ( 'NONE',  ( -33.59517694304606295, 21.45838926055466089, -6.466423980782636249 ) ) ;
#240 = EDGE_CURVE ( 'NONE', #1161, #420, #881, .T. ) ;
#241 = ORIENTED_EDGE ( 'NONE', *, *, #1757, .T. ) ;
#242 = CARTESIAN_POINT ( 'NONE',  ( 23.80780344490894151, 24.02764460636592858, 5.095455068393893505 ) ) ;
#243 = CARTESIAN_POINT ( 'NONE',  ( 24.00475973265226060, 23.67992327398818020, 5.174510982511487001 ) ) ;
#244 = CARTESIAN_POINT ( 'NONE',  ( -35.95083309538075866, 18.77510968123399948, 5.074473252156404435 ) ) ;
#245 = AXIS2_PLACEMENT_3D ( 'NONE', #233, #811, #538 ) ;
#246 = VECTOR ( 'NONE', #502, 1000.000000000000114 ) ;
#247 = CARTESIAN_POINT ( 'NONE',  ( 25.14923588121759934, 21.72195629652049575, -6.223062518851860681 ) ) ;
#248 = FACE_OUTER_BOUND ( 'NONE', #1863, .T. ) ;
#249 = CARTESIAN_POINT ( 'NONE',  ( -35.51563896637276940, 16.97020000628997494, -8.909751815648862205 ) ) ;
#250 = ORIENTED_EDGE ( 'NONE', *, *, #1451, .T. ) ;
#251 = CARTESIAN_POINT ( 'NONE',  ( -34.43250672939998225, 24.18237966728550248, 5.066961255988895019 ) ) ;
#252 = CARTESIAN_POINT ( 'NONE',  ( 23.72873980988815745, 24.16764953450181252, 5.066961807290348396 ) ) ;
#253 = CARTESIAN_POINT ( 'NONE',  ( -36.07580843282170235, 19.32243670122561241, 4.521005620586579177 ) ) ;
#254 = CARTESIAN_POINT ( 'NONE',  ( 0.000000000000000000, 100.0000000000000000, 5.000000000000000000 ) ) ;
#255 = CARTESIAN_POINT ( 'NONE',  ( -5.000000000000001776, 100.0000000000000000, -5.000000000000000000 ) ) ;
#256 = CARTESIAN_POINT ( 'NONE',  ( -33.27505155754423072, 20.55017974557925697, -7.713350486768929315 ) ) ;
#257 = ORIENTED_EDGE ( 'NONE', *, *, #829, .T. ) ;
#258 = CARTESIAN_POINT ( 'NONE',  ( -34.37101979592236489, 23.96017607496651891, 5.108805247139833305 ) ) ;
#259 = CARTESIAN_POINT ( 'NONE',  ( 26.61263753895394046, 23.19935191184621459, 3.000925056413878078 ) ) ;
#260 = CARTESIAN_POINT ( 'NONE',  ( -33.07000878705126468, 19.99725686964593763, 10.04930990511146049 ) ) ;
#261 = ADVANCED_FACE ( 'NONE', ( #1229 ), #1786, .F. ) ;
#262 = B_SPLINE_CURVE_WITH_KNOTS ( 'NONE', 3,
 ( #89, #1540, #934, #1677, #956, #653, #369, #218, #1688, #1241, #947, #805, #1832, #235, #662, #227, #1389, #1100, #377, #1520, #813, #1531, #1398, #98, #1667, #359, #795, #1821, #1233, #1380, #79, #514, #978, #1541, #957, #1842, #370, #1550, #1409, #388, #247, #1110, #1850, #824, #1696, #967, #407, #1560, #1716, #1254, #663, #1090, #109, #1689, #834, #985, #380, #534, #236, #1569, #1117, #1705, #263, #681, #1243, #1679, #1261, #814, #1418, #1381, #1399 ),
 .UNSPECIFIED., .F., .F.,
 ( 4, 2, 1, 1, 2, 2, 1, 1, 1, 2, 2, 2, 2, 1, 1, 1, 2, 2, 2, 2, 1, 1, 2, 2, 2, 1, 1, 1, 2, 2, 2, 1, 1, 2, 2, 2, 1, 2, 2, 2, 1, 2, 2, 4 ),
 ( 0.000000000000000000, 0.03125000000000204697, 0.04687500000000283801, 0.05468750000000344863, 0.05859375000000304617, 0.06250000000000263678, 0.09375000000000247025, 0.1093750000000021372, 0.1171875000000014572, 0.1210937500000008604, 0.1250000000000002498, 0.1874999999999830136, 0.2187499999999741040, 0.2343749999999702460, 0.2421874999999680811, 0.2460937499999673039, 0.2480468749999670819, 0.2499999999999668876, 0.3124999999999836797, 0.3437499999999913403, 0.3593749999999950595, 0.3671874999999969469, 0.3710937499999973355, 0.3749999999999976685, 0.4375000000000065503, 0.4687500000000107137, 0.4843750000000124900, 0.4921875000000129896, 0.4960937500000132117, 0.5000000000000134337, 0.5625000000000093259, 0.5937500000000075495, 0.6093750000000064393, 0.6171875000000057732, 0.6250000000000052180, 0.6875000000000058842, 0.7187500000000058842, 0.7343750000000055511, 0.7500000000000052180, 0.8125000000000041078, 0.8437500000000037748, 0.8593750000000036637, 0.8750000000000035527, 1.000000000000000000 ),
 .UNSPECIFIED. ) ;
#263 = CARTESIAN_POINT ( 'NONE',  ( 26.03015480482074295, 20.27929471312503296, -8.343775197663099163 ) ) ;
#264 = CYLINDRICAL_SURFACE ( 'NONE', #123, 75.00000000000001421 ) ;
#265 = ORIENTED_EDGE ( 'NONE', *, *, #1224, .F. ) ;
#266 = PERSON_AND_ORGANIZATION ( #378, #311 ) ;
#267 = ORIENTED_EDGE ( 'NONE', *, *, #629, .T. ) ;
#268 = CARTESIAN_POINT ( 'NONE',  ( -33.07104555227317633, 20.00000000000213873, 9.671775940691933471 ) ) ;
#269 = EDGE_CURVE ( 'NONE', #935, #1247, #523, .T. ) ;
#270 = CARTESIAN_POINT ( 'NONE',  ( -33.98960547987538661, 22.66869638998202774, 5.576761425993719712 ) ) ;
#271 = CARTESIAN_POINT ( 'NONE',  ( 27.99413387429894229, 19.71564770906513075, 5.822302089471050657 ) ) ;
#272 = CARTESIAN_POINT ( 'NONE',  ( -35.80146233426141578, 18.13887746020355607, 5.894600837720886943 ) ) ;
#273 = APPROVAL ( #1203, 'UNSPECIFIED' ) ;
#274 = CARTESIAN_POINT ( 'NONE',  ( 23.91285434301478574, 23.84160967144431709, -5.133193750531497734 ) ) ;
#275 = DIRECTION ( 'NONE',  ( -0.000000000000000000, -0.000000000000000000, 1.000000000000000000 ) ) ;
#276 = AXIS2_PLACEMENT_3D ( 'NONE', #1655, #520, #356 ) ;
#277 = VERTEX_POINT ( 'NONE', #1064 ) ;
#278 = APPROVAL_DATE_TIME ( #146, #1028 ) ;
#279 = EDGE_LOOP ( 'NONE', ( #371, #809, #1803, #119 ) ) ;
#280 = CARTESIAN_POINT ( 'NONE',  ( 26.71954882514274487, 20.00000000000000000, 7.553950390172058604 ) ) ;
#281 = CC_DESIGN_APPROVAL ( #1028, ( #746 ) ) ;
#282 = CARTESIAN_POINT ( 'NONE',  ( -34.48451819842173904, 24.37362646553242840, 5.038651482045504615 ) ) ;
#283 = CARTESIAN_POINT ( 'NONE',  ( 26.25128635998740378, 24.14657994056936019, 2.699790625799746824 ) ) ;
#284 = CARTESIAN_POINT ( 'NONE',  ( -35.73505535186992432, 17.86174711510601654, 6.341247155589844198 ) ) ;
#285 = CARTESIAN_POINT ( 'NONE',  ( 25.87041137827294435, 20.53707037898908894, -7.743878486226202895 ) ) ;
#286 = ORIENTED_EDGE ( 'NONE', *, *, #1027, .F. ) ;
#287 = VERTEX_POINT ( 'NONE', #1653 ) ;
#288 = CARTESIAN_POINT ( 'NONE',  ( -10.84920142906042351, 110.3583216957030828, -2.500000000000053291 ) ) ;
#289 = CARTESIAN_POINT ( 'NONE',  ( -34.57132593920337627, 24.69964554716213101, 5.006376504338799549 ) ) ;
#290 = CARTESIAN_POINT ( 'NONE',  ( -35.56301413251724597, 17.15975321940225129, -8.012894140834873724 ) ) ;
#291 = CARTESIAN_POINT ( 'NONE',  ( 26.35621309631212483, 20.00000000000000000, -8.678166277885337010 ) ) ;
#292 = DIRECTION ( 'NONE',  ( -0.000000000000000000, 0.000000000000000000, 1.000000000000000000 ) ) ;
#293 = CARTESIAN_POINT ( 'NONE',  ( 25.84532947305984862, 20.57768635560858073, -7.665277431134082775 ) ) ;
#294 = ORIENTED_EDGE ( 'NONE', *, *, #43, .T. ) ;
#295 = CARTESIAN_POINT ( 'NONE',  ( 0.000000000000000000, 99.61507075500942676, 10.00000000000000000 ) ) ;
#296 = EDGE_CURVE ( 'NONE', #93, #14, #1217, .T. ) ;
#297 = PRODUCT_RELATED_PRODUCT_CATEGORY ( 'detail', '', ( #925 ) ) ;
#298 = CARTESIAN_POINT ( 'NONE',  ( -33.79538229661408621, 19.99999999999999645, -7.408809551036142693 ) ) ;
#299 = CARTESIAN_POINT ( 'NONE',  ( 25.79288167517520236, 20.66276029493218758, 7.510800397232384462 ) ) ;
#300 = DIRECTION ( 'NONE',  ( -0.000000000000000000, -1.000000000000000000, -0.000000000000000000 ) ) ;
#301 = CARTESIAN_POINT ( 'NONE',  ( 28.43647872187311165, 18.64311234155203323, -8.350153492171321190 ) ) ;
#302 = CARTESIAN_POINT ( 'NONE',  ( -33.63697356771773173, 21.58160679544858240, -6.348157174017926785 ) ) ;
#303 = CARTESIAN_POINT ( 'NONE',  ( 23.26613840166244529, 25.00000000000000000, -5.000000000000000000 ) ) ;
#304 = ORIENTED_EDGE ( 'NONE', *, *, #854, .F. ) ;
#305 = DIRECTION ( 'NONE',  ( 1.000000000000000000, -0.000000000000000000, 0.000000000000000000 ) ) ;
#306 = AXIS2_PLACEMENT_3D ( 'NONE', #1073, #1199, #1055 ) ;
#307 = CARTESIAN_POINT ( 'NONE',  ( -36.22579184107239314, 20.00000000000000000, 3.975707320347313001 ) ) ;
#308 = AXIS2_PLACEMENT_3D ( 'NONE', #636, #1671, #927 ) ;
#309 = AXIS2_PLACEMENT_3D ( 'NONE', #1748, #847, #4 ) ;
#310 = DIRECTION ( 'NONE',  ( -1.000000000000000000, 0.000000000000000000, 0.000000000000000000 ) ) ;
#311 = ORGANIZATION ( 'UNSPECIFIED', 'UNSPECIFIED', '' ) ;
#312 = CARTESIAN_POINT ( 'NONE',  ( 0.000000000000000000, 100.0000000000000000, -2.500000000000053291 ) ) ;
#313 = CARTESIAN_POINT ( 'NONE',  ( -36.74956878918943204, 22.55867798830260185, -2.753024766396893863 ) ) ;
#314 = CARTESIAN_POINT ( 'NONE',  ( -33.55080709897108449, 21.32932010082003771, -6.604727902676119200 ) ) ;
#315 = CARTESIAN_POINT ( 'NONE',  ( 27.35204689897193475, 21.30848875126429576, 4.086282438289253527 ) ) ;
#316 = CARTESIAN_POINT ( 'NONE',  ( -33.17611558809132077, 20.28080307482936107, -8.344303680578466498 ) ) ;
#317 = DIRECTION ( 'NONE',  ( -1.000000000000000000, 0.000000000000000000, 0.000000000000000000 ) ) ;
#318 = CARTESIAN_POINT ( 'NONE',  ( 26.43989605362807183, 19.99999999999999645, -8.354875256994812815 ) ) ;
#319 = CARTESIAN_POINT ( 'NONE',  ( -34.64854121788252428, 25.00000000000000000, 5.000000000000000000 ) ) ;
#320 = CARTESIAN_POINT ( 'NONE',  ( -33.97458586494176558, 22.62050163264780167, -5.602477998616588906 ) ) ;
#321 = EDGE_CURVE ( 'NONE', #360, #277, #1817, .T. ) ;
#322 = DIRECTION ( 'NONE',  ( 1.000000000000000000, 0.000000000000000000, 0.000000000000000000 ) ) ;
#323 = APPROVAL_DATE_TIME ( #1776, #273 ) ;
#324 = CARTESIAN_POINT ( 'NONE',  ( 12.50000000000002309, 100.0000000000000000, -5.000000000000000000 ) ) ;
#325 = CARTESIAN_POINT ( 'NONE',  ( -33.77173783176793620, 20.00000000000000000, -7.454510489380336224 ) ) ;
#326 = DIRECTION ( 'NONE',  ( -1.000000000000000000, 0.000000000000000000, 0.000000000000000000 ) ) ;
#327 = CARTESIAN_POINT ( 'NONE',  ( 27.80715658281762614, 20.17478644656827669, -5.193297976857325082 ) ) ;
#328 = CARTESIAN_POINT ( 'NONE',  ( -33.81133705927132382, 22.10797687730410743, -5.920831224168886742 ) ) ;
#329 = CARTESIAN_POINT ( 'NONE',  ( 26.12768956205908921, 24.47428463103106111, 2.627375360900921386 ) ) ;
#330 = CARTESIAN_POINT ( 'NONE',  ( 26.20447611085944928, 20.00000000000000000, 10.00000000000000000 ) ) ;
#331 = VECTOR ( 'NONE', #979, 1000.000000000000000 ) ;
#332 = CARTESIAN_POINT ( 'NONE',  ( -35.53983673007664379, 17.06684629196414704, -8.394208453493938293 ) ) ;
#333 = CIRCLE ( 'NONE', #367, 5.000000000000004441 ) ;
#334 = CARTESIAN_POINT ( 'NONE',  ( -33.43587455340366432, 19.99999999999998579, -8.192160176228661328 ) ) ;
#335 = VECTOR ( 'NONE', #533, 1000.000000000000000 ) ;
#336 = DIRECTION ( 'NONE',  ( 0.000000000000000000, 0.000000000000000000, 1.000000000000000000 ) ) ;
#337 = CARTESIAN_POINT ( 'NONE',  ( 28.39774388903633096, 18.73623124586674038, -7.963468546140957116 ) ) ;
#338 = CARTESIAN_POINT ( 'NONE',  ( -33.38093805316137974, 20.84445512985900351, -7.219386166224550649 ) ) ;
#339 = APPROVAL_PERSON_ORGANIZATION ( #1862, #689, #554 ) ;
#340 = CARTESIAN_POINT ( 'NONE',  ( -34.81800491107289020, 20.00000000000000000, 5.779698032408640884 ) ) ;
#341 = CARTESIAN_POINT ( 'NONE',  ( -36.64124545811695555, 22.00333427458062019, -2.932781465007996413 ) ) ;
#342 = EDGE_CURVE ( 'NONE', #1320, #1370, #344, .T. ) ;
#343 = CARTESIAN_POINT ( 'NONE',  ( -10.84920142906042528, 110.3583216957030828, -2.500000000000053291 ) ) ;
#344 = LINE ( 'NONE', #791, #578 ) ;
#345 = CARTESIAN_POINT ( 'NONE',  ( 28.10555989307263047, 19.44362469861815867, -6.266200595849061195 ) ) ;
#346 = CARTESIAN_POINT ( 'NONE',  ( -33.60607135458910477, 21.49086663402202291, 6.438249340590259884 ) ) ;
#347 = CARTESIAN_POINT ( 'NONE',  ( 0.000000000000000000, 0.000000000000000000, -75.00000000000001421 ) ) ;
#348 = CARTESIAN_POINT ( 'NONE',  ( 27.07705802469340739, 22.00437859684393516, 3.597954188842103829 ) ) ;
#349 = VERTEX_POINT ( 'NONE', #1672 ) ;
#350 = CARTESIAN_POINT ( 'NONE',  ( 25.70915383585917269, 20.79894927181006992, 7.287296178325869178 ) ) ;
#351 = EDGE_CURVE ( 'NONE', #673, #1610, #1001, .T. ) ;
#352 = CARTESIAN_POINT ( 'NONE',  ( 26.17274023767947710, 20.05068084141473506, 9.281009318338323766 ) ) ;
#353 = EDGE_CURVE ( 'NONE', #101, #1161, #333, .T. ) ;
#354 = CARTESIAN_POINT ( 'NONE',  ( 14.61839158167710373, 87.80649114647421527, -2.500000000000053291 ) ) ;
#355 = CARTESIAN_POINT ( 'NONE',  ( 27.80882215876464869, 20.17073275644300878, -5.200098340681795328 ) ) ;
#356 = DIRECTION ( 'NONE',  ( -1.000000000000000000, 0.000000000000000000, 0.000000000000000000 ) ) ;
#357 = CARTESIAN_POINT ( 'NONE',  ( 23.88587440166363507, 23.88946457040242421, 5.124503694793280495 ) ) ;
#358 = DIRECTION ( 'NONE',  ( -1.000000000000000000, 0.000000000000000000, 0.000000000000000000 ) ) ;
#359 = CARTESIAN_POINT ( 'NONE',  ( 24.31344595214840609, 23.14215564395963654, -5.357971087079270056 ) ) ;
#360 = VERTEX_POINT ( 'NONE', #942 ) ;
#361 = CARTESIAN_POINT ( 'NONE',  ( -36.22579184107239314, 20.00000000000000000, 3.975707320347313001 ) ) ;
#362 = ORIENTED_EDGE ( 'NONE', *, *, #1050, .T. ) ;
#363 = PLANE ( 'NONE',  #1401 ) ;
#364 = DIRECTION ( 'NONE',  ( 1.000000000000000000, 0.000000000000000000, 0.000000000000000000 ) ) ;
#365 = CARTESIAN_POINT ( 'NONE',  ( -33.67641977534343312, 21.69899581193324423, 6.243756587966591276 ) ) ;
#366 = CARTESIAN_POINT ( 'NONE',  ( 24.88860080530943719, 22.15929165419389335, 5.884964070682770831 ) ) ;
#367 = AXIS2_PLACEMENT_3D ( 'NONE', #52, #1360, #74 ) ;
#368 = DIRECTION ( 'NONE',  ( 0.000000000000000000, 1.000000000000000000, 0.000000000000000000 ) ) ;
#369 = CARTESIAN_POINT ( 'NONE',  ( 23.50488644935455795, 24.56828453116446553, -5.018659158308203416 ) ) ;
#370 = CARTESIAN_POINT ( 'NONE',  ( 24.80977945252516292, 22.29254830362449269, -5.796451440911808639 ) ) ;
#371 = ORIENTED_EDGE ( 'NONE', *, *, #1452, .F. ) ;
#372 = CARTESIAN_POINT ( 'NONE',  ( -34.64854121788256691, 25.00000000000000000, -5.000000000000000000 ) ) ;
#373 = ORIENTED_EDGE ( 'NONE', *, *, #1764, .T. ) ;
#374 = CARTESIAN_POINT ( 'NONE',  ( -33.63328103724588658, 21.57100229517632073, 6.360708527015880520 ) ) ;
#375 = CARTESIAN_POINT ( 'NONE',  ( 23.92319755700248507, 23.82361056929602938, 5.140159404345349792 ) ) ;
#376 = DIRECTION ( 'NONE',  ( -0.7071067811865474617, 0.000000000000000000, -0.7071067811865474617 ) ) ;
#377 = CARTESIAN_POINT ( 'NONE',  ( 24.12192762572615123, 23.47506180765323336, -5.237550092751505737 ) ) ;
#378 = PERSON ( 'UNSPECIFIED', 'UNSPECIFIED', 'UNSPECIFIED', ('UNSPECIFIED'), ('UNSPECIFIED'), ('UNSPECIFIED') ) ;
#379 = EDGE_CURVE ( 'NONE', #1247, #935, #519, .T. ) ;
#380 = CARTESIAN_POINT ( 'NONE',  ( 25.84282525704847799, 20.58170323241349564, -7.657860946941501545 ) ) ;
#381 = ORIENTED_EDGE ( 'NONE', *, *, #1561, .T. ) ;
#382 = DIRECTION ( 'NONE',  ( -0.5114362600631607858, 0.4882959675162262814, -0.7071067811865472397 ) ) ;
#383 = ORIENTED_EDGE ( 'NONE', *, *, #16, .T. ) ;
#384 = CARTESIAN_POINT ( 'NONE',  ( -33.25714774686277053, 20.50111537555986629, 7.815640013553700527 ) ) ;
#385 = CARTESIAN_POINT ( 'NONE',  ( 25.20305684249685285, 21.63224089627538049, 6.301137433392872467 ) ) ;
#386 = CARTESIAN_POINT ( 'NONE',  ( -33.51509206554624143, 21.22553535487536180, 6.716315501436827873 ) ) ;
#387 = B_SPLINE_SURFACE_WITH_KNOTS ( 'NONE', 1, 3, ( 
 ( #1032, #1762, #1307, #1772, #1487, #10, #29, #1607, #455, #587, #301, #337, #1074, #1350, #1787, #480, #1662, #345, #61, #913, #1056, #1498, #1508, #355, #1643, #1207, #501, #195, #1796, #771, #1218, #779, #626, #920, #1361, #929, #203, #1654, #639, #1807, #1516, #53, #1200, #489, #1065, #1310, #1591, #1297 ),
 ( #1280, #1179, #154, #723, #448, #1004, #427, #1, #1723, #1012, #871, #1745, #1601, #457, #842, #285, #293, #1023, #1868, #135, #1036, #416, #1457, #1621, #734, #1169, #704, #994, #1578, #579, #1319, #862, #13, #1159, #438, #589, #1427, #1754, #1609, #1877, #568, #1467, #274, #882, #1765, #714, #1146, #303 ) ),
 .UNSPECIFIED., .F., .F., .F.,
 ( 2, 2 ),
 ( 4, 2, 2, 2, 2, 2, 2, 2, 2, 2, 2, 2, 2, 2, 2, 2, 2, 2, 2, 2, 2, 2, 2, 4 ),
 ( 0.000000000000000000, 1.000000000000000000 ),
 ( 0.000000000000000000, 0.0007977293116931869453, 0.001196593967539780418, 0.001595458623386373891, 0.001994323279232967580, 0.002393187935079560836, 0.003190917246772747781, 0.003988646558465935160, 0.004387511214312527982, 0.004786375870159121672, 0.005185240526005715361, 0.005584105181852308183, 0.006381834493545495562, 0.006780699149392089252, 0.007179563805238682941, 0.007578428461085276631, 0.007977293116931870320, 0.008775022428625055965, 0.009572751740318243344, 0.009971616396164836166, 0.01037048105201143072, 0.01116821036370461637, 0.01196593967539780375, 0.01276366898709099112 ),
 .UNSPECIFIED. ) ;
#388 = CARTESIAN_POINT ( 'NONE',  ( 25.09424373450121237, 21.81381330479323566, -6.145807175975648740 ) ) ;
#389 = ORIENTED_EDGE ( 'NONE', *, *, #1192, .T. ) ;
#390 = CARTESIAN_POINT ( 'NONE',  ( -33.99843730647017992, 22.69624890349193436, -5.559095773389123529 ) ) ;
#391 = EDGE_LOOP ( 'NONE', ( #828, #373 ) ) ;
#392 = CARTESIAN_POINT ( 'NONE',  ( 25.01857169698499561, 21.94055701654546553, 6.044447369524169389 ) ) ;
#394 = VECTOR ( 'NONE', #682, 1000.000000000000000 ) ;
#393 = CARTESIAN_POINT ( 'NONE',  ( 24.80380693204355680, 22.30240979066265083, 5.786746862791205537 ) ) ;
#395 = CARTESIAN_POINT ( 'NONE',  ( -33.99843730647011597, 22.69624890349192370, 5.559095773389119977 ) ) ;
#396 = VECTOR ( 'NONE', #160, 1000.000000000000000 ) ;
#397 = VECTOR ( 'NONE', #1250, 1000.000000000000000 ) ;
#398 = DIRECTION ( 'NONE',  ( -0.000000000000000000, 0.000000000000000000, 1.000000000000000000 ) ) ;
#399 = LINE ( 'NONE', #1147, #331 ) ;
#400 = ORIENTED_EDGE ( 'NONE', *, *, #351, .F. ) ;
#401 = CARTESIAN_POINT ( 'NONE',  ( -33.30470876562323213, 20.63184968689208532, -7.560831437058836535 ) ) ;
#402 = ORIENTED_EDGE ( 'NONE', *, *, #628, .F. ) ;
#403 = EDGE_CURVE ( 'NONE', #1670, #1237, #1728, .T. ) ;
#404 = CARTESIAN_POINT ( 'NONE',  ( -33.93749590801524363, 22.50208295914980283, 5.667913176178039691 ) ) ;
#405 = CARTESIAN_POINT ( 'NONE',  ( 26.06969394374375071, 24.62894028593909468, 2.600442710932970858 ) ) ;
#406 = CARTESIAN_POINT ( 'NONE',  ( -36.88257122299027913, 23.27212082678203942, 2.605130843818753039 ) ) ;
#407 = CARTESIAN_POINT ( 'NONE',  ( 25.34272712103298630, 21.40042623491445184, -6.525540143715133468 ) ) ;
#408 = ADVANCED_FACE ( 'NONE', ( #1634 ), #1020, .T. ) ;
#409 = DIRECTION ( 'NONE',  ( 0.000000000000000000, 0.000000000000000000, 1.000000000000000000 ) ) ;
#410 = DIRECTION ( 'NONE',  ( 0.000000000000000000, 0.000000000000000000, -1.000000000000000000 ) ) ;
#411 = EDGE_LOOP ( 'NONE', ( #222, #3, #1227, #1264, #82 ) ) ;
#412 = ADVANCED_FACE ( 'NONE', ( #1464 ), #28, .T. ) ;
#413 = CARTESIAN_POINT ( 'NONE',  ( -34.27820048622981375, 23.63297086403526492, 5.190415861531679553 ) ) ;
#414 = CARTESIAN_POINT ( 'NONE',  ( 27.74180863179303103, 20.33618943279909885, 5.005419740219055669 ) ) ;
#415 = CARTESIAN_POINT ( 'NONE',  ( -33.15514124390599449, 20.22427516740340891, 8.509320523869813968 ) ) ;
#416 = CARTESIAN_POINT ( 'NONE',  ( 25.61949435041762158, 20.94530956531570354, -7.073065226297976515 ) ) ;
#417 = CARTESIAN_POINT ( 'NONE',  ( 0.000000000000000000, 15.00000000000000000, 0.000000000000000000 ) ) ;
#418 = ORIENTED_EDGE ( 'NONE', *, *, #885, .T. ) ;
#419 = PERSON_AND_ORGANIZATION_ROLE ( 'design_supplier' ) ;
#420 = VERTEX_POINT ( 'NONE', #435 ) ;
#421 = CARTESIAN_POINT ( 'NONE',  ( 26.76612993369885984, 19.99999999999999289, 7.442107728642187503 ) ) ;
#422 = B_SPLINE_CURVE_WITH_KNOTS ( 'NONE', 3,
 ( #1325, #46, #36, #1011, #313, #1021, #152, #467, #20, #1194 ),
 .UNSPECIFIED., .F., .F.,
 ( 4, 2, 2, 2, 4 ),
 ( 0.000000000000000000, 0.2500000000000000000, 0.5000000000000000000, 0.7500000000000000000, 1.000000000000000000 ),
 .UNSPECIFIED. ) ;
#423 = CARTESIAN_POINT ( 'NONE',  ( -34.61140934194334307, 24.85403843048370476, 5.000000000000000000 ) ) ;
#424 = CARTESIAN_POINT ( 'NONE',  ( 23.35895407428085946, 24.83118338773067535, 5.000004970256805237 ) ) ;
#425 = CARTESIAN_POINT ( 'NONE',  ( -33.40394941359960512, 20.90879841498348313, 7.120512912726800536 ) ) ;
#426 = CIRCLE ( 'NONE', #97, 5.000000000000004441 ) ;
#427 = CARTESIAN_POINT ( 'NONE',  ( 26.18450907769844704, 20.03189555409170808, -9.429059731176822723 ) ) ;
#428 = AXIS2_PLACEMENT_3D ( 'NONE', #1500, #1209, #652 ) ;
#429 = ORIENTED_EDGE ( 'NONE', *, *, #854, .T. ) ;
#430 = CYLINDRICAL_SURFACE ( 'NONE', #1683, 4.999999999999999112 ) ;
#431 = ORIENTED_EDGE ( 'NONE', *, *, #606, .F. ) ;
#432 = DIRECTION ( 'NONE',  ( -0.000000000000000000, -0.000000000000000000, -1.000000000000000000 ) ) ;
#433 = CARTESIAN_POINT ( 'NONE',  ( -33.98676205571283049, 22.65955987996430565, 5.581587277634303845 ) ) ;
#434 = CARTESIAN_POINT ( 'NONE',  ( -36.07580843282173078, 19.32243670122575452, -4.521005620586638685 ) ) ;
#435 = CARTESIAN_POINT ( 'NONE',  ( 0.000000000000000000, 20.00000000000000000, 70.00000000000000000 ) ) ;
#436 = CARTESIAN_POINT ( 'NONE',  ( 26.02635149277439908, 24.74452034646483156, -2.580380968274838427 ) ) ;
#437 = EDGE_CURVE ( 'NONE', #93, #1212, #184, .T. ) ;
#438 = CARTESIAN_POINT ( 'NONE',  ( 24.71948903912125317, 22.44543111787524836, -5.698569816661560594 ) ) ;
#439 = ADVANCED_FACE ( 'NONE', ( #172 ), #1369, .F. ) ;
#440 = ORIENTED_EDGE ( 'NONE', *, *, #1084, .T. ) ;
#441 = PERSON_AND_ORGANIZATION ( #378, #311 ) ;
#442 = CARTESIAN_POINT ( 'NONE',  ( 0.000000000000000000, 99.61507075500942676, 7.499999999999971578 ) ) ;
#443 = CARTESIAN_POINT ( 'NONE',  ( -34.25951189480382197, 23.56817307433814435, 5.209396721359272675 ) ) ;
#444 = CARTESIAN_POINT ( 'NONE',  ( 26.16969410081756564, 20.05558025597757776, 9.251143245020490014 ) ) ;
#445 = CARTESIAN_POINT ( 'NONE',  ( 26.63436788612455786, 19.99999999999999645, -7.769157081750984517 ) ) ;
#446 = DIRECTION ( 'NONE',  ( -0.000000000000000000, 0.000000000000000000, 1.000000000000000000 ) ) ;
#447 = CARTESIAN_POINT ( 'NONE',  ( -34.38547221641758966, 24.01220414477995391, -5.098543141887196484 ) ) ;
#448 = CARTESIAN_POINT ( 'NONE',  ( 26.19916574670042664, 20.00847887495290323, -9.695598668473211390 ) ) ;
#449 = ORIENTED_EDGE ( 'NONE', *, *, #555, .T. ) ;
#450 = DATE_AND_TIME ( #716, #977 ) ;
#451 = CARTESIAN_POINT ( 'NONE',  ( 24.83099916129729223, 25.57357526161153416, -3.333333333333368564 ) ) ;
#452 = CARTESIAN_POINT ( 'NONE',  ( 24.83099916129717144, 25.57357526161173311, 3.333333333333322823 ) ) ;
#453 = CARTESIAN_POINT ( 'NONE',  ( -35.95083309538078709, 18.77510968123408475, -5.074473252156463943 ) ) ;
#454 = CARTESIAN_POINT ( 'NONE',  ( 26.47710828684683904, 19.99999999999999645, -8.229695070147732494 ) ) ;
#455 = CARTESIAN_POINT ( 'NONE',  ( 28.46839737454916275, 18.56647290394833050, -8.743392718474785497 ) ) ;
#456 = CARTESIAN_POINT ( 'NONE',  ( -34.28169089986209883, 23.64482146947290531, -5.186284407541529085 ) ) ;
#457 = CARTESIAN_POINT ( 'NONE',  ( 25.98366788486091039, 20.35414291661644626, -8.143439251698698200 ) ) ;
#458 = ORIENTED_EDGE ( 'NONE', *, *, #216, .T. ) ;
#459 = CIRCLE ( 'NONE', #633, 100.0000000000000000 ) ;
#460 = CARTESIAN_POINT ( 'NONE',  ( -10.00000000000000000, 99.61507075500942676, 10.00000000000000000 ) ) ;
#461 = VECTOR ( 'NONE', #647, 1000.000000000000000 ) ;
#462 = AXIS2_PLACEMENT_3D ( 'NONE', #234, #504, #1353 ) ;
#463 = CARTESIAN_POINT ( 'NONE',  ( 194.6183915816770877, 87.80649114647421527, 2.499999999999970246 ) ) ;
#464 = ADVANCED_FACE ( 'NONE', ( #896 ), #972, .T. ) ;
#465 = AXIS2_PLACEMENT_3D ( 'NONE', #221, #798, #1837 ) ;
#466 = CARTESIAN_POINT ( 'NONE',  ( 27.23166874845190222, 20.00000000000000000, -6.492959007678229533 ) ) ;
#467 = CARTESIAN_POINT ( 'NONE',  ( -36.37105631127044347, 20.67418571496935797, -3.527565040023422416 ) ) ;
#468 = CARTESIAN_POINT ( 'NONE',  ( -34.08677254808849000, 22.98495075475783622, -5.423966079790275785 ) ) ;
#469 = CARTESIAN_POINT ( 'NONE',  ( -36.22579184107239314, 20.00000000000000000, 10.00000000000000000 ) ) ;
#470 = CARTESIAN_POINT ( 'NONE',  ( -33.32775800811982236, 20.69584142019057182, -7.453128294003327881 ) ) ;
#471 = CARTESIAN_POINT ( 'NONE',  ( -34.41169984365458134, 19.99999999999999289, -6.370207527128343372 ) ) ;
#472 = FACE_OUTER_BOUND ( 'NONE', #938, .T. ) ;
#473 = CARTESIAN_POINT ( 'NONE',  ( 27.30810041248033215, 21.41913034012630845, -4.000460461383745780 ) ) ;
#474 = CARTESIAN_POINT ( 'NONE',  ( -34.11659882782002029, 23.08370681322151086, -5.381793640733850914 ) ) ;
#475 = CARTESIAN_POINT ( 'NONE',  ( -34.97820833331709167, 20.00000000000000000, 5.559917820229060226 ) ) ;
#476 = SECURITY_CLASSIFICATION_LEVEL ( 'unclassified' ) ;
#477 = CARTESIAN_POINT ( 'NONE',  ( -33.09657132980076710, 20.06773731893505897, -9.178716241382423036 ) ) ;
#478 = CARTESIAN_POINT ( 'NONE',  ( 0.000000000000000000, 20.00000000000000000, -75.00000000000001421 ) ) ;
#479 = DIRECTION ( 'NONE',  ( 0.000000000000000000, 0.000000000000000000, 1.000000000000000000 ) ) ;
#480 = CARTESIAN_POINT ( 'NONE',  ( 28.18202754545118793, 19.25767249418931826, -6.615817729381709533 ) ) ;
#481 = CARTESIAN_POINT ( 'NONE',  ( -34.30552607506080420, 23.72818755223088161, -5.163773936299482337 ) ) ;
#482 = CARTESIAN_POINT ( 'NONE',  ( 0.000000000000000000, 100.0000000000000000, -5.000000000000000000 ) ) ;
#483 = CIRCLE ( 'NONE', #1704, 100.0000000000000000 ) ;
#484 = CARTESIAN_POINT ( 'NONE',  ( -36.44657180402096230, 21.03774590987637083, -3.338643660083533860 ) ) ;
#485 = AXIS2_PLACEMENT_3D ( 'NONE', #1701, #1557, #781 ) ;
#486 = CARTESIAN_POINT ( 'NONE',  ( 0.000000000000000000, 15.00000000000000000, 70.00000000000000000 ) ) ;
#487 = CIRCLE ( 'NONE', #1588, 100.0000000000000000 ) ;
#488 = DIRECTION ( 'NONE',  ( 1.000000000000000000, 0.000000000000000000, 0.000000000000000000 ) ) ;
#489 = CARTESIAN_POINT ( 'NONE',  ( 26.06969394374375071, 24.62894028593921192, -2.600442710933048573 ) ) ;
#490 = CARTESIAN_POINT ( 'NONE',  ( -33.75939414017693707, 21.94845013624388841, 6.035815243558953824 ) ) ;
#491 = LOCAL_TIME ( 18, 24, 46.00000000000000000, #1792 ) ;
#492 = CARTESIAN_POINT ( 'NONE',  ( 0.000000000000000000, 0.000000000000000000, 0.000000000000000000 ) ) ;
#493 = CARTESIAN_POINT ( 'NONE',  ( -34.09206595366040204, 20.00000000000000355, 6.880314281552517564 ) ) ;
#494 = DATE_TIME_ROLE ( 'classification_date' ) ;
#495 = ADVANCED_FACE ( 'NONE', ( #472 ), #889, .F. ) ;
#496 = EDGE_CURVE ( 'NONE', #666, #137, #677, .T. ) ;
#497 = ORIENTED_EDGE ( 'NONE', *, *, #1352, .T. ) ;
#498 = FACE_OUTER_BOUND ( 'NONE', #1871, .T. ) ;
#499 = CARTESIAN_POINT ( 'NONE',  ( 26.20447432652413511, 20.00000000000173372, 9.830846930660328553 ) ) ;
#500 = DIRECTION ( 'NONE',  ( -0.000000000000000000, -0.000000000000000000, -1.000000000000000000 ) ) ;
#501 = CARTESIAN_POINT ( 'NONE',  ( 27.59983179575709755, 20.68860570434187807, -4.636110040874595661 ) ) ;
#502 = DIRECTION ( 'NONE',  ( -0.7057229970821757847, 0.04421596306044309893, -0.7071067811865395791 ) ) ;
#503 = CARTESIAN_POINT ( 'NONE',  ( 26.20447611085944928, 20.00000000000000000, 10.00000000000000000 ) ) ;
#504 = DIRECTION ( 'NONE',  ( -0.000000000000000000, -0.000000000000000000, -1.000000000000000000 ) ) ;
#505 = CARTESIAN_POINT ( 'NONE',  ( 26.73927889614872200, 22.87054766337314859, 3.134014968330021578 ) ) ;
#506 = ORIENTED_EDGE ( 'NONE', *, *, #1219, .T. ) ;
#507 = CARTESIAN_POINT ( 'NONE',  ( -33.09582036559962859, 20.06574646311293364, -9.187138240408993184 ) ) ;
#508 = ORIENTED_EDGE ( 'NONE', *, *, #240, .T. ) ;
#509 = CARTESIAN_POINT ( 'NONE',  ( 26.19907198223054934, 20.00859128173757284, 9.661284136071138562 ) ) ;
#510 = DIRECTION ( 'NONE',  ( -0.000000000000000000, -0.000000000000000000, -1.000000000000000000 ) ) ;
#511 = CARTESIAN_POINT ( 'NONE',  ( -33.40022445311952026, 20.89867163811251416, 7.140021293626293009 ) ) ;
#512 = CARTESIAN_POINT ( 'NONE',  ( 24.66578148256225589, 22.53676111018386408, 5.645916398597904617 ) ) ;
#513 = CARTESIAN_POINT ( 'NONE',  ( -35.51563896637271966, 16.97020000628982928, 8.909751815648853324 ) ) ;
#514 = CARTESIAN_POINT ( 'NONE',  ( 24.72244482686225808, 22.44063782902552262, -5.704523432331548349 ) ) ;
#515 = DIRECTION ( 'NONE',  ( -1.000000000000000000, 0.000000000000000000, 0.000000000000000000 ) ) ;
#516 = ORIENTED_EDGE ( 'NONE', *, *, #993, .F. ) ;
#517 = CARTESIAN_POINT ( 'NONE',  ( -33.90537848242258434, 22.39994030405655323, -5.725823061651136747 ) ) ;
#518 = ORIENTED_EDGE ( 'NONE', *, *, #1451, .F. ) ;
#519 = CIRCLE ( 'NONE', #1583, 7.499999999999978684 ) ;
#520 = DIRECTION ( 'NONE',  ( -0.000000000000000000, -0.000000000000000000, -1.000000000000000000 ) ) ;
#521 = ADVANCED_FACE ( 'NONE', ( #1191 ), #754, .T. ) ;
#522 = CARTESIAN_POINT ( 'NONE',  ( 24.82573214032424147, 22.26554940007397221, 5.813964364140313812 ) ) ;
#523 = CIRCLE ( 'NONE', #1860, 7.499999999999978684 ) ;
#524 = CARTESIAN_POINT ( 'NONE',  ( 194.6183915816770877, 87.80649114647421527, 5.000000000000000000 ) ) ;
#525 = VECTOR ( 'NONE', #564, 1000.000000000000114 ) ;
#526 = CARTESIAN_POINT ( 'NONE',  ( -38.52119190199093168, 41.30284372434919504, -2.500000000000053291 ) ) ;
#527 = CARTESIAN_POINT ( 'NONE',  ( 25.70497376616302176, 25.61060680851215565, 2.500007455385180322 ) ) ;
#528 = ORIENTED_EDGE ( 'NONE', *, *, #657, .F. ) ;
#529 = CARTESIAN_POINT ( 'NONE',  ( -9.041001190883662275, 108.6319347464192191, 5.000000000000000000 ) ) ;
#530 = ORIENTED_EDGE ( 'NONE', *, *, #68, .F. ) ;
#531 = CARTESIAN_POINT ( 'NONE',  ( 7.499999999999978684, 99.61507075500942676, 10.00000000000000000 ) ) ;
#532 = CARTESIAN_POINT ( 'NONE',  ( 23.61895298084956707, 24.36248246335097178, 5.030688394099549043 ) ) ;
#533 = DIRECTION ( 'NONE',  ( -0.000000000000000000, -0.000000000000000000, -1.000000000000000000 ) ) ;
#534 = CARTESIAN_POINT ( 'NONE',  ( 25.87823037201529885, 20.52437295972126208, -7.768269297682983243 ) ) ;
#535 = ORIENTED_EDGE ( 'NONE', *, *, #1592, .F. ) ;
#536 = CARTESIAN_POINT ( 'NONE',  ( -36.37079554531299408, 20.67292566960756872, 3.528214203368456925 ) ) ;
#537 = ORIENTED_EDGE ( 'NONE', *, *, #1873, .T. ) ;
#538 = DIRECTION ( 'NONE',  ( -1.000000000000000000, 0.000000000000000000, 0.000000000000000000 ) ) ;
#539 = CARTESIAN_POINT ( 'NONE',  ( 23.91285434301477153, 23.84160967144431353, 5.133193750531498623 ) ) ;
#540 = CARTESIAN_POINT ( 'NONE',  ( -36.30389741575702800, 20.36028854112996100, 3.725226713091975395 ) ) ;
#541 = DIRECTION ( 'NONE',  ( -0.000000000000000000, -0.000000000000000000, 1.000000000000000000 ) ) ;
#542 = EDGE_CURVE ( 'NONE', #1292, #826, #1305, .T. ) ;
#543 = CARTESIAN_POINT ( 'NONE',  ( -33.63694301955153065, 21.58129791787081331, -6.347337080389652719 ) ) ;
#544 = EDGE_LOOP ( 'NONE', ( #1564, #1525, #817, #1534 ) ) ;
#545 = CARTESIAN_POINT ( 'NONE',  ( -34.12241529837031351, 23.10305159124771279, 5.373813168078454439 ) ) ;
#547 = AXIS2_PLACEMENT_3D ( 'NONE', #928, #1527, #1376 ) ;
#546 = CARTESIAN_POINT ( 'NONE',  ( 24.14208873039666869, 23.43983875243218051, 5.248896821278481006 ) ) ;
#548 = ADVANCED_FACE ( 'NONE', ( #1471 ), #17, .T. ) ;
#549 = CARTESIAN_POINT ( 'NONE',  ( -34.33060669702022238, 23.81552041843044876, 5.139347710681808401 ) ) ;
#550 = CONICAL_SURFACE ( 'NONE', #127, 180.0000000000000000, 0.7853981633974538301 ) ;
#551 = AXIS2_PLACEMENT_3D ( 'NONE', #1077, #1253, #1810 ) ;
#552 = FACE_OUTER_BOUND ( 'NONE', #57, .T. ) ;
#553 = CARTESIAN_POINT ( 'NONE',  ( 0.000000000000000000, 100.0000000000000000, -2.500000000000053291 ) ) ;
#554 = APPROVAL_ROLE ( '' ) ;
#555 = EDGE_CURVE ( 'NONE', #101, #1292, #1769, .T. ) ;
#556 = ORIENTED_EDGE ( 'NONE', *, *, #1050, .F. ) ;
#557 = DIRECTION ( 'NONE',  ( -0.000000000000000000, -0.000000000000000000, -1.000000000000000000 ) ) ;
#558 = CARTESIAN_POINT ( 'NONE',  ( 27.13003411902294815, 21.86940751422460139, 3.680120294183307994 ) ) ;
#559 = CARTESIAN_POINT ( 'NONE',  ( -37.11334504649515509, 24.58197836604230346, 2.499999999999970246 ) ) ;
#560 = CARTESIAN_POINT ( 'NONE',  ( -33.13241062619636779, 20.00000000000000000, 9.268108482520228009 ) ) ;
#561 = DIRECTION ( 'NONE',  ( -0.000000000000000000, 0.000000000000000000, 1.000000000000000000 ) ) ;
#562 = APPROVAL_DATE_TIME ( #1718, #689 ) ;
#563 = ORIENTED_EDGE ( 'NONE', *, *, #205, .T. ) ;
#564 = DIRECTION ( 'NONE',  ( 0.5114362600631634503, -0.4882959675162283908, -0.7071067811865436870 ) ) ;
#565 = CARTESIAN_POINT ( 'NONE',  ( -34.18660122798879542, 23.31857480705422248, 5.290881119924326192 ) ) ;
#566 = CARTESIAN_POINT ( 'NONE',  ( 28.51330389030066215, 18.45881704094210107, 10.07613211992825875 ) ) ;
#567 = CARTESIAN_POINT ( 'NONE',  ( -33.07822835139783280, 20.01901939517101425, 9.531186086646792788 ) ) ;
#568 = CARTESIAN_POINT ( 'NONE',  ( 24.14208873039671843, 23.43983875243218762, -5.248896821278478342 ) ) ;
#569 = DIRECTION ( 'NONE',  ( 1.000000000000000000, 7.979727989493312634E-15, 0.000000000000000000 ) ) ;
#570 = ORIENTED_EDGE ( 'NONE', *, *, #1364, .F. ) ;
#571 = ORIENTED_EDGE ( 'NONE', *, *, #1822, .F. ) ;
#572 = CARTESIAN_POINT ( 'NONE',  ( 25.61342954111471215, 25.86036289241735631, -2.500000000000053291 ) ) ;
#573 = CARTESIAN_POINT ( 'NONE',  ( -34.19988044168051999, 23.36370692304899421, 5.275149023451687569 ) ) ;
#574 = CARTESIAN_POINT ( 'NONE',  ( 28.36653053995260976, 18.81136270254674159, 7.710657889773257168 ) ) ;
#575 = CARTESIAN_POINT ( 'NONE',  ( 27.22412246367909106, 20.00000000000000711, -6.506717974211921884 ) ) ;
#576 = CARTESIAN_POINT ( 'NONE',  ( -33.79132752508202486, 22.04647347614849906, 5.964651017836178681 ) ) ;
#577 = EDGE_CURVE ( 'NONE', #1413, #1692, #1017, .T. ) ;
#578 = VECTOR ( 'NONE', #919, 1000.000000000000000 ) ;
#579 = CARTESIAN_POINT ( 'NONE',  ( 25.08813595362620674, 21.82408733209166130, -6.137236140861982214 ) ) ;
#580 = ORIENTED_EDGE ( 'NONE', *, *, #1822, .T. ) ;
#581 = ORIENTED_EDGE ( 'NONE', *, *, #269, .T. ) ;
#582 = CIRCLE ( 'NONE', #1097, 182.5000000000000568 ) ;
#583 = CARTESIAN_POINT ( 'NONE',  ( 61.47880809800907542, 41.30284372434919504, 2.499999999999970246 ) ) ;
#584 = CARTESIAN_POINT ( 'NONE',  ( -34.31670356180059400, 23.76764669093678961, 5.154078758169910124 ) ) ;
#585 = CARTESIAN_POINT ( 'NONE',  ( 25.87041137827294435, 20.53707037898908894, 7.743878486226201119 ) ) ;
#586 = CARTESIAN_POINT ( 'NONE',  ( 26.57119545767130830, 19.99999999999999645, -7.939594793465808209 ) ) ;
#587 = CARTESIAN_POINT ( 'NONE',  ( 28.44805047139981014, 18.61531805363906855, -8.480474278180095027 ) ) ;
#588 = CARTESIAN_POINT ( 'NONE',  ( -33.76020280888083391, 21.95135592106226952, -6.036015485214786480 ) ) ;
#589 = CARTESIAN_POINT ( 'NONE',  ( 24.54720054708275967, 22.73939293246474591, -5.537065940918123097 ) ) ;
#590 = ORIENTED_EDGE ( 'NONE', *, *, #1269, .T. ) ;
#591 = FACE_OUTER_BOUND ( 'NONE', #1411, .T. ) ;
#592 = CARTESIAN_POINT ( 'NONE',  ( 24.04856878147988297, 25.28678763080572978, -4.166666666666684726 ) ) ;
#593 = CARTESIAN_POINT ( 'NONE',  ( -33.97175625811372157, 19.99999999999999645, -7.083197525977973363 ) ) ;
#594 = CARTESIAN_POINT ( 'NONE',  ( 26.18450907769840796, 20.03189555409170808, 9.429059731176828052 ) ) ;
#595 = CARTESIAN_POINT ( 'NONE',  ( 27.42185159527335969, 20.00000000000000000, -6.147365491805175886 ) ) ;
#596 = CARTESIAN_POINT ( 'NONE',  ( 61.47880809800907542, 41.30284372434919504, 5.000000000000000000 ) ) ;
#597 = CARTESIAN_POINT ( 'NONE',  ( -34.05609463322191033, 22.88416830339909680, -5.469558183298754983 ) ) ;
#598 = CARTESIAN_POINT ( 'NONE',  ( -33.07104408819690633, 20.00000000000000000, 10.00000000000000000 ) ) ;
#599 = ORIENTED_EDGE ( 'NONE', *, *, #969, .T. ) ;
#600 = ADVANCED_FACE ( 'NONE', ( #1054 ), #1645, .T. ) ;
#601 = CARTESIAN_POINT ( 'NONE',  ( 27.13009650074321399, 19.99999999999999289, 6.677578038904735891 ) ) ;
#602 = DIRECTION ( 'NONE',  ( 0.000000000000000000, 0.000000000000000000, -1.000000000000000000 ) ) ;
#603 = CARTESIAN_POINT ( 'NONE',  ( 194.6183915816770877, 87.80649114647421527, -2.500000000000053291 ) ) ;
#604 = CARTESIAN_POINT ( 'NONE',  ( 27.87823517535992224, 20.00000000000000355, -5.423371796751679241 ) ) ;
#605 = CARTESIAN_POINT ( 'NONE',  ( -34.25271373627082028, 23.54468309021736516, -5.216478060730350919 ) ) ;
#606 = EDGE_CURVE ( 'NONE', #237, #1692, #1552, .T. ) ;
#607 = CARTESIAN_POINT ( 'NONE',  ( -33.38301876478375618, 20.00000000000000355, 8.332816024875777217 ) ) ;
#608 = CARTESIAN_POINT ( 'NONE',  ( -33.30549272246753389, 20.63418688788134858, -7.561465489070837265 ) ) ;
#609 = CC_DESIGN_PERSON_AND_ORGANIZATION_ASSIGNMENT ( #441, #845, ( #925 ) ) ;
#610 = VECTOR ( 'NONE', #1483, 1000.000000000000000 ) ;
#611 = CARTESIAN_POINT ( 'NONE',  ( -33.75612264714364130, 19.99999999999999289, -7.484900156349265643 ) ) ;
#612 = DIRECTION ( 'NONE',  ( -1.000000000000000000, 0.000000000000000000, 0.000000000000000000 ) ) ;
#613 = CARTESIAN_POINT ( 'NONE',  ( 194.6183915816770877, 87.80649114647421527, -5.000000000000000000 ) ) ;
#614 = CARTESIAN_POINT ( 'NONE',  ( -33.52157765224881558, 21.24455325589390497, -6.697928846826195937 ) ) ;
#615 = LINE ( 'NONE', #199, #610 ) ;
#616 = CARTESIAN_POINT ( 'NONE',  ( -33.20934886248490869, 20.37084992202022349, -8.110182715062904890 ) ) ;
#617 = CARTESIAN_POINT ( 'NONE',  ( -34.28510177207350296, 19.99999999999999645, -6.567193659002869666 ) ) ;
#618 = CARTESIAN_POINT ( 'NONE',  ( -37.11334504649515509, 24.58197836604230346, 2.499999999999970246 ) ) ;
#619 = CARTESIAN_POINT ( 'NONE',  ( 25.71611676295674087, 25.58020575397138074, -2.500008362876586343 ) ) ;
#620 = CARTESIAN_POINT ( 'NONE',  ( -34.18852663333051112, 23.32498036533663566, -5.288206672554316867 ) ) ;
#621 = CARTESIAN_POINT ( 'NONE',  ( -33.89720137601810279, 20.00000000000000711, 7.216003461644644013 ) ) ;
#622 = CARTESIAN_POINT ( 'NONE',  ( -33.13473093297347560, 20.16949020778965007, -8.698716303291076812 ) ) ;
#623 = CARTESIAN_POINT ( 'NONE',  ( -36.16524213010882249, 19.72389895105903079, -4.183549728525598255 ) ) ;
#624 = CARTESIAN_POINT ( 'NONE',  ( -33.57693048497593935, 19.99999999999999645, -7.851403175379338073 ) ) ;
#625 = CARTESIAN_POINT ( 'NONE',  ( 26.29501632686589119, 20.00000000000000000, -8.981157275648703475 ) ) ;
#626 = CARTESIAN_POINT ( 'NONE',  ( 27.25190778199581487, 21.56094543850775835, -3.895576017909147204 ) ) ;
#627 = LINE ( 'NONE', #1208, #38 ) ;
#628 = EDGE_CURVE ( 'NONE', #1130, #420, #426, .T. ) ;
#629 = EDGE_CURVE ( 'NONE', #1320, #237, #1059, .T. ) ;
#630 = CARTESIAN_POINT ( 'NONE',  ( 7.499999999999978684, 99.61507075500942676, 10.00000000000000000 ) ) ;
#631 = CARTESIAN_POINT ( 'NONE',  ( -33.36360879019088799, 20.00000000000000355, 8.387015163210897128 ) ) ;
#632 = ORIENTED_EDGE ( 'NONE', *, *, #1814, .T. ) ;
#633 = AXIS2_PLACEMENT_3D ( 'NONE', #1878, #1118, #569 ) ;
#634 = CARTESIAN_POINT ( 'NONE',  ( 25.28012957650787840, 21.50427523398640517, 6.424073360582564618 ) ) ;
#635 = AXIS2_PLACEMENT_3D ( 'NONE', #1794, #1479, #1633 ) ;
#636 = CARTESIAN_POINT ( 'NONE',  ( 0.000000000000000000, 99.61507075500942676, 10.00000000000000000 ) ) ;
#637 = CIRCLE ( 'NONE', #883, 12.50000000000002309 ) ;
#638 = DIRECTION ( 'NONE',  ( 1.000000000000000000, 0.000000000000000000, 0.000000000000000000 ) ) ;
#639 = CARTESIAN_POINT ( 'NONE',  ( 26.61263753895400797, 23.19935191184613643, -3.000925056413947356 ) ) ;
#640 = CYLINDRICAL_SURFACE ( 'NONE', #276, 100.0000000000000000 ) ;
#641 = CARTESIAN_POINT ( 'NONE',  ( 25.13211037284938243, 21.75039105925244343, 6.196528735732671933 ) ) ;
#642 = LINE ( 'NONE', #1240, #1681 ) ;
#643 = CARTESIAN_POINT ( 'NONE',  ( -35.06081713214197748, 20.00000000000000355, 5.448354341124995059 ) ) ;
#644 = ORIENTED_EDGE ( 'NONE', *, *, #1192, .F. ) ;
#645 = CARTESIAN_POINT ( 'NONE',  ( 25.49202258344585914, 21.15423148216612148, 6.800065560453693259 ) ) ;
#646 = ORIENTED_EDGE ( 'NONE', *, *, #993, .T. ) ;
#647 = DIRECTION ( 'NONE',  ( 0.000000000000000000, 0.000000000000000000, 1.000000000000000000 ) ) ;
#648 = DIRECTION ( 'NONE',  ( 1.000000000000000000, 3.546545773108138773E-15, 0.000000000000000000 ) ) ;
#649 = ADVANCED_BREP_SHAPE_REPRESENTATION ( 'Part1_Default_sldprt', ( #1638, #886 ), #69 ) ;
#650 = CARTESIAN_POINT ( 'NONE',  ( -33.61054013949701869, 21.50400536367695992, 6.425352291088504586 ) ) ;
#651 = DIRECTION ( 'NONE',  ( -1.000000000000000000, 0.000000000000000000, 0.000000000000000000 ) ) ;
#652 = DIRECTION ( 'NONE',  ( 1.000000000000000000, 0.000000000000000000, 0.000000000000000000 ) ) ;
#653 = CARTESIAN_POINT ( 'NONE',  ( 23.48577888243724487, 24.60264445876956074, -5.015722729625351484 ) ) ;
#654 = DIRECTION ( 'NONE',  ( 0.000000000000000000, 1.000000000000000000, 0.000000000000000000 ) ) ;
#655 = ORIENTED_EDGE ( 'NONE', *, *, #205, .F. ) ;
#656 = CARTESIAN_POINT ( 'NONE',  ( 27.87823517535992224, 25.00000000000000000, 5.000000000000000000 ) ) ;
#657 = EDGE_CURVE ( 'NONE', #666, #997, #33, .T. ) ;
#658 = ORIENTED_EDGE ( 'NONE', *, *, #1079, .F. ) ;
#659 = CARTESIAN_POINT ( 'NONE',  ( -33.11404560712011147, 20.11430292282594223, 8.936228187483727936 ) ) ;
#660 = CARTESIAN_POINT ( 'NONE',  ( 25.68343773741911917, 20.84089484062238995, 7.224698412884025700 ) ) ;
#661 = CARTESIAN_POINT ( 'NONE',  ( 27.87823517535992224, 20.00000000000000355, -5.423371796751679241 ) ) ;
#662 = CARTESIAN_POINT ( 'NONE',  ( 23.78350102803407395, 24.07070348001888860, -5.087108172446328958 ) ) ;
#663 = CARTESIAN_POINT ( 'NONE',  ( 25.60505444861226820, 20.96894052896162464, -7.041400312669393813 ) ) ;
#664 = ORIENTED_EDGE ( 'NONE', *, *, #1561, .F. ) ;
#665 = CARTESIAN_POINT ( 'NONE',  ( -36.59781835814671069, 21.78023974925736184, 3.003790084395660198 ) ) ;
#666 = VERTEX_POINT ( 'NONE', #789 ) ;
#667 = AXIS2_PLACEMENT_3D ( 'NONE', #312, #1183, #1155 ) ;
#668 = LINE ( 'NONE', #94, #397 ) ;
#669 = CARTESIAN_POINT ( 'NONE',  ( 25.44360491223521592, 21.23397934655195129, 6.710050581929612790 ) ) ;
#670 = VECTOR ( 'NONE', #376, 1000.000000000000114 ) ;
#671 = CARTESIAN_POINT ( 'NONE',  ( -34.57427145887818654, 24.70805324757525057, -4.999999999999998224 ) ) ;
#672 = DIRECTION ( 'NONE',  ( 1.000000000000000000, 0.000000000000000000, 0.000000000000000000 ) ) ;
#673 = VERTEX_POINT ( 'NONE', #343 ) ;
#674 = DIRECTION ( 'NONE',  ( 1.000000000000000000, -0.000000000000000000, 0.000000000000000000 ) ) ;
#675 = ORIENTED_EDGE ( 'NONE', *, *, #1168, .T. ) ;
#676 = CARTESIAN_POINT ( 'NONE',  ( 23.44251968784339724, 24.67919112838644580, 5.000000000000000000 ) ) ;
#677 = B_SPLINE_CURVE_WITH_KNOTS ( 'NONE', 3,
 ( #1472, #1455, #1743, #1010, #151, #742, #1771, #1599, #1041, #1306, #9, #117, #471, #617, #1314, #171, #1485, #1323, #1604, #888, #593, #1331, #298, #325, #611, #875, #1462, #624, #911, #334, #1046, #185, #759, #1205, #895, #1496, #1174, #1640, #1625, #1785, #901, #193, #26 ),
 .UNSPECIFIED., .F., .F.,
 ( 4, 1, 1, 1, 1, 1, 2, 2, 1, 1, 1, 1, 1, 2, 2, 1, 1, 1, 2, 2, 1, 1, 1, 2, 2, 1, 1, 1, 2, 2, 4 ),
 ( 0.000000000000000000, 0.1249999999999865108, 0.1874999999999797662, 0.2187499999999765465, 0.2343749999999751310, 0.2421874999999743816, 0.2460937499999741873, 0.2499999999999740208, 0.3749999999999752975, 0.4374999999999759082, 0.4687499999999771294, 0.4843749999999778511, 0.4921874999999784062, 0.4960937499999789058, 0.4999999999999793499, 0.5624999999999837907, 0.5937499999999867883, 0.6093749999999884537, 0.6171874999999892308, 0.6249999999999900080, 0.6874999999999986677, 0.7187500000000021094, 0.7343750000000028866, 0.7421875000000037748, 0.7500000000000045519, 0.8125000000000023315, 0.8437500000000012212, 0.8593750000000003331, 0.8671875000000005551, 0.8750000000000007772, 1.000000000000000000 ),
 .UNSPECIFIED. ) ;
#678 = CARTESIAN_POINT ( 'NONE',  ( 27.63601639116271258, 20.59863973555500394, 4.726821680065436126 ) ) ;
#679 = CARTESIAN_POINT ( 'NONE',  ( -36.66583407682214357, 22.12875338593213925, 2.890463121593428664 ) ) ;
#680 = ADVANCED_FACE ( 'NONE', ( #73, #918 ), #363, .F. ) ;
#681 = CARTESIAN_POINT ( 'NONE',  ( 26.07703179685901418, 20.20400167421736626, -8.583866245921159432 ) ) ;
#682 = DIRECTION ( 'NONE',  ( 0.000000000000000000, 0.000000000000000000, 1.000000000000000000 ) ) ;
#683 = CARTESIAN_POINT ( 'NONE',  ( -33.79132752508210302, 22.04647347614849906, -5.964651017836175129 ) ) ;
#684 = VERTEX_POINT ( 'NONE', #212 ) ;
#685 = CARTESIAN_POINT ( 'NONE',  ( -34.15168241247388181, 23.20082919562786472, 5.334738250080771849 ) ) ;
#686 = CARTESIAN_POINT ( 'NONE',  ( 25.08813595362621385, 21.82408733209166485, 6.137236140861975997 ) ) ;
#687 = CARTESIAN_POINT ( 'NONE',  ( -34.21221802245126042, 23.40540376292815594, 5.260308747729058432 ) ) ;
#688 = ADVANCED_FACE ( 'NONE', ( #1228 ), #1122, .T. ) ;
#689 = APPROVAL ( #1870, 'UNSPECIFIED' ) ;
#690 = FACE_OUTER_BOUND ( 'NONE', #1680, .T. ) ;
#691 = FACE_OUTER_BOUND ( 'NONE', #411, .T. ) ;
#692 = CARTESIAN_POINT ( 'NONE',  ( -33.15514124390607265, 20.22427516740341602, -8.509320523869815744 ) ) ;
#693 = ORIENTED_EDGE ( 'NONE', *, *, #1873, .F. ) ;
#694 = CARTESIAN_POINT ( 'NONE',  ( -34.12090674048208427, 23.09803153937530595, 5.375875689935305957 ) ) ;
#695 = CARTESIAN_POINT ( 'NONE',  ( 27.48773962653732994, 20.96820831793689877, 4.372919752131451787 ) ) ;
#696 = CARTESIAN_POINT ( 'NONE',  ( -36.23415151541672685, 20.03809140626611196, 3.946976526757407289 ) ) ;
#697 = CARTESIAN_POINT ( 'NONE',  ( -33.11239663991062798, 20.00000000000000355, 9.393851794080021023 ) ) ;
#698 = LINE ( 'NONE', #110, #394 ) ;
#699 = ORIENTED_EDGE ( 'NONE', *, *, #1556, .F. ) ;
#700 = FACE_OUTER_BOUND ( 'NONE', #279, .T. ) ;
#701 = CARTESIAN_POINT ( 'NONE',  ( -34.29939001154547640, 23.70681960234690067, 5.169785550202724345 ) ) ;
#702 = CARTESIAN_POINT ( 'NONE',  ( 28.44805047139988474, 18.61531805363900105, 8.480474278180068382 ) ) ;
#703 = CARTESIAN_POINT ( 'NONE',  ( -33.09077778976364925, 20.05234406616225229, 9.273167877088896560 ) ) ;
#704 = CARTESIAN_POINT ( 'NONE',  ( 25.28012957650793169, 21.50427523398641227, -6.424073360582560177 ) ) ;
#705 = FACE_BOUND ( 'NONE', #1038, .T. ) ;
#706 = VERTEX_POINT ( 'NONE', #1072 ) ;
#707 =( NAMED_UNIT ( * ) PLANE_ANGLE_UNIT ( ) SI_UNIT ( $, .RADIAN. ) );
#708 = ORIENTED_EDGE ( 'NONE', *, *, #351, .T. ) ;
#709 = CARTESIAN_POINT ( 'NONE',  ( 26.37513960404364255, 20.00000000000000355, 8.600382023688883493 ) ) ;
#710 = EDGE_CURVE ( 'NONE', #725, #1413, #838, .T. ) ;
#711 = CARTESIAN_POINT ( 'NONE',  ( -34.41158059664100222, 24.10638666532036822, 5.080414893464895165 ) ) ;
#712 = CARTESIAN_POINT ( 'NONE',  ( 28.50627842937138112, 18.47564670741613568, 9.543398002709581718 ) ) ;
#713 = CARTESIAN_POINT ( 'NONE',  ( -33.59517694304599900, 21.45838926055466089, 6.466423980782643355 ) ) ;
#714 = CARTESIAN_POINT ( 'NONE',  ( 23.45158507181355034, 24.66386039088912696, -5.008526700775503215 ) ) ;
#715 = EDGE_LOOP ( 'NONE', ( #155, #381, #1593, #1104 ) ) ;
#716 = CALENDAR_DATE ( 2026, 12, 9 ) ;
#717 = ORIENTED_EDGE ( 'NONE', *, *, #1251, .T. ) ;
#718 = CARTESIAN_POINT ( 'NONE',  ( 26.41738796001428469, 19.99999999999999645, 8.432505503395468338 ) ) ;
#719 = CARTESIAN_POINT ( 'NONE',  ( -34.35019879562349843, 23.88589335704361361, 5.125027607294877718 ) ) ;
#720 = CARTESIAN_POINT ( 'NONE',  ( -35.52081083902552194, 16.99081907852402651, -8.780707360612597157 ) ) ;
#721 = CARTESIAN_POINT ( 'NONE',  ( 0.000000000000000000, 100.0000000000000000, 5.000000000000000000 ) ) ;
#722 = DIRECTION ( 'NONE',  ( 1.000000000000000000, 0.000000000000000000, 0.000000000000000000 ) ) ;
#723 = CARTESIAN_POINT ( 'NONE',  ( 26.20205751032636599, 20.00386073378680862, -9.784413031182118914 ) ) ;
#724 = CONICAL_SURFACE ( 'NONE', #820, 12.49999999999996625, 0.7853981633974490562 ) ;
#725 = VERTEX_POINT ( 'NONE', #503 ) ;
#726 = DIRECTION ( 'NONE',  ( 0.000000000000000000, 0.000000000000000000, 1.000000000000000000 ) ) ;
#727 = CARTESIAN_POINT ( 'NONE',  ( 27.27758202151114375, 20.00000000000000000, 6.409991082377827887 ) ) ;
#728 = DIRECTION ( 'NONE',  ( 0.000000000000000000, 0.000000000000000000, 1.000000000000000000 ) ) ;
#729 = CARTESIAN_POINT ( 'NONE',  ( -36.23415151541675527, 20.03809140626622565, -3.946976526757472126 ) ) ;
#730 = CARTESIAN_POINT ( 'NONE',  ( 26.32465985614846460, 20.00000000000000000, -8.826199607102878986 ) ) ;
#731 = DIRECTION ( 'NONE',  ( -1.000000000000000000, 0.000000000000000000, -0.000000000000000000 ) ) ;
#732 = CARTESIAN_POINT ( 'NONE',  ( -33.84697790713447318, 22.21824997120524614, -5.845244550023974028 ) ) ;
#733 = ADVANCED_FACE ( 'NONE', ( #215 ), #1846, .T. ) ;
#734 = CARTESIAN_POINT ( 'NONE',  ( 25.42407831304444343, 21.26606793933243722, -6.670279826812337554 ) ) ;
#735 = ORIENTED_EDGE ( 'NONE', *, *, #496, .F. ) ;
#736 = COORDINATED_UNIVERSAL_TIME_OFFSET ( 5, 30, .AHEAD. ) ;
#737 = B_SPLINE_CURVE_WITH_KNOTS ( 'NONE', 3,
 ( #598, #1437, #124, #697, #560, #1289, #1137, #1733, #175, #745, #207, #1202, #631, #1044, #607, #1630, #1646, #1511, #1327, #1637, #923, #181, #1811, #621, #31, #493, #1210, #40, #1491, #1188, #67, #1344, #340, #475, #643, #1196, #1791, #906, #1800, #774, #1051, #916 ),
 .UNSPECIFIED., .F., .F.,
 ( 4, 1, 1, 1, 2, 2, 1, 1, 1, 2, 2, 1, 1, 1, 2, 2, 1, 1, 1, 1, 2, 2, 1, 1, 1, 1, 1, 2, 2, 4 ),
 ( 0.000000000000000000, 0.06250000000002109424, 0.09375000000003186340, 0.1093750000000372480, 0.1171875000000400513, 0.1250000000000428546, 0.1875000000000617562, 0.2187500000000712486, 0.2343750000000755507, 0.2421875000000775491, 0.2500000000000795475, 0.3125000000000938138, 0.3437500000001015299, 0.3593750000001045830, 0.3671875000001060818, 0.3750000000001076361, 0.4375000000001220690, 0.4687500000001294520, 0.4843750000001322831, 0.4921875000001335043, 0.4960937500001342815, 0.5000000000001350031, 0.6250000000001244560, 0.6875000000001181277, 0.7187500000001151301, 0.7343750000001134648, 0.7421875000001116884, 0.7460937500001106892, 0.7500000000001096900, 1.000000000000000000 ),
 .UNSPECIFIED. ) ;
#738 = CARTESIAN_POINT ( 'NONE',  ( 23.26613840166244529, 25.00000000000000000, -5.000000000000000000 ) ) ;
#739 = B_SPLINE_CURVE_WITH_KNOTS ( 'NONE', 3,
 ( #148, #1872, #1460, #1727, #866, #727, #1026, #1470, #25, #601, #1181, #1039, #421, #998, #280, #858, #1442, #140, #1450, #718, #709, #1639, #1484, #1190, #1197, #1784, #330 ),
 .UNSPECIFIED., .F., .F.,
 ( 4, 1, 1, 1, 1, 2, 2, 1, 1, 1, 1, 2, 2, 1, 1, 1, 2, 2, 4 ),
 ( 0.000000000000000000, 0.1249999999999974465, 0.1874999999999959477, 0.2187499999999951983, 0.2343749999999945322, 0.2421874999999947264, 0.2499999999999949485, 0.3749999999999957256, 0.4374999999999956701, 0.4687499999999960587, 0.4843749999999965028, 0.4921874999999969469, 0.4999999999999973355, 0.6250000000000005551, 0.6875000000000015543, 0.7187500000000024425, 0.7343750000000028866, 0.7500000000000033307, 1.000000000000000000 ),
 .UNSPECIFIED. ) ;
#740 = EDGE_CURVE ( 'NONE', #168, #924, #939, .T. ) ;
#741 = DIRECTION ( 'NONE',  ( 0.000000000000000000, 0.000000000000000000, 1.000000000000000000 ) ) ;
#742 = CARTESIAN_POINT ( 'NONE',  ( -35.21604640849244561, 19.99999999999999645, -5.241664267899552421 ) ) ;
#743 = DIRECTION ( 'NONE',  ( 0.000000000000000000, 0.000000000000000000, -1.000000000000000000 ) ) ;
#744 = CARTESIAN_POINT ( 'NONE',  ( -34.00251585662111609, 22.71014405535159142, -5.554720654615760367 ) ) ;
#745 = CARTESIAN_POINT ( 'NONE',  ( -33.23062949183675130, 20.00000000000000711, 8.803651063122284626 ) ) ;
#746 = PRODUCT_DEFINITION ( 'UNKNOWN', '', #760, #153 ) ;
#747 = CARTESIAN_POINT ( 'NONE',  ( -33.19503914621657259, 20.33202173815740821, -8.207503260900926634 ) ) ;
#748 = CARTESIAN_POINT ( 'NONE',  ( 0.000000000000000000, 99.61507075500942676, 10.00000000000000000 ) ) ;
#749 = DIRECTION ( 'NONE',  ( 0.000000000000000000, 0.000000000000000000, -1.000000000000000000 ) ) ;
#750 = CYLINDRICAL_SURFACE ( 'NONE', #6, 4.999999999999999112 ) ;
#751 = CARTESIAN_POINT ( 'NONE',  ( -34.37309731507034627, 23.96780084425740043, -5.107643515306231841 ) ) ;
#752 = CLOSED_SHELL ( 'NONE', ( #767, #521, #801, #1108, #464, #769, #733, #1329, #1649, #408, #23, #1277, #261, #105, #1674, #1504, #830, #44, #680, #1849, #1422, #1478, #439, #796, #600, #1732, #1710, #1015, #1365, #1303, #1393, #548, #1133, #688, #495, #412 ) ) ;
#753 = CARTESIAN_POINT ( 'NONE',  ( 15.00000000000000000, 100.0000000000000000, -2.500000000000053291 ) ) ;
#754 = CONICAL_SURFACE ( 'NONE', #1831, 7.499999999999978684, 0.7853981633974469467 ) ;
#755 = CARTESIAN_POINT ( 'NONE',  ( -33.08332867439132485, 20.03252089030791439, -9.424697863410148813 ) ) ;
#756 = AXIS2_PLACEMENT_3D ( 'NONE', #613, #446, #1048 ) ;
#757 = B_SPLINE_CURVE_WITH_KNOTS ( 'NONE', 3,
 ( #361, #1691, #536, #103, #665, #1092, #936, #1535 ),
 .UNSPECIFIED., .F., .F.,
 ( 4, 2, 2, 4 ),
 ( 0.000000000000000000, 0.2500000000000002220, 0.5000000000000004441, 1.000000000000000000 ),
 .UNSPECIFIED. ) ;
#758 = AXIS2_PLACEMENT_3D ( 'NONE', #524, #1666, #358 ) ;
#759 = CARTESIAN_POINT ( 'NONE',  ( -33.40019559348371558, 19.99999999999999645, -8.286102472905572114 ) ) ;
#760 = PRODUCT_DEFINITION_FORMATION_WITH_SPECIFIED_SOURCE ( 'ANY', '', #925, .NOT_KNOWN. ) ;
#761 = DIRECTION ( 'NONE',  ( 0.000000000000000000, 0.000000000000000000, -1.000000000000000000 ) ) ;
#762 = FACE_OUTER_BOUND ( 'NONE', #1024, .T. ) ;
#763 = CARTESIAN_POINT ( 'NONE',  ( -33.94345191866808165, 22.52109223886523282, -5.657397132699782283 ) ) ;
#764 = CARTESIAN_POINT ( 'NONE',  ( 26.93469314163905892, 22.36801240521930012, 3.386926279136230011 ) ) ;
#765 = CARTESIAN_POINT ( 'NONE',  ( -33.10491312967486266, 20.08995735881608269, -9.054954990520908353 ) ) ;
#766 = CARTESIAN_POINT ( 'NONE',  ( 26.12839659882098786, 20.12167323876571601, 8.900102328118920880 ) ) ;
#767 = ADVANCED_FACE ( 'NONE', ( #1076 ), #1664, .F. ) ;
#768 = CARTESIAN_POINT ( 'NONE',  ( 24.04856878147972310, 25.28678763080590386, 4.166666666666674956 ) ) ;
#769 = ADVANCED_FACE ( 'NONE', ( #1231 ), #550, .F. ) ;
#770 = CARTESIAN_POINT ( 'NONE',  ( 26.22081763571551249, 20.00000000000000000, -9.491278532452835037 ) ) ;
#771 = CARTESIAN_POINT ( 'NONE',  ( 27.41046822250346793, 21.16175237003285403, -4.205854211292684219 ) ) ;
#772 = CARTESIAN_POINT ( 'NONE',  ( -33.73843378078174027, 21.88531574763704057, -6.087785621079855325 ) ) ;
#773 = DIRECTION ( 'NONE',  ( -1.000000000000000000, -0.000000000000000000, -0.000000000000000000 ) ) ;
#774 = CARTESIAN_POINT ( 'NONE',  ( -35.45724981362808137, 19.99999999999999645, 4.920392459285212183 ) ) ;
#775 = ORIENTED_EDGE ( 'NONE', *, *, #891, .F. ) ;
#776 = CARTESIAN_POINT ( 'NONE',  ( 25.76564963972966638, 20.70700094988897533, 7.435287942311816778 ) ) ;
#777 = CARTESIAN_POINT ( 'NONE',  ( 25.99212641073458130, 20.34054720458690824, 8.185806823041934521 ) ) ;
#778 = DIRECTION ( 'NONE',  ( 0.000000000000000000, 0.000000000000000000, 1.000000000000000000 ) ) ;
#779 = CARTESIAN_POINT ( 'NONE',  ( 27.29205305811229110, 21.45961503542601179, -3.970242010264294130 ) ) ;
#780 = CARTESIAN_POINT ( 'NONE',  ( -7.499999999999978684, 99.61507075500942676, 10.00000000000000000 ) ) ;
#781 = DIRECTION ( 'NONE',  ( 1.000000000000000000, 0.000000000000000000, 0.000000000000000000 ) ) ;
#782 = CARTESIAN_POINT ( 'NONE',  ( -35.53290178803231214, 17.03911013312468015, 8.522998661158442957 ) ) ;
#783 = CARTESIAN_POINT ( 'NONE',  ( 27.17104752872656448, 21.76556871454956621, 3.752251469034645126 ) ) ;
#784 = ORIENTED_EDGE ( 'NONE', *, *, #606, .T. ) ;
#785 = CIRCLE ( 'NONE', #1642, 10.00000000000000000 ) ;
#786 = CARTESIAN_POINT ( 'NONE',  ( -36.66583407682215068, 22.12875338593221031, -2.890463121593507712 ) ) ;
#787 = ORIENTED_EDGE ( 'NONE', *, *, #1475, .F. ) ;
#788 = AXIS2_PLACEMENT_3D ( 'NONE', #1480, #1193, #1616 ) ;
#789 = CARTESIAN_POINT ( 'NONE',  ( -36.22579184107239314, 20.00000000000000000, -3.975707320348563112 ) ) ;
#790 = CIRCLE ( 'NONE', #551, 70.00000000000000000 ) ;
#791 = CARTESIAN_POINT ( 'NONE',  ( 14.97064550628284962, 99.06203778049801656, 5.000000000000000000 ) ) ;
#792 = CARTESIAN_POINT ( 'NONE',  ( -33.17052756086084031, 20.26568719471598357, 8.383384283855876973 ) ) ;
#793 = CARTESIAN_POINT ( 'NONE',  ( 0.000000000000000000, 100.0000000000000000, 5.000000000000000000 ) ) ;
#794 = CARTESIAN_POINT ( 'NONE',  ( -35.52081083902548642, 16.99081907852394124, 8.780707360612581169 ) ) ;
#795 = CARTESIAN_POINT ( 'NONE',  ( 24.31505685209182488, 23.13936733507307153, -5.359086732603588032 ) ) ;
#796 = ADVANCED_FACE ( 'NONE', ( #1008 ), #1273, .T. ) ;
#797 = ORIENTED_EDGE ( 'NONE', *, *, #16, .F. ) ;
#798 = DIRECTION ( 'NONE',  ( 0.000000000000000000, 0.000000000000000000, -1.000000000000000000 ) ) ;
#799 = ORIENTED_EDGE ( 'NONE', *, *, #75, .T. ) ;
#800 = CARTESIAN_POINT ( 'NONE',  ( 26.04578902039482813, 20.25418265796871253, 8.423848831353293320 ) ) ;
#801 = ADVANCED_FACE ( 'NONE', ( #1433 ), #1597, .T. ) ;
#802 = CARTESIAN_POINT ( 'NONE',  ( -33.19140648066522203, 20.32207110577214593, 8.226511730693450986 ) ) ;
#803 = CARTESIAN_POINT ( 'NONE',  ( 23.99600204121858127, 23.69537291431266723, 5.172400285993982827 ) ) ;
#804 = FACE_OUTER_BOUND ( 'NONE', #219, .T. ) ;
#805 = CARTESIAN_POINT ( 'NONE',  ( 23.71757422532071047, 24.18771353931957435, -5.066143643315360379 ) ) ;
#806 = CARTESIAN_POINT ( 'NONE',  ( 194.6183915816770877, 87.80649114647421527, 5.000000000000000000 ) ) ;
#807 = ORIENTED_EDGE ( 'NONE', *, *, #182, .T. ) ;
#808 = CARTESIAN_POINT ( 'NONE',  ( -34.42353673996547769, 24.14859259948146430, -5.070087229212395741 ) ) ;
#809 = ORIENTED_EDGE ( 'NONE', *, *, #1364, .T. ) ;
#810 = CARTESIAN_POINT ( 'NONE',  ( -33.31962444883298247, 20.67315963275180835, 7.488914338356713607 ) ) ;
#811 = DIRECTION ( 'NONE',  ( -0.000000000000000000, -0.000000000000000000, -1.000000000000000000 ) ) ;
#812 = CARTESIAN_POINT ( 'NONE',  ( 14.97064550628284962, 99.06203778049801656, -2.500000000000053291 ) ) ;
#813 = CARTESIAN_POINT ( 'NONE',  ( 24.22363469549639703, 23.29790812173686376, -5.298485152644207830 ) ) ;
#814 = CARTESIAN_POINT ( 'NONE',  ( 26.13425767934604593, 20.11228930562533534, -8.945435251394586729 ) ) ;
#815 = ORIENTED_EDGE ( 'NONE', *, *, #1071, .F. ) ;
#816 = CARTESIAN_POINT ( 'NONE',  ( -33.10760904088136414, 20.09713564860367896, -9.015332440771691935 ) ) ;
#817 = ORIENTED_EDGE ( 'NONE', *, *, #628, .T. ) ;
#818 = VECTOR ( 'NONE', #510, 1000.000000000000000 ) ;
#819 = CARTESIAN_POINT ( 'NONE',  ( 24.32009947803214800, 23.13064079226311520, 5.362596450511026624 ) ) ;
#820 = AXIS2_PLACEMENT_3D ( 'NONE', #922, #1830, #955 ) ;
#821 = CARTESIAN_POINT ( 'NONE',  ( 24.18782778119729926, 23.36013115508537297, 5.275809628781241933 ) ) ;
#822 = CARTESIAN_POINT ( 'NONE',  ( -36.03297143127848301, 19.13334645920451038, 4.699635971172760662 ) ) ;
#823 = CIRCLE ( 'NONE', #465, 5.000000000000001776 ) ;
#824 = CARTESIAN_POINT ( 'NONE',  ( 25.25261124481672681, 21.55000070774165977, -6.380939766973940941 ) ) ;
#825 = DIRECTION ( 'NONE',  ( 1.000000000000000000, 0.000000000000000000, 0.000000000000000000 ) ) ;
#826 = VERTEX_POINT ( 'NONE', #132 ) ;
#827 = CARTESIAN_POINT ( 'NONE',  ( -34.04550612662806941, 22.84870587114501816, -5.483259373462490593 ) ) ;
#828 = ORIENTED_EDGE ( 'NONE', *, *, #437, .T. ) ;
#829 = EDGE_CURVE ( 'NONE', #857, #1815, #1586, .T. ) ;
#830 = ADVANCED_FACE ( 'NONE', ( #953 ), #640, .T. ) ;
#831 = CARTESIAN_POINT ( 'NONE',  ( -34.12476528013116450, 23.11087664441859957, 5.370612263299930689 ) ) ;
#832 = CARTESIAN_POINT ( 'NONE',  ( 26.52249303873817610, 23.43425556021493605, 2.913714443171834922 ) ) ;
#833 = CARTESIAN_POINT ( 'NONE',  ( -33.07177334926122825, 20.00192557899747570, 10.22241371254588138 ) ) ;
#834 = CARTESIAN_POINT ( 'NONE',  ( 25.71363330606135378, 20.79155916853603259, -7.294765755798815476 ) ) ;
#835 = CARTESIAN_POINT ( 'NONE',  ( 0.000000000000000000, 0.000000000000000000, 5.000000000000000000 ) ) ;
#836 = CARTESIAN_POINT ( 'NONE',  ( -35.50147500028951697, 16.91381565486964433, -10.59377281314341879 ) ) ;
#837 = VERTEX_POINT ( 'NONE', #1693 ) ;
#838 = B_SPLINE_CURVE_WITH_KNOTS ( 'NONE', 3,
 ( #1375, #499, #509, #1216, #352, #1505, #223, #1514, #1816, #1660, #800, #1083, #777, #1385, #1063, #1359, #1652, #1805, #1221, #1694, #660, #1396, #1675, #95, #1258, #669, #1239, #1828, #1546, #1809, #86, #1363, #385, #641, #392, #225, #973, #366, #1252, #932, #522, #1819, #944, #512, #1098, #1529, #1378, #1106, #1087, #63, #1840, #964, #819, #954, #1686, #1114, #803, #375, #357, #1518, #1387, #242, #1538, #1406, #532, #676, #106 ),
 .UNSPECIFIED., .F., .F.,
 ( 4, 2, 1, 2, 2, 2, 1, 2, 2, 2, 1, 1, 2, 2, 2, 1, 1, 1, 2, 2, 2, 2, 1, 1, 2, 2, 2, 2, 1, 1, 1, 2, 2, 2, 2, 1, 1, 1, 2, 2, 4 ),
 ( 0.000000000000000000, 0.06250000000000174860, 0.09375000000000255351, 0.1093750000000028033, 0.1250000000000030531, 0.1875000000000032752, 0.2187500000000029698, 0.2343750000000026645, 0.2500000000000023315, 0.3124999999999997780, 0.3437499999999981681, 0.3593749999999971689, 0.3671874999999967248, 0.3749999999999962808, 0.4374999999999916733, 0.4687499999999895084, 0.4843749999999890088, 0.4921874999999891198, 0.4960937499999890643, 0.4999999999999890088, 0.5624999999999856781, 0.5937499999999839018, 0.6093749999999829026, 0.6171874999999826805, 0.6210937499999823475, 0.6249999999999819034, 0.6874999999999852340, 0.7187499999999872324, 0.7343749999999877875, 0.7421874999999875655, 0.7460937499999876765, 0.7480468749999873435, 0.7499999999999868994, 0.8125000000000004441, 0.8437500000000069944, 0.8593750000000097700, 0.8671875000000104361, 0.8710937500000107692, 0.8730468750000102141, 0.8750000000000096589, 1.000000000000000000 ),
 .UNSPECIFIED. ) ;
#839 = CARTESIAN_POINT ( 'NONE',  ( -33.87043188518531878, 22.29123367540197620, 5.797239158472504705 ) ) ;
#840 = CARTESIAN_POINT ( 'NONE',  ( 28.39774388903659030, 18.73623124586652722, 7.963468546140917148 ) ) ;
#841 = CARTESIAN_POINT ( 'NONE',  ( -33.70199513073250586, 21.77562172117237438, 6.177586909196004505 ) ) ;
#842 = CARTESIAN_POINT ( 'NONE',  ( 25.94148322155337993, 20.42214084529884488, -7.981577712129466207 ) ) ;
#843 = DIRECTION ( 'NONE',  ( 1.000000000000000000, -0.000000000000000000, 0.000000000000000000 ) ) ;
#844 = ORIENTED_EDGE ( 'NONE', *, *, #353, .T. ) ;
#845 = PERSON_AND_ORGANIZATION_ROLE ( 'design_owner' ) ;
#846 = EDGE_LOOP ( 'NONE', ( #1357, #1881, #787, #655 ) ) ;
#847 = DIRECTION ( 'NONE',  ( -0.000000000000000000, 0.000000000000000000, 1.000000000000000000 ) ) ;
#848 = CARTESIAN_POINT ( 'NONE',  ( -33.85605109259640955, 22.24644220361810909, 5.826506617899598339 ) ) ;
#849 = CARTESIAN_POINT ( 'NONE',  ( 27.25190778199581843, 21.56094543850774414, 3.895576017909084587 ) ) ;
#850 = CARTESIAN_POINT ( 'NONE',  ( -36.21104727715782445, 19.93222130812006299, 4.023889312218604353 ) ) ;
#851 = CIRCLE ( 'NONE', #1799, 97.49999999999997158 ) ;
#852 = CYLINDRICAL_SURFACE ( 'NONE', #1124, 15.00000000000000000 ) ;
#853 = DIRECTION ( 'NONE',  ( 0.000000000000000000, 0.000000000000000000, 1.000000000000000000 ) ) ;
#854 = EDGE_CURVE ( 'NONE', #1746, #1320, #930, .T. ) ;
#855 = AXIS2_PLACEMENT_3D ( 'NONE', #1747, #156, #1312 ) ;
#856 = PERSON_AND_ORGANIZATION ( #378, #311 ) ;
#857 = VERTEX_POINT ( 'NONE', #1685 ) ;
#858 = CARTESIAN_POINT ( 'NONE',  ( 26.71044433096177073, 20.00000000000000355, 7.576220165460654243 ) ) ;
#859 = CARTESIAN_POINT ( 'NONE',  ( -34.26187504952682161, 23.57634913628942286, 5.206955591461754018 ) ) ;
#860 = CARTESIAN_POINT ( 'NONE',  ( 27.29205305811224136, 21.45961503542615390, 3.970242010264225740 ) ) ;
#861 = CARTESIAN_POINT ( 'NONE',  ( -36.59220322664803149, 21.75565368826238810, 3.023403582539689882 ) ) ;
#862 = CARTESIAN_POINT ( 'NONE',  ( 24.96807613417388083, 22.02542042999655081, -5.980161340176192830 ) ) ;
#863 = ORIENTED_EDGE ( 'NONE', *, *, #1219, .F. ) ;
#864 = MECHANICAL_CONTEXT ( 'NONE', #1700, 'mechanical' ) ;
#865 = ORIENTED_EDGE ( 'NONE', *, *, #1475, .T. ) ;
#866 = CARTESIAN_POINT ( 'NONE',  ( 27.31915485158968337, 19.99999999999999289, 6.335872512437691562 ) ) ;
#867 = DIRECTION ( 'NONE',  ( 0.000000000000000000, 0.000000000000000000, -1.000000000000000000 ) ) ;
#868 = CARTESIAN_POINT ( 'NONE',  ( -36.73900593711761786, 22.50586711754150571, -2.773767174311369210 ) ) ;
#869 = CARTESIAN_POINT ( 'NONE',  ( 26.77363639707238363, 19.99999999999999289, -7.419744795374046298 ) ) ;
#870 = CARTESIAN_POINT ( 'NONE',  ( 27.61036146786799605, 20.66239592754438092, -4.661779621968398679 ) ) ;
#871 = CARTESIAN_POINT ( 'NONE',  ( 26.12839659882101273, 20.12167323876571956, -8.900102328118920880 ) ) ;
#872 = ORIENTED_EDGE ( 'NONE', *, *, #1592, .T. ) ;
#873 = APPLICATION_PROTOCOL_DEFINITION ( 'international standard', 'config_control_design', 1994, #1665 ) ;
#874 = CARTESIAN_POINT ( 'NONE',  ( 61.47880809800907542, 41.30284372434919504, -5.000000000000000000 ) ) ;
#875 = CARTESIAN_POINT ( 'NONE',  ( -33.74933014904597428, 19.99999999999999645, -7.498198649702564111 ) ) ;
#876 = EDGE_CURVE ( 'NONE', #1005, #1610, #1797, .T. ) ;
#877 = CARTESIAN_POINT ( 'NONE',  ( 26.19916574670039111, 20.00847887495290323, 9.695598668473214943 ) ) ;
#878 = DIRECTION ( 'NONE',  ( 0.000000000000000000, 0.000000000000000000, -1.000000000000000000 ) ) ;
#879 = CARTESIAN_POINT ( 'NONE',  ( 27.41830616684170252, 21.14214586746527758, -4.223246692075125708 ) ) ;
#880 = CARTESIAN_POINT ( 'NONE',  ( -33.89341353559939307, 22.36298139928906892, -5.751153251574462999 ) ) ;
#881 = CIRCLE ( 'NONE', #306, 70.00000000000000000 ) ;
#882 = CARTESIAN_POINT ( 'NONE',  ( 23.72873980988825338, 24.16764953450183029, -5.066961807290345732 ) ) ;
#883 = AXIS2_PLACEMENT_3D ( 'NONE', #482, #1775, #322 ) ;
#884 = ORIENTED_EDGE ( 'NONE', *, *, #210, .F. ) ;
#885 = EDGE_CURVE ( 'NONE', #237, #360, #668, .T. ) ;
#886 = AXIS2_PLACEMENT_3D ( 'NONE', #1469, #726, #1140 ) ;
#887 = DIRECTION ( 'NONE',  ( 0.000000000000000000, 0.000000000000000000, -1.000000000000000000 ) ) ;
#888 = CARTESIAN_POINT ( 'NONE',  ( -34.08495590191522950, 19.99999999999999289, -6.890612989774631991 ) ) ;
#889 = CYLINDRICAL_SURFACE ( 'NONE', #158, 5.000000000000001776 ) ;
#890 = CARTESIAN_POINT ( 'NONE',  ( -10.84920142906042528, 110.3583216957030828, 2.499999999999970246 ) ) ;
#891 = EDGE_CURVE ( 'NONE', #1247, #1581, #1839, .T. ) ;
#892 = CARTESIAN_POINT ( 'NONE',  ( -33.59124694986319071, 21.44736097880831593, -6.481637887213283378 ) ) ;
#893 = CARTESIAN_POINT ( 'NONE',  ( 27.57397088913144856, 20.75135195072087413, 4.545008930066283703 ) ) ;
#894 = CARTESIAN_POINT ( 'NONE',  ( -33.21245779664672426, 20.37929572776055309, -8.089637610914094168 ) ) ;
#895 = CARTESIAN_POINT ( 'NONE',  ( -33.27241129024188382, 19.99999999999999289, -8.656238566856737648 ) ) ;
#896 = FACE_OUTER_BOUND ( 'NONE', #1439, .T. ) ;
#897 = CARTESIAN_POINT ( 'NONE',  ( 23.26613840166234581, 25.00000000000000000, 5.000000000000000000 ) ) ;
#898 = CARTESIAN_POINT ( 'NONE',  ( -33.98415187334081367, 22.65117881620234641, -5.586038687168271899 ) ) ;
#899 = DIRECTION ( 'NONE',  ( -1.000000000000000000, 0.000000000000000000, -0.000000000000000000 ) ) ;
#900 = DIRECTION ( 'NONE',  ( -0.000000000000000000, -1.000000000000000000, -0.000000000000000000 ) ) ;
#901 = CARTESIAN_POINT ( 'NONE',  ( -33.09958298549126710, 20.00000000000000355, -9.426554157857353289 ) ) ;
#902 = CARTESIAN_POINT ( 'NONE',  ( 0.000000000000000000, 20.00000000000000000, 0.000000000000000000 ) ) ;
#903 = DIRECTION ( 'NONE',  ( 1.000000000000000000, 0.000000000000000000, 0.000000000000000000 ) ) ;
#904 = CARTESIAN_POINT ( 'NONE',  ( -34.11402912904790696, 23.07516770210228785, -5.385340007914399152 ) ) ;
#905 = TOROIDAL_SURFACE ( 'NONE', #1151, 70.00000000000000000, 5.000000000000000000 ) ;
#906 = CARTESIAN_POINT ( 'NONE',  ( -35.13295283354867848, 20.00000000000000355, 5.351842012617511912 ) ) ;
#907 = AXIS2_PLACEMENT_3D ( 'NONE', #1182, #51, #1613 ) ;
#908 = CARTESIAN_POINT ( 'NONE',  ( -33.07411605820851008, 20.00808486373385264, -9.671262587031151270 ) ) ;
#909 = CIRCLE ( 'NONE', #1213, 75.00000000000001421 ) ;
#910 = CARTESIAN_POINT ( 'NONE',  ( -36.92963381958850277, 23.53070725474274738, -2.565967064504477868 ) ) ;
#911 = CARTESIAN_POINT ( 'NONE',  ( -33.48049531608641871, 20.00000000000000000, -8.079526778937816900 ) ) ;
#912 = DIRECTION ( 'NONE',  ( 1.000000000000000000, 0.000000000000000000, 0.000000000000000000 ) ) ;
#913 = CARTESIAN_POINT ( 'NONE',  ( 28.02297901045941586, 19.64510976030084421, -5.930944267488929000 ) ) ;
#914 = CARTESIAN_POINT ( 'NONE',  ( -33.36797194989645021, 20.80810984866085178, -7.274470976371494757 ) ) ;
#915 = FACE_OUTER_BOUND ( 'NONE', #1255, .T. ) ;
#916 = CARTESIAN_POINT ( 'NONE',  ( -36.22579184107239314, 20.00000000000000000, 3.975707320347313001 ) ) ;
#917 = CARTESIAN_POINT ( 'NONE',  ( -37.06825006414657508, 24.31608278841146387, -2.500008230596155734 ) ) ;
#918 = FACE_OUTER_BOUND ( 'NONE', #112, .T. ) ;
#919 = DIRECTION ( 'NONE',  ( -0.000000000000000000, -0.000000000000000000, -1.000000000000000000 ) ) ;
#920 = CARTESIAN_POINT ( 'NONE',  ( 27.13003411902302631, 21.86940751422460494, -3.680120294183365282 ) ) ;
#921 = CARTESIAN_POINT ( 'NONE',  ( -33.22093665563171072, 20.40234946140314420, 8.034801307306462803 ) ) ;
#922 = CARTESIAN_POINT ( 'NONE',  ( 0.000000000000000000, 100.0000000000000000, 5.000000000000000000 ) ) ;
#923 = CARTESIAN_POINT ( 'NONE',  ( -33.71989471687360407, 19.99999999999999645, 7.556513182023980590 ) ) ;
#924 = VERTEX_POINT ( 'NONE', #54 ) ;
#925 = PRODUCT ( 'Part1_Default_sldprt', 'Part1_Default_sldprt', '', ( #864 ) ) ;
#926 = CARTESIAN_POINT ( 'NONE',  ( 25.98366788486087842, 20.35414291661644270, 8.143439251698703529 ) ) ;
#927 = DIRECTION ( 'NONE',  ( -1.000000000000000000, 0.000000000000000000, 0.000000000000000000 ) ) ;
#928 = CARTESIAN_POINT ( 'NONE',  ( 0.000000000000000000, 0.000000000000000000, 0.000000000000000000 ) ) ;
#929 = CARTESIAN_POINT ( 'NONE',  ( 26.87694289001900216, 22.51590312127807536, -3.305598911372335191 ) ) ;
#930 = LINE ( 'NONE', #1096, #1094 ) ;
#931 = EDGE_CURVE ( 'NONE', #1141, #1573, #627, .T. ) ;
#932 = CARTESIAN_POINT ( 'NONE',  ( 24.83630603592646580, 22.24766312339601271, 5.825702915961917583 ) ) ;
#933 = CARTESIAN_POINT ( 'NONE',  ( -10.84920142906042528, 110.3583216957030828, 5.000000000000000000 ) ) ;
#934 = CARTESIAN_POINT ( 'NONE',  ( 23.34174034306917989, 24.86268292997633722, -5.001248289447706163 ) ) ;
#935 = VERTEX_POINT ( 'NONE', #780 ) ;
#936 = CARTESIAN_POINT ( 'NONE',  ( -36.97401172629647448, 23.76041968778085334, 2.500025430725094644 ) ) ;
#937 = EDGE_CURVE ( 'NONE', #1370, #1113, #1362, .T. ) ;
#938 = EDGE_LOOP ( 'NONE', ( #664, #1690, #1571, #1735 ) ) ;
#939 = CIRCLE ( 'NONE', #485, 97.49999999999997158 ) ;
#940 = CARTESIAN_POINT ( 'NONE',  ( 0.000000000000000000, 0.000000000000000000, -5.000000000000000000 ) ) ;
#941 = AXIS2_PLACEMENT_3D ( 'NONE', #874, #1882, #1596 ) ;
#942 = CARTESIAN_POINT ( 'NONE',  ( 14.61839158167710373, 87.80649114647421527, -2.500000000000053291 ) ) ;
#943 = CARTESIAN_POINT ( 'NONE',  ( -33.46665955748105858, 21.08689519044527572, 6.886440020259581019 ) ) ;
#944 = CARTESIAN_POINT ( 'NONE',  ( 24.74317273966476805, 22.40528815055213130, 5.723494304685426748 ) ) ;
#945 = EDGE_CURVE ( 'NONE', #1130, #101, #909, .T. ) ;
#946 = DIRECTION ( 'NONE',  ( 0.000000000000000000, 0.000000000000000000, 1.000000000000000000 ) ) ;
#947 = CARTESIAN_POINT ( 'NONE',  ( 23.64066744961694866, 24.32474103231390217, -5.044697921014442699 ) ) ;
#948 = UNCERTAINTY_MEASURE_WITH_UNIT (LENGTH_MEASURE( 1.000000000000000082E-05 ), #128, 'distance_accuracy_value', 'NONE');
#949 = CARTESIAN_POINT ( 'NONE',  ( 25.61342954111463754, 25.86036289241750197, 2.499999999999970246 ) ) ;
#950 = ORIENTED_EDGE ( 'NONE', *, *, #1417, .T. ) ;
#951 = CARTESIAN_POINT ( 'NONE',  ( -35.50276774753753273, 16.91893128169419924, -9.296779129939194419 ) ) ;
#952 = ORIENTED_EDGE ( 'NONE', *, *, #321, .F. ) ;
#953 = FACE_OUTER_BOUND ( 'NONE', #1845, .T. ) ;
#954 = CARTESIAN_POINT ( 'NONE',  ( 24.25038344885120267, 23.25128857757626477, 5.314073260763674256 ) ) ;
#955 = DIRECTION ( 'NONE',  ( -1.000000000000000000, 0.000000000000000000, 0.000000000000000000 ) ) ;
#956 = CARTESIAN_POINT ( 'NONE',  ( 23.44257557644314360, 24.68044552902795985, -5.009884197423788876 ) ) ;
#957 = CARTESIAN_POINT ( 'NONE',  ( 24.79700994340692333, 22.31417130117240788, -5.782606558142773245 ) ) ;
#958 = ORIENTED_EDGE ( 'NONE', *, *, #216, .F. ) ;
#959 = ORIENTED_EDGE ( 'NONE', *, *, #12, .F. ) ;
#960 = CARTESIAN_POINT ( 'NONE',  ( -34.46942277164834678, 24.31667377765438687, -5.043978043003042977 ) ) ;
#961 = ORIENTED_EDGE ( 'NONE', *, *, #1170, .T. ) ;
#962 = B_SPLINE_SURFACE_WITH_KNOTS ( 'NONE', 1, 3, ( 
 ( #1358, #917, #1175, #910, #1659, #162, #868, #786, #341, #200, #1214, #1760, #484, #1226, #1804, #729, #1061, #623, #1204, #434, #1009, #453, #1070, #1513, #209, #1030, #1315, #1615, #1598, #1372, #290, #332, #150, #720, #249, #951, #1852, #1119, #1256, #836 ),
 ( #372, #1236, #1825, #960, #808, #1523, #83, #1813, #980, #1563, #1709, #827, #390, #517, #970, #683, #1392, #1553, #1263, #543, #239, #92, #1420, #1112, #1412, #401, #256, #1103, #118, #692, #1698, #1844, #816, #507, #1081, #1682, #1669, #1544, #111, #1402 ) ),
 .UNSPECIFIED., .F., .F., .F.,
 ( 2, 2 ),
 ( 4, 2, 2, 2, 2, 2, 2, 2, 2, 2, 2, 2, 2, 2, 2, 2, 2, 2, 2, 4 ),
 ( 0.000000000000000000, 1.000000000000000000 ),
 ( 0.000000000000000000, 0.0007776042412136258868, 0.001555208482427251774, 0.002332812723640877769, 0.002721614844247690658, 0.003110416964854503547, 0.003888021206068129759, 0.004665625447281755538, 0.005054427567888567993, 0.005443229688495381316, 0.006220833929709007094, 0.006998438170922632873, 0.007776042412136259518, 0.008553646653349886164, 0.009331250894563511075, 0.01010885513577713599, 0.01049765725638394931, 0.01088645937699076263, 0.01166406361820438928, 0.01244166785941801419 ),
 .UNSPECIFIED. ) ;
#963 = CARTESIAN_POINT ( 'NONE',  ( -33.21825140904450535, 20.39504515612015112, 8.051966953269824145 ) ) ;
#964 = CARTESIAN_POINT ( 'NONE',  ( 24.32384249797724607, 23.12416415813716597, 5.365210941802956768 ) ) ;
#965 = CARTESIAN_POINT ( 'NONE',  ( 27.90380652702139841, 19.93710040172331688, 5.505536210240329353 ) ) ;
#966 = CARTESIAN_POINT ( 'NONE',  ( -34.04550612662798414, 22.84870587114500751, 5.483259373462492370 ) ) ;
#967 = CARTESIAN_POINT ( 'NONE',  ( 25.26466546935197499, 21.52998638128515196, -6.400122502636485855 ) ) ;
#968 = ORIENTED_EDGE ( 'NONE', *, *, #1211, .T. ) ;
#969 = EDGE_CURVE ( 'NONE', #1130, #826, #1162, .T. ) ;
#970 = CARTESIAN_POINT ( 'NONE',  ( -33.85932977791094345, 22.25590161380100795, -5.816817808732221984 ) ) ;
#971 = EDGE_LOOP ( 'NONE', ( #1120, #1580, #807, #1244 ) ) ;
#972 = CONICAL_SURFACE ( 'NONE', #667, 15.00000000000000000, 0.7853981633974541632 ) ;
#973 = CARTESIAN_POINT ( 'NONE',  ( 24.91921015283588403, 22.10768300819378140, 5.921244520727563021 ) ) ;
#974 = CIRCLE ( 'NONE', #159, 10.00000000000000000 ) ;
#975 = CARTESIAN_POINT ( 'NONE',  ( 24.92737328477698711, 22.09391227652569967, 5.930384011938246047 ) ) ;
#976 = CARTESIAN_POINT ( 'NONE',  ( -34.11660596990651584, 23.08347951292735800, 5.381093719750819737 ) ) ;
#977 = LOCAL_TIME ( 18, 24, 46.00000000000000000, #1756 ) ;
#978 = CARTESIAN_POINT ( 'NONE',  ( 24.75095800343296304, 22.39221963219475597, -5.733632254519075211 ) ) ;
#979 = DIRECTION ( 'NONE',  ( -0.000000000000000000, -0.000000000000000000, -1.000000000000000000 ) ) ;
#980 = CARTESIAN_POINT ( 'NONE',  ( -34.18824411921384154, 23.32388134054987461, -5.288520976671968299 ) ) ;
#981 = ORIENTED_EDGE ( 'NONE', *, *, #1556, .T. ) ;
#982 = CARTESIAN_POINT ( 'NONE',  ( -33.96075293866768163, 22.57604703516021871, 5.625943207159283865 ) ) ;
#983 = CARTESIAN_POINT ( 'NONE',  ( 26.34193277162760438, 23.90737266777028225, 2.761766473724016624 ) ) ;
#984 = CARTESIAN_POINT ( 'NONE',  ( -33.63694301955145960, 21.58129791787080265, 6.347337080389659825 ) ) ;
#985 = CARTESIAN_POINT ( 'NONE',  ( 25.76829006008228262, 20.70261271637489386, -7.438689941485851165 ) ) ;
#986 = CARTESIAN_POINT ( 'NONE',  ( 0.000000000000000000, 20.00000000000000000, 0.000000000000000000 ) ) ;
#987 = ORIENTED_EDGE ( 'NONE', *, *, #876, .F. ) ;
#988 = CALENDAR_DATE ( 2026, 12, 9 ) ;
#989 = EDGE_LOOP ( 'NONE', ( #208, #1755, #815, #91 ) ) ;
#990 = CARTESIAN_POINT ( 'NONE',  ( -34.02305036472272803, 22.77659677788992454, 5.521409304850431354 ) ) ;
#991 = CARTESIAN_POINT ( 'NONE',  ( 26.79015127931191032, 22.73928102792138617, 3.195600947388073099 ) ) ;
#992 = CARTESIAN_POINT ( 'NONE',  ( -33.22138110895324559, 20.40337550736050787, 8.024978780010789237 ) ) ;
#993 = EDGE_CURVE ( 'NONE', #1824, #837, #157, .T. ) ;
#994 = CARTESIAN_POINT ( 'NONE',  ( 25.20504777662312179, 21.62903159898341343, -6.306227543178068551 ) ) ;
#995 = PLANE ( 'NONE',  #1737 ) ;
#996 = EDGE_LOOP ( 'NONE', ( #961, #599, #968, #1271 ) ) ;
#997 = VERTEX_POINT ( 'NONE', #307 ) ;
#998 = CARTESIAN_POINT ( 'NONE',  ( 26.73330801521917266, 19.99999999999999645, 7.520497941585596813 ) ) ;
#999 = CARTESIAN_POINT ( 'NONE',  ( -34.64854121788252428, 25.00000000000000000, 5.000000000000000000 ) ) ;
#1001 = CIRCLE ( 'NONE', #1035, 100.0000000000000000 ) ;
#1000 = CARTESIAN_POINT ( 'NONE',  ( 28.49762323953342147, 18.49638761598344416, 9.276852449342039009 ) ) ;
#1002 = CARTESIAN_POINT ( 'NONE',  ( -33.07696792283201859, 20.01569423773774048, 10.39584854209561549 ) ) ;
#1003 = AXIS2_PLACEMENT_3D ( 'NONE', #442, #887, #131 ) ;
#1004 = CARTESIAN_POINT ( 'NONE',  ( 26.19039034589251713, 20.02249819278079812, -9.517901632894533392 ) ) ;
#1005 = VERTEX_POINT ( 'NONE', #1432 ) ;
#1006 = EDGE_LOOP ( 'NONE', ( #145, #1458, #2, #70 ) ) ;
#1007 = DIRECTION ( 'NONE',  ( -0.000000000000000000, -1.000000000000000000, -0.000000000000000000 ) ) ;
#1008 = FACE_OUTER_BOUND ( 'NONE', #1006, .T. ) ;
#1009 = CARTESIAN_POINT ( 'NONE',  ( -36.03297143127846880, 19.13334645920442512, -4.699635971172820170 ) ) ;
#1010 = CARTESIAN_POINT ( 'NONE',  ( -35.43038572714977619, 20.00000000000000355, -4.961879089557649891 ) ) ;
#1011 = CARTESIAN_POINT ( 'NONE',  ( -36.82421417352791337, 22.95387854204206590, -2.659050274569446426 ) ) ;
#1012 = CARTESIAN_POINT ( 'NONE',  ( 26.14012906708962802, 20.10288635897512677, -8.986982852113191811 ) ) ;
#1013 = ORIENTED_EDGE ( 'NONE', *, *, #1814, .F. ) ;
#1014 = DIRECTION ( 'NONE',  ( 0.000000000000000000, 0.000000000000000000, -1.000000000000000000 ) ) ;
#1015 = ADVANCED_FACE ( 'NONE', ( #1016 ), #1189, .F. ) ;
#1016 = FACE_OUTER_BOUND ( 'NONE', #1668, .T. ) ;
#1017 = B_SPLINE_CURVE_WITH_KNOTS ( 'NONE', 3,
 ( #1759, #768, #452, #1029 ),
 .UNSPECIFIED., .F., .F.,
 ( 4, 4 ),
 ( 0.000000000000000000, 1.000000000000000000 ),
 .UNSPECIFIED. ) ;
#1018 = CARTESIAN_POINT ( 'NONE',  ( -33.88837570216663408, 22.34729954207653790, 5.761396812334734996 ) ) ;
#1019 = CARTESIAN_POINT ( 'NONE',  ( 26.20628878347618240, 19.99710326705799801, 10.05075474663181723 ) ) ;
#1020 = CYLINDRICAL_SURFACE ( 'NONE', #5, 75.00000000000001421 ) ;
#1021 = CARTESIAN_POINT ( 'NONE',  ( -36.59756454291673577, 21.77893774649337644, -3.004198795978367365 ) ) ;
#1022 = CARTESIAN_POINT ( 'NONE',  ( -34.38791074700046835, 24.02097009877346068, -5.096784683900237312 ) ) ;
#1023 = CARTESIAN_POINT ( 'NONE',  ( 25.79288167517520947, 20.66276029493218402, -7.510800397232390679 ) ) ;
#1024 = EDGE_LOOP ( 'NONE', ( #1545, #257, #699, #1726 ) ) ;
#1025 = CARTESIAN_POINT ( 'NONE',  ( 0.000000000000000000, 100.0000000000000000, 2.499999999999970246 ) ) ;
#1026 = CARTESIAN_POINT ( 'NONE',  ( 27.26002213034788824, 19.99999999999999289, 6.441598382119161137 ) ) ;
#1027 = EDGE_CURVE ( 'NONE', #1394, #287, #1833, .T. ) ;
#1028 = APPROVAL ( #1448, 'UNSPECIFIED' ) ;
#1029 = CARTESIAN_POINT ( 'NONE',  ( 25.61342954111463754, 25.86036289241750197, 2.499999999999970246 ) ) ;
#1030 = CARTESIAN_POINT ( 'NONE',  ( -35.73505535186995274, 17.86174711510611957, -6.341247155589878837 ) ) ;
#1031 = CARTESIAN_POINT ( 'NONE',  ( 27.19120757394201249, 19.99999999999999289, -6.567129378597157618 ) ) ;
#1032 = CARTESIAN_POINT ( 'NONE',  ( 28.50134623417191193, 18.48746601617606800, -10.60820760927472861 ) ) ;
#1033 = CARTESIAN_POINT ( 'NONE',  ( -34.11885271340783987, 23.09119919756155070, -5.378690896714934055 ) ) ;
#1034 = CIRCLE ( 'NONE', #1367, 5.000000000000001776 ) ;
#1035 = AXIS2_PLACEMENT_3D ( 'NONE', #1641, #778, #364 ) ;
#1036 = CARTESIAN_POINT ( 'NONE',  ( 25.67990807280754240, 20.84662770014156052, -7.214868059647404408 ) ) ;
#1037 = AXIS2_PLACEMENT_3D ( 'NONE', #49, #900, #183 ) ;
#1038 = EDGE_LOOP ( 'NONE', ( #797, #1102 ) ) ;
#1039 = CARTESIAN_POINT ( 'NONE',  ( 26.83464233719696068, 20.00000000000000000, 7.283989304455395164 ) ) ;
#1040 = DIRECTION ( 'NONE',  ( -0.000000000000000000, -0.000000000000000000, 1.000000000000000000 ) ) ;
#1041 = CARTESIAN_POINT ( 'NONE',  ( -35.15696880120946588, 20.00000000000000355, -5.319891960888534221 ) ) ;
#1042 = CARTESIAN_POINT ( 'NONE',  ( 25.61342954111471215, 25.86036289241735631, -2.500000000000053291 ) ) ;
#1043 = CARTESIAN_POINT ( 'NONE',  ( -33.59642742016163197, 21.46254958016036340, -6.466367237705193283 ) ) ;
#1044 = CARTESIAN_POINT ( 'NONE',  ( -33.37609726280064137, 20.00000000000000355, 8.351951128090760790 ) ) ;
#1045 = CARTESIAN_POINT ( 'NONE',  ( -33.35562425527876229, 20.77355394571855030, -7.327867891881903795 ) ) ;
#1046 = CARTESIAN_POINT ( 'NONE',  ( -33.41752211691726160, 20.00000000000001421, -8.240125545534375817 ) ) ;
#1047 = DIRECTION ( 'NONE',  ( -0.000000000000000000, -0.000000000000000000, -1.000000000000000000 ) ) ;
#1048 = DIRECTION ( 'NONE',  ( 1.000000000000000000, 0.000000000000000000, 0.000000000000000000 ) ) ;
#1049 = CARTESIAN_POINT ( 'NONE',  ( -33.96407375254131011, 22.58686205730059271, -5.620776741268503685 ) ) ;
#1050 = EDGE_CURVE ( 'NONE', #1113, #277, #1371, .T. ) ;
#1051 = CARTESIAN_POINT ( 'NONE',  ( -35.81748115559213375, 19.99999999999999289, 4.467069720775281638 ) ) ;
#1052 = DATE_AND_TIME ( #1802, #1279 ) ;
#1053 = CARTESIAN_POINT ( 'NONE',  ( -33.10194508141976399, 20.08204885018753316, -9.096961432023425331 ) ) ;
#1054 = FACE_OUTER_BOUND ( 'NONE', #1843, .T. ) ;
#1055 = DIRECTION ( 'NONE',  ( 0.000000000000000000, 0.000000000000000000, 1.000000000000000000 ) ) ;
#1056 = CARTESIAN_POINT ( 'NONE',  ( 27.99413387429890676, 19.71564770906522668, -5.822302089471099507 ) ) ;
#1057 = CARTESIAN_POINT ( 'NONE',  ( -34.38880242252636066, 24.02417669326622018, -5.096144338350519831 ) ) ;
#1058 = CARTESIAN_POINT ( 'NONE',  ( 26.02563692915975935, 24.74644033015226086, 2.580152167623102066 ) ) ;
#1059 = CIRCLE ( 'NONE', #1154, 180.0000000000000000 ) ;
#1060 = AXIS2_PLACEMENT_3D ( 'NONE', #1067, #78, #1099 ) ;
#1061 = CARTESIAN_POINT ( 'NONE',  ( -36.21104727715782445, 19.93222130812013049, -4.023889312218669190 ) ) ;
#1062 = VECTOR ( 'NONE', #382, 1000.000000000000000 ) ;
#1063 = CARTESIAN_POINT ( 'NONE',  ( 25.96208769480469769, 20.38896755139601780, 8.066083499441109694 ) ) ;
#1064 = CARTESIAN_POINT ( 'NONE',  ( 12.11839158167712860, 87.80649114647421527, -5.000000000000000000 ) ) ;
#1065 = CARTESIAN_POINT ( 'NONE',  ( 25.97869577114211737, 24.87222747481158436, -2.563009589515905073 ) ) ;
#1066 = CARTESIAN_POINT ( 'NONE',  ( -33.12075601857856810, 20.13221062314004328, 8.857077001044846298 ) ) ;
#1067 = CARTESIAN_POINT ( 'NONE',  ( 0.000000000000000000, 100.0000000000000000, -5.000000000000000000 ) ) ;
#1068 = CARTESIAN_POINT ( 'NONE',  ( 26.43524701827207224, 23.66203882223511101, 2.833144517267045082 ) ) ;
#1069 = EDGE_LOOP ( 'NONE', ( #952, #958, #1449, #518 ) ) ;
#1070 = CARTESIAN_POINT ( 'NONE',  ( -35.91153272124821427, 18.60596720389812475, -5.270653772876694454 ) ) ;
#1071 = EDGE_CURVE ( 'NONE', #349, #1080, #1345, .T. ) ;
#1072 = CARTESIAN_POINT ( 'NONE',  ( 27.87823517535992224, 20.00000000000000355, 5.423371796749206553 ) ) ;
#1073 = CARTESIAN_POINT ( 'NONE',  ( 0.000000000000000000, 20.00000000000000000, 0.000000000000000000 ) ) ;
#1074 = CARTESIAN_POINT ( 'NONE',  ( 28.36653053995263463, 18.81136270254674514, -7.710657889773275819 ) ) ;
#1075 = CARTESIAN_POINT ( 'NONE',  ( -33.61728173362109118, 21.52383899386521549, 6.405990360437734843 ) ) ;
#1076 = FACE_OUTER_BOUND ( 'NONE', #715, .T. ) ;
#1077 = CARTESIAN_POINT ( 'NONE',  ( 0.000000000000000000, 20.00000000000000000, 0.000000000000000000 ) ) ;
#1078 = CARTESIAN_POINT ( 'NONE',  ( 27.30805553875170943, 21.41924343159294253, 4.000377833960398810 ) ) ;
#1079 = EDGE_CURVE ( 'NONE', #1581, #1824, #66, .T. ) ;
#1080 = VERTEX_POINT ( 'NONE', #1173 ) ;
#1081 = CARTESIAN_POINT ( 'NONE',  ( -33.09077778976374873, 20.05234406616225584, -9.273167877088896560 ) ) ;
#1082 = ORIENTED_EDGE ( 'NONE', *, *, #161, .T. ) ;
#1083 = CARTESIAN_POINT ( 'NONE',  ( 26.02041177648370507, 20.29498624481788127, 8.304313681560952176 ) ) ;
#1084 = EDGE_CURVE ( 'NONE', #673, #287, #1603, .T. ) ;
#1085 = DIRECTION ( 'NONE',  ( -0.7071067811865514585, 0.000000000000000000, -0.7071067811865435759 ) ) ;
#1086 = CARTESIAN_POINT ( 'NONE',  ( -33.55985124053425039, 21.35513984710534530, 6.572918786813123582 ) ) ;
#1087 = CARTESIAN_POINT ( 'NONE',  ( 24.35871492427659746, 23.06386412936807417, 5.389989372781628596 ) ) ;
#1088 = CARTESIAN_POINT ( 'NONE',  ( -35.62494370185048354, 17.40996763265704672, 7.276257623741389402 ) ) ;
#1089 = CARTESIAN_POINT ( 'NONE',  ( 27.87823517535992224, 20.00000000000000355, 5.423371796749206553 ) ) ;
#1090 = CARTESIAN_POINT ( 'NONE',  ( 25.62625437728246425, 20.93427996966766713, -7.089620210261296407 ) ) ;
#1091 = ORIENTED_EDGE ( 'NONE', *, *, #1532, .T. ) ;
#1092 = CARTESIAN_POINT ( 'NONE',  ( -36.82506328186642008, 22.94594410368210546, 2.628255174770399716 ) ) ;
#1093 = ORIENTED_EDGE ( 'NONE', *, *, #931, .T. ) ;
#1094 = VECTOR ( 'NONE', #1509, 1000.000000000000000 ) ;
#1095 = VECTOR ( 'NONE', #1007, 1000.000000000000000 ) ;
#1096 = CARTESIAN_POINT ( 'NONE',  ( 12.47553792190234212, 99.21836481708167810, 5.000000000000000000 ) ) ;
#1097 = AXIS2_PLACEMENT_3D ( 'NONE', #806, #1533, #228 ) ;
#1098 = CARTESIAN_POINT ( 'NONE',  ( 24.54150254339455373, 22.74928013090799439, 5.534503663650612637 ) ) ;
#1099 = DIRECTION ( 'NONE',  ( -1.000000000000000000, 0.000000000000000000, 0.000000000000000000 ) ) ;
#1100 = CARTESIAN_POINT ( 'NONE',  ( 23.99105326898667911, 23.70415091769361737, -5.168205551350330218 ) ) ;
#1101 = CARTESIAN_POINT ( 'NONE',  ( 25.79633584591625706, 25.36306045703394929, 2.512790051161859939 ) ) ;
#1102 = ORIENTED_EDGE ( 'NONE', *, *, #1352, .F. ) ;
#1103 = CARTESIAN_POINT ( 'NONE',  ( -33.22138110895335217, 20.40337550736051142, -8.024978780010789237 ) ) ;
#1104 = ORIENTED_EDGE ( 'NONE', *, *, #296, .F. ) ;
#1105 = CARTESIAN_POINT ( 'NONE',  ( -33.60425284556269787, 21.48552273083573994, 6.443517708896378871 ) ) ;
#1106 = CARTESIAN_POINT ( 'NONE',  ( 24.39884564023052604, 22.99456445564499774, 5.419449466346239142 ) ) ;
#1107 = DIRECTION ( 'NONE',  ( 1.000000000000000000, 0.000000000000000000, 0.000000000000000000 ) ) ;
#1108 = ADVANCED_FACE ( 'NONE', ( #700 ), #99, .T. ) ;
#1109 = CC_DESIGN_PERSON_AND_ORGANIZATION_ASSIGNMENT ( #266, #1430, ( #760 ) ) ;
#1110 = CARTESIAN_POINT ( 'NONE',  ( 25.21028330109245630, 21.62033632502798142, -6.314826239483857684 ) ) ;
#1111 = EDGE_LOOP ( 'NONE', ( #530, #229 ) ) ;
#1112 = CARTESIAN_POINT ( 'NONE',  ( -33.40394941359966907, 20.90879841498347602, -7.120512912726807642 ) ) ;
#1113 = VERTEX_POINT ( 'NONE', #1150 ) ;
#1114 = CARTESIAN_POINT ( 'NONE',  ( 24.04208259541385573, 23.61451103305295618, 5.195128937006008307 ) ) ;
#1115 = CARTESIAN_POINT ( 'NONE',  ( 24.71948903912116435, 22.44543111787524481, 5.698569816661562371 ) ) ;
#1116 = CARTESIAN_POINT ( 'NONE',  ( -33.07323171541445106, 20.00579250329715464, 9.703752531552186866 ) ) ;
#1117 = CARTESIAN_POINT ( 'NONE',  ( 25.94175431325968617, 20.42176933506230441, -7.989623540158270032 ) ) ;
#1118 = DIRECTION ( 'NONE',  ( -0.000000000000000000, -0.000000000000000000, -1.000000000000000000 ) ) ;
#1119 = CARTESIAN_POINT ( 'NONE',  ( -35.49433742512970724, 16.88545047318984160, -10.07396485766937211 ) ) ;
#1120 = ORIENTED_EDGE ( 'NONE', *, *, #1506, .F. ) ;
#1121 = CIRCLE ( 'NONE', #1549, 180.0000000000000000 ) ;
#1122 = CONICAL_SURFACE ( 'NONE', #308, 7.499999999999978684, 0.7853981633974469467 ) ;
#1123 = CARTESIAN_POINT ( 'NONE',  ( -34.03363744070221486, 22.81094832764806668, 5.504480052471183882 ) ) ;
#1124 = AXIS2_PLACEMENT_3D ( 'NONE', #167, #22, #144 ) ;
#1125 = CARTESIAN_POINT ( 'NONE',  ( 24.32461247417285577, 23.12275245514335253, 5.365015017942255326 ) ) ;
#1126 = CARTESIAN_POINT ( 'NONE',  ( -34.42353673996544927, 24.14859259948146075, 5.070087229212395741 ) ) ;
#1127 = CIRCLE ( 'NONE', #1215, 15.00000000000000000 ) ;
#1128 = CYLINDRICAL_SURFACE ( 'NONE', #1620, 180.0000000000000000 ) ;
#1129 = DIRECTION ( 'NONE',  ( 1.000000000000000000, 0.000000000000000000, 0.000000000000000000 ) ) ;
#1130 = VERTEX_POINT ( 'NONE', #1767 ) ;
#1131 = COORDINATED_UNIVERSAL_TIME_OFFSET ( 5, 30, .AHEAD. ) ;
#1132 = EDGE_LOOP ( 'NONE', ( #775, #1400, #563, #658 ) ) ;
#1133 = ADVANCED_FACE ( 'NONE', ( #15 ), #1322, .T. ) ;
#1134 = CARTESIAN_POINT ( 'NONE',  ( -34.50677354489227611, 24.45656287192807810, 5.028954014367524650 ) ) ;
#1135 = CARTESIAN_POINT ( 'NONE',  ( 27.59983179575710466, 20.68860570434180701, 4.636110040874539706 ) ) ;
#1136 = CARTESIAN_POINT ( 'NONE',  ( -33.10760904088128598, 20.09713564860368606, 9.015332440771688383 ) ) ;
#1137 = CARTESIAN_POINT ( 'NONE',  ( -33.14857555730760197, 20.00000000000000000, 9.178137726348756686 ) ) ;
#1138 = EDGE_CURVE ( 'NONE', #706, #725, #739, .T. ) ;
#1139 = DIRECTION ( 'NONE',  ( -1.000000000000000000, 0.000000000000000000, 0.000000000000000000 ) ) ;
#1140 = DIRECTION ( 'NONE',  ( 1.000000000000000000, 0.000000000000000000, 0.000000000000000000 ) ) ;
#1141 = VERTEX_POINT ( 'NONE', #324 ) ;
#1142 = DIRECTION ( 'NONE',  ( -1.000000000000000000, 0.000000000000000000, 0.000000000000000000 ) ) ;
#1143 = CARTESIAN_POINT ( 'NONE',  ( -34.06734011728917011, 22.92083347981009567, 5.452071474534064599 ) ) ;
#1144 = CARTESIAN_POINT ( 'NONE',  ( 28.51024841272527510, 18.46613378505164604, 10.34227134269875314 ) ) ;
#1145 = CARTESIAN_POINT ( 'NONE',  ( -33.11437060937416277, 20.11516415184841478, 8.929472302332470690 ) ) ;
#1146 = CARTESIAN_POINT ( 'NONE',  ( 23.35895407428092696, 24.83118338773067890, -5.000004970256805237 ) ) ;
#1147 = CARTESIAN_POINT ( 'NONE',  ( 10.00000000000000000, 99.61507075500942676, 10.00000000000000000 ) ) ;
#1148 = ORIENTED_EDGE ( 'NONE', *, *, #1426, .T. ) ;
#1149 = ORIENTED_EDGE ( 'NONE', *, *, #75, .F. ) ;
#1150 = CARTESIAN_POINT ( 'NONE',  ( 12.47553792190240074, 99.21836481708167810, -5.000000000000000000 ) ) ;
#1151 = AXIS2_PLACEMENT_3D ( 'NONE', #417, #1706, #853 ) ;
#1152 = CARTESIAN_POINT ( 'NONE',  ( -34.00092821133635113, 22.70512391600772872, 5.557699245958002798 ) ) ;
#1154 = AXIS2_PLACEMENT_3D ( 'NONE', #463, #1040, #177 ) ;
#1153 = CARTESIAN_POINT ( 'NONE',  ( 28.50913057979702003, 18.46881438897841221, 9.676619546782914583 ) ) ;
#1155 = DIRECTION ( 'NONE',  ( 1.000000000000000000, 0.000000000000000000, 0.000000000000000000 ) ) ;
#1156 = CARTESIAN_POINT ( 'NONE',  ( -33.90537848242249908, 22.39994030405656389, 5.725823061651135859 ) ) ;
#1157 = AXIS2_PLACEMENT_3D ( 'NONE', #583, #432, #1142 ) ;
#1158 = AXIS2_PLACEMENT_3D ( 'NONE', #1234, #654, #1834 ) ;
#1159 = CARTESIAN_POINT ( 'NONE',  ( 24.80380693204367049, 22.30240979066268281, -5.786746862791194879 ) ) ;
#1160 = ORIENTED_EDGE ( 'NONE', *, *, #657, .T. ) ;
#1161 = VERTEX_POINT ( 'NONE', #176 ) ;
#1162 = LINE ( 'NONE', #1301, #1095 ) ;
#1163 = CARTESIAN_POINT ( 'NONE',  ( -33.99293859552989971, 22.67941074932454626, 5.571119668172368478 ) ) ;
#1164 = CARTESIAN_POINT ( 'NONE',  ( 26.16075856611761097, 20.06987065594084285, 9.162261812323382770 ) ) ;
#1165 = CARTESIAN_POINT ( 'NONE',  ( 26.46202784968323485, 20.00000000000000355, -8.279799725408937050 ) ) ;
#1166 = CARTESIAN_POINT ( 'NONE',  ( 27.73130376526021834, 20.36209552155749591, -4.974264935341927263 ) ) ;
#1167 = CARTESIAN_POINT ( 'NONE',  ( -34.25588365623580245, 23.55562874711725030, -5.213164671294877373 ) ) ;
#1168 = EDGE_CURVE ( 'NONE', #1826, #1394, #1356, .T. ) ;
#1169 = CARTESIAN_POINT ( 'NONE',  ( 25.31681673573900326, 21.44346490323172105, -6.484547786710487038 ) ) ;
#1170 = EDGE_CURVE ( 'NONE', #101, #1130, #1740, .T. ) ;
#1171 = ORIENTED_EDGE ( 'NONE', *, *, #1623, .T. ) ;
#1172 = CALENDAR_DATE ( 2026, 12, 9 ) ;
#1173 = CARTESIAN_POINT ( 'NONE',  ( 23.26613840166244529, 25.00000000000000000, -5.000000000000000000 ) ) ;
#1174 = CARTESIAN_POINT ( 'NONE',  ( -33.18137205303489878, 19.99999999999999645, -9.017303365661522463 ) ) ;
#1175 = CARTESIAN_POINT ( 'NONE',  ( -37.02247306682353667, 24.05268792744830364, -2.513403841238549319 ) ) ;
#1176 = CARTESIAN_POINT ( 'NONE',  ( 27.87823517535992224, 20.00000000000000355, -5.423371796751679241 ) ) ;
#1177 = CARTESIAN_POINT ( 'NONE',  ( 0.000000000000000000, 99.61507075500942676, 7.499999999999971578 ) ) ;
#1178 = CARTESIAN_POINT ( 'NONE',  ( -33.44857479450509885, 21.03507845344369187, -6.949430033311895905 ) ) ;
#1179 = CARTESIAN_POINT ( 'NONE',  ( 26.20319086871210956, 20.00204884409536277, -10.22818089513249440 ) ) ;
#1180 = EDGE_LOOP ( 'NONE', ( #1812, #294, #1171, #265, #580 ) ) ;
#1181 = CARTESIAN_POINT ( 'NONE',  ( 26.98314141034809666, 20.00000000000000000, 6.962400462881888963 ) ) ;
#1182 = CARTESIAN_POINT ( 'NONE',  ( 194.6183915816770877, 87.80649114647421527, 2.499999999999970246 ) ) ;
#1183 = DIRECTION ( 'NONE',  ( -0.000000000000000000, -0.000000000000000000, 1.000000000000000000 ) ) ;
#1184 = CARTESIAN_POINT ( 'NONE',  ( 26.12834166311127149, 24.47255826168820292, -2.627771042628864073 ) ) ;
#1185 = CARTESIAN_POINT ( 'NONE',  ( -34.33902130888372284, 23.84643395652864939, -5.134721719805842355 ) ) ;
#1186 = VECTOR ( 'NONE', #1795, 1000.000000000000000 ) ;
#1187 = AXIS2_PLACEMENT_3D ( 'NONE', #1729, #141, #1453 ) ;
#1188 = CARTESIAN_POINT ( 'NONE',  ( -34.15699974967164820, 19.99999999999999645, 6.773055935730672772 ) ) ;
#1189 = CONICAL_SURFACE ( 'NONE', #1308, 182.5000000000000568, 0.7853981633974538301 ) ;
#1190 = CARTESIAN_POINT ( 'NONE',  ( 26.34276857241869507, 20.00000000000000000, 8.741479322474672742 ) ) ;
#1191 = FACE_OUTER_BOUND ( 'NONE', #846, .T. ) ;
#1192 = EDGE_CURVE ( 'NONE', #137, #1394, #1651, .T. ) ;
#1193 = DIRECTION ( 'NONE',  ( 0.000000000000000000, 0.000000000000000000, -1.000000000000000000 ) ) ;
#1194 = CARTESIAN_POINT ( 'NONE',  ( -36.22579184107239314, 20.00000000000000000, -3.975707320348563112 ) ) ;
#1195 = CARTESIAN_POINT ( 'NONE',  ( -33.79408717226806402, 22.05500532120203161, -5.959101915387316595 ) ) ;
#1196 = CARTESIAN_POINT ( 'NONE',  ( -35.10274830348009800, 19.99999999999999645, 5.392154258319386884 ) ) ;
#1197 = CARTESIAN_POINT ( 'NONE',  ( 26.24873527895134373, 20.00000000000000000, 9.179238610009376131 ) ) ;
#1198 = CARTESIAN_POINT ( 'NONE',  ( 0.000000000000000000, 99.61507075500942676, 10.00000000000000000 ) ) ;
#1199 = DIRECTION ( 'NONE',  ( 0.000000000000000000, 1.000000000000000000, 0.000000000000000000 ) ) ;
#1200 = CARTESIAN_POINT ( 'NONE',  ( 26.25128635998741800, 24.14657994056925006, -2.699790625799828092 ) ) ;
#1201 = CARTESIAN_POINT ( 'NONE',  ( -34.23204194248391730, 23.47356955538445433, -5.238619594343076002 ) ) ;
#1202 = CARTESIAN_POINT ( 'NONE',  ( -33.34517226325809247, 20.00000000000000000, 8.439538715513380751 ) ) ;
#1203 = APPROVAL_STATUS ( 'not_yet_approved' ) ;
#1204 = CARTESIAN_POINT ( 'NONE',  ( -36.14252854685438621, 19.62139639861645435, -4.266380363793013331 ) ) ;
#1205 = CARTESIAN_POINT ( 'NONE',  ( -33.34130029919116112, 20.00000000000000355, -8.445751951500634291 ) ) ;
#1206 = CARTESIAN_POINT ( 'NONE',  ( 0.000000000000000000, 99.61507075500942676, 10.00000000000000000 ) ) ;
#1207 = CARTESIAN_POINT ( 'NONE',  ( 27.63601639116272679, 20.59863973555496486, -4.726821680065492970 ) ) ;
#1208 = CARTESIAN_POINT ( 'NONE',  ( 15.00000000000000000, 100.0000000000000000, -2.500000000000053291 ) ) ;
#1209 = DIRECTION ( 'NONE',  ( 0.000000000000000000, 0.000000000000000000, 1.000000000000000000 ) ) ;
#1210 = CARTESIAN_POINT ( 'NONE',  ( -34.12635834366925280, 19.99999999999998934, 6.823414370046266164 ) ) ;
#1211 = EDGE_CURVE ( 'NONE', #826, #1292, #1555, .T. ) ;
#1212 = VERTEX_POINT ( 'NONE', #1397 ) ;
#1213 = AXIS2_PLACEMENT_3D ( 'NONE', #1624, #170, #1285 ) ;
#1214 = CARTESIAN_POINT ( 'NONE',  ( -36.56777043318689380, 21.63348530900971411, -3.071640579625360967 ) ) ;
#1215 = AXIS2_PLACEMENT_3D ( 'NONE', #1025, #410, #1611 ) ;
#1216 = CARTESIAN_POINT ( 'NONE',  ( 26.18286762585274374, 20.03448464640571203, 9.407649064721594456 ) ) ;
#1217 = LINE ( 'NONE', #1661, #818 ) ;
#1218 = CARTESIAN_POINT ( 'NONE',  ( 27.37134244114595916, 21.25999546279910746, -4.125400088255313236 ) ) ;
#1219 = EDGE_CURVE ( 'NONE', #420, #1161, #790, .T. ) ;
#1220 = CARTESIAN_POINT ( 'NONE',  ( -33.80456933176374434, 22.08642512737843333, 5.932601093430628580 ) ) ;
#1221 = CARTESIAN_POINT ( 'NONE',  ( 25.75401682401929193, 20.72586819497138677, 7.403017815145691571 ) ) ;
#1222 = FACE_BOUND ( 'NONE', #1311, .T. ) ;
#1223 = CARTESIAN_POINT ( 'NONE',  ( 26.33379240165904278, 23.92864891617408674, 2.754680104817571529 ) ) ;
#1224 = EDGE_CURVE ( 'NONE', #1403, #673, #1841, .T. ) ;
#1225 = ORIENTED_EDGE ( 'NONE', *, *, #945, .T. ) ;
#1226 = CARTESIAN_POINT ( 'NONE',  ( -36.35112685627970563, 20.58188652612898650, -3.588734592476952034 ) ) ;
#1227 = ORIENTED_EDGE ( 'NONE', *, *, #1452, .T. ) ;
#1228 = FACE_OUTER_BOUND ( 'NONE', #1132, .T. ) ;
#1229 = FACE_OUTER_BOUND ( 'NONE', #1554, .T. ) ;
#1230 = CARTESIAN_POINT ( 'NONE',  ( -33.69654869835679278, 21.75915511436532768, 6.191640278833558497 ) ) ;
#1231 = FACE_OUTER_BOUND ( 'NONE', #1284, .T. ) ;
#1232 = FACE_OUTER_BOUND ( 'NONE', #1447, .T. ) ;
#1233 = CARTESIAN_POINT ( 'NONE',  ( 24.50005409592675676, 22.82015814644507401, -5.497347522871481651 ) ) ;
#1234 = CARTESIAN_POINT ( 'NONE',  ( 0.000000000000000000, 15.00000000000000000, 0.000000000000000000 ) ) ;
#1235 = ORIENTED_EDGE ( 'NONE', *, *, #1170, .F. ) ;
#1236 = CARTESIAN_POINT ( 'NONE',  ( -34.60457361009273569, 24.82716787454000951, -5.000005487064067111 ) ) ;
#1237 = VERTEX_POINT ( 'NONE', #661 ) ;
#1238 = CARTESIAN_POINT ( 'NONE',  ( -33.11096524197959923, 20.10608953188186021, 8.974637721345002817 ) ) ;
#1239 = CARTESIAN_POINT ( 'NONE',  ( 25.39375658766186206, 21.31616756411451874, 6.617463077350686618 ) ) ;
#1240 = CARTESIAN_POINT ( 'NONE',  ( -0.000000000000000000, 25.00000000000000000, -5.000000000000000000 ) ) ;
#1241 = CARTESIAN_POINT ( 'NONE',  ( 23.57475821157714790, 24.44279891686290895, -5.030512364869060171 ) ) ;
#1242 = AXIS2_PLACEMENT_3D ( 'NONE', #553, #275, #1129 ) ;
#1243 = CARTESIAN_POINT ( 'NONE',  ( 26.09853261393132229, 20.16951157422572294, -8.704427933585549226 ) ) ;
#1244 = ORIENTED_EDGE ( 'NONE', *, *, #1757, .F. ) ;
#1245 = AXIS2_PLACEMENT_3D ( 'NONE', #603, #749, #612 ) ;
#1246 = CARTESIAN_POINT ( 'NONE',  ( 12.47553792190234212, 99.21836481708167810, 5.000000000000000000 ) ) ;
#1247 = VERTEX_POINT ( 'NONE', #630 ) ;
#1248 = AXIS2_PLACEMENT_3D ( 'NONE', #295, #1758, #1582 ) ;
#1249 = TOROIDAL_SURFACE ( 'NONE', #1158, 70.00000000000000000, 5.000000000000000000 ) ;
#1250 = DIRECTION ( 'NONE',  ( -0.000000000000000000, -0.000000000000000000, -1.000000000000000000 ) ) ;
#1251 = EDGE_CURVE ( 'NONE', #1610, #1826, #487, .T. ) ;
#1252 = CARTESIAN_POINT ( 'NONE',  ( 24.85211126236577073, 22.22093630469636594, 5.843366594210916531 ) ) ;
#1253 = DIRECTION ( 'NONE',  ( 0.000000000000000000, 1.000000000000000000, 0.000000000000000000 ) ) ;
#1254 = CARTESIAN_POINT ( 'NONE',  ( 25.55405488984460405, 21.05242573441307385, -6.929515973553233010 ) ) ;
#1255 = EDGE_LOOP ( 'NONE', ( #267, #418, #537, #84 ) ) ;
#1256 = CARTESIAN_POINT ( 'NONE',  ( -35.49614723252467030, 16.89263310296159304, -10.33362056881881585 ) ) ;
#1257 = EDGE_LOOP ( 'NONE', ( #1082, #1835, #717, #1148, #1160, #241 ) ) ;
#1258 = CARTESIAN_POINT ( 'NONE',  ( 25.53979306176390196, 21.07572012454081545, 6.897300787749157003 ) ) ;
#1259 = CARTESIAN_POINT ( 'NONE',  ( 27.93454773714732653, 19.86164279726797588, 5.609597839446972323 ) ) ;
#1260 = CARTESIAN_POINT ( 'NONE',  ( -36.92963381958853830, 23.53070725474274028, 2.565967064504395712 ) ) ;
#1261 = CARTESIAN_POINT ( 'NONE',  ( 26.12887721870252022, 20.12090397128881492, -8.906316785986794216 ) ) ;
#1262 = FACE_OUTER_BOUND ( 'NONE', #544, .T. ) ;
#1263 = CARTESIAN_POINT ( 'NONE',  ( -33.70199513073256981, 21.77562172117237438, -6.177586909196002729 ) ) ;
#1264 = ORIENTED_EDGE ( 'NONE', *, *, #1789, .T. ) ;
#1265 = CARTESIAN_POINT ( 'NONE',  ( -34.45002835616561754, 24.24657006137003989, 5.056906428369103423 ) ) ;
#1266 = CARTESIAN_POINT ( 'NONE',  ( 26.87694289001901282, 22.51590312127810023, 3.305598911372257032 ) ) ;
#1267 = CARTESIAN_POINT ( 'NONE',  ( -34.28356058623954539, 23.65052768847492004, 5.182511449540704085 ) ) ;
#1268 = CARTESIAN_POINT ( 'NONE',  ( 5.000000000000001776, 100.0000000000000000, -5.000000000000000000 ) ) ;
#1269 = EDGE_CURVE ( 'NONE', #1080, #1394, #642, .T. ) ;
#1270 = DATE_TIME_ROLE ( 'creation_date' ) ;
#1271 = ORIENTED_EDGE ( 'NONE', *, *, #555, .F. ) ;
#1272 = AXIS2_PLACEMENT_3D ( 'NONE', #1438, #136, #1717 ) ;
#1273 = CONICAL_SURFACE ( 'NONE', #1187, 15.00000000000000000, 0.7853981633974541632 ) ;
#1274 = CARTESIAN_POINT ( 'NONE',  ( 194.6183915816770877, 87.80649114647421527, -2.500000000000053291 ) ) ;
#1275 = CIRCLE ( 'NONE', #1522, 12.49999999999996625 ) ;
#1276 = CARTESIAN_POINT ( 'NONE',  ( 27.41046822250349990, 21.16175237003289666, 4.205854211292615830 ) ) ;
#1277 = ADVANCED_FACE ( 'NONE', ( #1222, #1232 ), #1530, .T. ) ;
#1278 = CARTESIAN_POINT ( 'NONE',  ( -36.35112685627967721, 20.58188652612896874, 3.588734592476879204 ) ) ;
#1279 = LOCAL_TIME ( 18, 24, 46.00000000000000000, #736 ) ;
#1280 = CARTESIAN_POINT ( 'NONE',  ( 26.19416504878990537, 20.01646785217016244, -10.40547173951649107 ) ) ;
#1281 = CARTESIAN_POINT ( 'NONE',  ( 0.000000000000000000, 100.0000000000000000, -5.000000000000000000 ) ) ;
#1282 = PERSON_AND_ORGANIZATION_ROLE ( 'creator' ) ;
#1283 = EDGE_CURVE ( 'NONE', #104, #14, #1774, .T. ) ;
#1284 = EDGE_LOOP ( 'NONE', ( #693, #1431, #556, #1521 ) ) ;
#1285 = DIRECTION ( 'NONE',  ( 0.000000000000000000, 0.000000000000000000, 1.000000000000000000 ) ) ;
#1286 = DIRECTION ( 'NONE',  ( -1.000000000000000000, 0.000000000000000000, 0.000000000000000000 ) ) ;
#1287 = CARTESIAN_POINT ( 'NONE',  ( 26.65740396878008767, 23.08306515486312804, 3.047522526895325878 ) ) ;
#1288 = CARTESIAN_POINT ( 'NONE',  ( -36.73900593711759655, 22.50586711754138847, 2.773767174311295491 ) ) ;
#1289 = CARTESIAN_POINT ( 'NONE',  ( -33.14197763945451669, 20.00000000000000000, 9.214136906821394746 ) ) ;
#1290 = CARTESIAN_POINT ( 'NONE',  ( -33.07104408819697028, 20.00000000000000000, -10.00000000000000000 ) ) ;
#1291 = ORIENTED_EDGE ( 'NONE', *, *, #937, .T. ) ;
#1292 = VERTEX_POINT ( 'NONE', #347 ) ;
#1293 = DIRECTION ( 'NONE',  ( -0.000000000000000000, -0.000000000000000000, -1.000000000000000000 ) ) ;
#1294 = CARTESIAN_POINT ( 'NONE',  ( -34.40099647154507068, 24.06812159744395530, 5.087585052164998345 ) ) ;
#1295 = CARTESIAN_POINT ( 'NONE',  ( 28.15728922797238454, 19.31776188427683039, 6.497916146700656093 ) ) ;
#1296 = CARTESIAN_POINT ( 'NONE',  ( -33.72414087440587593, 21.84224838026099746, 6.122366485683555126 ) ) ;
#1297 = CARTESIAN_POINT ( 'NONE',  ( 25.61342954111471215, 25.86036289241735631, -2.500000000000053291 ) ) ;
#1298 = EDGE_LOOP ( 'NONE', ( #1719, #535, #1551, #238 ) ) ;
#1299 = APPROVAL_ROLE ( '' ) ;
#1300 = ORIENTED_EDGE ( 'NONE', *, *, #126, .T. ) ;
#1301 = CARTESIAN_POINT ( 'NONE',  ( 9.184850993605150311E-15, 20.00000000000000000, 75.00000000000001421 ) ) ;
#1302 = CARTESIAN_POINT ( 'NONE',  ( -34.24899450542416446, 23.53181881015726162, 5.220340066748617502 ) ) ;
#1303 = ADVANCED_FACE ( 'NONE', ( #804 ), #1404, .T. ) ;
#1305 = CIRCLE ( 'NONE', #635, 75.00000000000001421 ) ;
#1304 = CARTESIAN_POINT ( 'NONE',  ( 25.58832617904023365, 20.99631331647495003, 7.003690806827318482 ) ) ;
#1306 = CARTESIAN_POINT ( 'NONE',  ( -35.15328262078688226, 20.00000000000000355, -5.324788332797404600 ) ) ;
#1307 = CARTESIAN_POINT ( 'NONE',  ( 28.51330389030071899, 18.45881704094190923, -10.07613211992826052 ) ) ;
#1308 = AXIS2_PLACEMENT_3D ( 'NONE', #1739, #1313, #1612 ) ;
#1309 = CC_DESIGN_APPROVAL ( #689, ( #760 ) ) ;
#1310 = CARTESIAN_POINT ( 'NONE',  ( 25.79633584591624995, 25.36306045703398837, -2.512790051161941207 ) ) ;
#1311 = EDGE_LOOP ( 'NONE', ( #528, #1374, #1602, #1738, #799, #211, #981, #139 ) ) ;
#1312 = DIRECTION ( 'NONE',  ( 1.000000000000000000, 0.000000000000000000, 0.000000000000000000 ) ) ;
#1313 = DIRECTION ( 'NONE',  ( -0.000000000000000000, -0.000000000000000000, 1.000000000000000000 ) ) ;
#1314 = CARTESIAN_POINT ( 'NONE',  ( -34.22429572604469428, 20.00000000000000000, -6.664021537349420932 ) ) ;
#1315 = CARTESIAN_POINT ( 'NONE',  ( -35.70463770255863523, 17.73610105154991601, -6.570025730151273891 ) ) ;
#1316 = CARTESIAN_POINT ( 'NONE',  ( 0.000000000000000000, 100.0000000000000000, 5.000000000000000000 ) ) ;
#1317 = DIRECTION ( 'NONE',  ( 0.000000000000000000, 0.000000000000000000, 1.000000000000000000 ) ) ;
#1318 = CARTESIAN_POINT ( 'NONE',  ( -33.98217595291552584, 22.64483707352032482, -5.589417475547906022 ) ) ;
#1319 = CARTESIAN_POINT ( 'NONE',  ( 25.04846675863859673, 21.89049238553575449, -6.083600058836819535 ) ) ;
#1320 = VERTEX_POINT ( 'NONE', #55 ) ;
#1321 = PERSON_AND_ORGANIZATION ( #378, #311 ) ;
#1322 = PLANE ( 'NONE',  #1248 ) ;
#1323 = CARTESIAN_POINT ( 'NONE',  ( -34.17349694902471668, 19.99999999999999289, -6.746134708696625459 ) ) ;
#1324 = CARTESIAN_POINT ( 'NONE',  ( 27.21091552337044561, 20.00000000000000000, -6.530901660412765430 ) ) ;
#1325 = CARTESIAN_POINT ( 'NONE',  ( -37.11334504649514088, 24.58197836604230702, -2.500000000000053291 ) ) ;
#1326 = CARTESIAN_POINT ( 'NONE',  ( -34.09641338178715841, 23.01676578113243465, -5.410035559490942170 ) ) ;
#1327 = CARTESIAN_POINT ( 'NONE',  ( -33.67779562959659501, 20.00000000000000000, 7.641573708341641513 ) ) ;
#1328 = APPROVAL_ROLE ( '' ) ;
#1329 = ADVANCED_FACE ( 'NONE', ( #915 ), #226, .F. ) ;
#1330 = CARTESIAN_POINT ( 'NONE',  ( -33.23775537984818129, 20.44806653264895147, -7.925146469539274818 ) ) ;
#1331 = CARTESIAN_POINT ( 'NONE',  ( -33.85210452995655572, 20.00000000000000355, -7.301358962997484880 ) ) ;
#1332 = CARTESIAN_POINT ( 'NONE',  ( 26.69194934070091207, 20.00000000000000000, -7.622022955053362026 ) ) ;
#1333 = CARTESIAN_POINT ( 'NONE',  ( 0.000000000000000000, 25.00000000000000000, 10.00000000000000000 ) ) ;
#1334 = CARTESIAN_POINT ( 'NONE',  ( -34.38179678359814773, 23.99899961294784134, -5.101210326277769269 ) ) ;
#1335 = VECTOR ( 'NONE', #1395, 1000.000000000000000 ) ;
#1336 = CARTESIAN_POINT ( 'NONE',  ( 25.61342954111463754, 25.86036289241750197, 2.499999999999970246 ) ) ;
#1337 = VECTOR ( 'NONE', #1517, 1000.000000000000000 ) ;
#1338 = CC_DESIGN_SECURITY_CLASSIFICATION ( #102, ( #760 ) ) ;
#1339 = CARTESIAN_POINT ( 'NONE',  ( -34.64854121788256691, 25.00000000000000000, -5.000000000000000000 ) ) ;
#1340 = DIRECTION ( 'NONE',  ( -1.000000000000000000, 0.000000000000000000, 0.000000000000000000 ) ) ;
#1341 = CARTESIAN_POINT ( 'NONE',  ( 26.68215309935478530, 19.99999999999999289, -7.646605954530903304 ) ) ;
#1342 = CARTESIAN_POINT ( 'NONE',  ( -34.55994103770291304, 24.65596121491481796, 5.008935894158895508 ) ) ;
#1343 = CARTESIAN_POINT ( 'NONE',  ( -33.56568659019912104, 21.37260259054802347, -6.558318374454158217 ) ) ;
#1344 = CARTESIAN_POINT ( 'NONE',  ( -34.51765476820678913, 19.99999999999999645, 6.205871472653599952 ) ) ;
#1345 = B_SPLINE_CURVE_WITH_KNOTS ( 'NONE', 3,
 ( #572, #451, #592, #738 ),
 .UNSPECIFIED., .F., .F.,
 ( 4, 4 ),
 ( 0.000000000000000000, 1.000000000000000000 ),
 .UNSPECIFIED. ) ;
#1346 = CARTESIAN_POINT ( 'NONE',  ( -33.20356900733975181, 20.35515995434837677, -8.149081102474204030 ) ) ;
#1347 = CARTESIAN_POINT ( 'NONE',  ( 26.14012906708963868, 20.10288635897512322, 8.986982852113186482 ) ) ;
#1348 = CARTESIAN_POINT ( 'NONE',  ( 61.47880809800907542, 41.30284372434919504, -5.000000000000000000 ) ) ;
#1349 = CARTESIAN_POINT ( 'NONE',  ( 26.26846871061655975, 20.00000000000000355, -9.134297401784040815 ) ) ;
#1350 = CARTESIAN_POINT ( 'NONE',  ( 28.29373259303898536, 18.98704008411789346, -7.215158877565038154 ) ) ;
#1351 = CARTESIAN_POINT ( 'NONE',  ( -33.07104408819690633, 20.00000000000000000, 10.00000000000000000 ) ) ;
#1352 = EDGE_CURVE ( 'NONE', #24, #837, #1712, .T. ) ;
#1353 = DIRECTION ( 'NONE',  ( -1.000000000000000000, 0.000000000000000000, 0.000000000000000000 ) ) ;
#1354 = B_SPLINE_SURFACE_WITH_KNOTS ( 'NONE', 1, 3, ( 
 ( #90, #527, #1101, #1567, #405, #283, #983, #1589, #832, #259, #1287, #991, #1266, #1424, #558, #849, #860, #1576, #1276, #695, #1721, #1135, #678, #414, #1866, #965, #1259, #271, #1855, #1435, #133, #1295, #1415, #1444, #1847, #574, #840, #121, #702, #1702, #1875, #142, #1000, #712, #1153, #566, #1144, #1730 ),
 ( #1884, #424, #1742, #1547, #252, #539, #243, #546, #821, #1407, #1125, #107, #1714, #1115, #393, #975, #1558, #114, #686, #1750, #1495, #634, #1454, #1605, #645, #1304, #1793, #71, #350, #776, #299, #8, #585, #192, #926, #18, #1650, #766, #1347, #1164, #444, #594, #1463, #877, #58, #1019, #1503, #50 ) ),
 .UNSPECIFIED., .F., .F., .F.,
 ( 2, 2 ),
 ( 4, 2, 2, 2, 2, 2, 2, 2, 2, 2, 2, 2, 2, 2, 2, 2, 2, 2, 2, 2, 2, 2, 2, 4 ),
 ( 0.000000000000000000, 1.000000000000000000 ),
 ( 0.000000000000000000, 0.0007977293116931960526, 0.001595458623386392105, 0.002393187935079588158, 0.002792052590926186184, 0.003190917246772784210, 0.003988646558465980263, 0.004786375870159176316, 0.005185240526005774342, 0.005584105181852372368, 0.005982969837698970395, 0.006381834493545568421, 0.007179563805238764473, 0.007578428461085362500, 0.007977293116931960526, 0.008376157772778558552, 0.008775022428625156579, 0.009572751740318352631, 0.01037048105201154868, 0.01076934570785814671, 0.01116821036370474474, 0.01156707501955134276, 0.01196593967539794079, 0.01276366898709113684 ),
 .UNSPECIFIED. ) ;
#1355 = CARTESIAN_POINT ( 'NONE',  ( 10.00000000000000000, 99.61507075500942676, 7.499999999999971578 ) ) ;
#1356 = B_SPLINE_CURVE_WITH_KNOTS ( 'NONE', 1,
 ( #191, #1339 ),
 .UNSPECIFIED., .F., .F.,
 ( 2, 2 ),
 ( 0.000000000000000000, 1.000000000000000000 ),
 .UNSPECIFIED. ) ;
#1357 = ORIENTED_EDGE ( 'NONE', *, *, #379, .F. ) ;
#1358 = CARTESIAN_POINT ( 'NONE',  ( -37.11334504649514088, 24.58197836604230702, -2.500000000000053291 ) ) ;
#1359 = CARTESIAN_POINT ( 'NONE',  ( 25.91240280675674867, 20.46912084946938748, 7.879248601393329388 ) ) ;
#1360 = DIRECTION ( 'NONE',  ( 1.000000000000000000, -0.000000000000000000, 1.224646799147353207E-16 ) ) ;
#1361 = CARTESIAN_POINT ( 'NONE',  ( 27.04687126573502454, 22.08100071063506675, -3.547854724997285381 ) ) ;
#1362 = LINE ( 'NONE', #62, #246 ) ;
#1363 = CARTESIAN_POINT ( 'NONE',  ( 25.27339486176044758, 21.51549796495008948, 6.414147672031632830 ) ) ;
#1364 = EDGE_CURVE ( 'NONE', #924, #1005, #198, .T. ) ;
#1365 = ADVANCED_FACE ( 'NONE', ( #1656 ), #724, .T. ) ;
#1366 = CARTESIAN_POINT ( 'NONE',  ( -35.53983673007662247, 17.06684629196407244, 8.394208453493922306 ) ) ;
#1367 = AXIS2_PLACEMENT_3D ( 'NONE', #1281, #125, #1139 ) ;
#1368 = CARTESIAN_POINT ( 'NONE',  ( 27.21725293247957467, 21.64854389215131647, 3.832736198058305011 ) ) ;
#1369 = CONICAL_SURFACE ( 'NONE', #1245, 180.0000000000000000, 0.7853981633974538301 ) ;
#1370 = VERTEX_POINT ( 'NONE', #812 ) ;
#1371 = CIRCLE ( 'NONE', #309, 182.4999999999999432 ) ;
#1372 = CARTESIAN_POINT ( 'NONE',  ( -35.58165276549345180, 17.23470939281624936, -7.763980785806398721 ) ) ;
#1373 = APPROVAL_PERSON_ORGANIZATION ( #1736, #1028, #1299 ) ;
#1374 = ORIENTED_EDGE ( 'NONE', *, *, #496, .T. ) ;
#1375 = CARTESIAN_POINT ( 'NONE',  ( 26.20447611085944928, 20.00000000000000000, 10.00000000000000000 ) ) ;
#1376 = DIRECTION ( 'NONE',  ( 0.000000000000000000, -0.000000000000000000, 1.000000000000000000 ) ) ;
#1377 = CARTESIAN_POINT ( 'NONE',  ( -33.35074881332241858, 20.75967667388047033, 7.345041496256450309 ) ) ;
#1378 = CARTESIAN_POINT ( 'NONE',  ( 24.43247539174554106, 22.93662055934288091, 5.445417955291377510 ) ) ;
#1379 = CARTESIAN_POINT ( 'NONE',  ( -35.58165276549343758, 17.23470939281613212, 7.763980785806369411 ) ) ;
#1380 = CARTESIAN_POINT ( 'NONE',  ( 24.62433303509445892, 22.60763817700082612, -5.608758448122971529 ) ) ;
#1381 = CARTESIAN_POINT ( 'NONE',  ( 26.20447254186925079, 20.00000000000347100, -9.661663562895324020 ) ) ;
#1382 = EDGE_LOOP ( 'NONE', ( #1879, #1384, #646, #383 ) ) ;
#1383 = LINE ( 'NONE', #656, #1492 ) ;
#1384 = ORIENTED_EDGE ( 'NONE', *, *, #1079, .T. ) ;
#1385 = CARTESIAN_POINT ( 'NONE',  ( 25.97262325093783986, 20.37197910772268727, 8.107060524832137460 ) ) ;
#1386 = CARTESIAN_POINT ( 'NONE',  ( -33.41206125896980694, 20.93201541925277809, 7.092398752769507375 ) ) ;
#1387 = CARTESIAN_POINT ( 'NONE',  ( 23.81773858305136571, 24.01003900655935652, 5.098956553629047761 ) ) ;
#1388 = CARTESIAN_POINT ( 'NONE',  ( -34.64854121788256691, 25.00000000000000000, -5.000000000000000000 ) ) ;
#1389 = CARTESIAN_POINT ( 'NONE',  ( 23.89644880364769364, 23.87075270750598577, -5.125721077336693021 ) ) ;
#1390 = FACE_OUTER_BOUND ( 'NONE', #1298, .T. ) ;
#1391 = ORIENTED_EDGE ( 'NONE', *, *, #1648, .F. ) ;
#1392 = CARTESIAN_POINT ( 'NONE',  ( -33.76880089277861430, 21.97765791235035948, -6.015926208145899956 ) ) ;
#1393 = ADVANCED_FACE ( 'NONE', ( #1519 ), #88, .T. ) ;
#1394 = VERTEX_POINT ( 'NONE', #173 ) ;
#1395 = DIRECTION ( 'NONE',  ( -0.000000000000000000, -0.000000000000000000, -1.000000000000000000 ) ) ;
#1396 = CARTESIAN_POINT ( 'NONE',  ( 25.66884034377557455, 20.86471562830028859, 7.189327875509846422 ) ) ;
#1397 = CARTESIAN_POINT ( 'NONE',  ( 5.000000000000001776, 100.0000000000000000, 5.000000000000000000 ) ) ;
#1398 = CARTESIAN_POINT ( 'NONE',  ( 24.28584849533643464, 23.18994677980797547, -5.339074237827787783 ) ) ;
#1399 = CARTESIAN_POINT ( 'NONE',  ( 26.20447611085948481, 20.00000000000000000, -10.00000000000000000 ) ) ;
#1400 = ORIENTED_EDGE ( 'NONE', *, *, #269, .F. ) ;
#1401 = AXIS2_PLACEMENT_3D ( 'NONE', #940, #59, #1526 ) ;
#1402 = CARTESIAN_POINT ( 'NONE',  ( -33.07696792283208964, 20.01569423773774403, -10.39584854209561549 ) ) ;
#1403 = VERTEX_POINT ( 'NONE', #890 ) ;
#1404 = CONICAL_SURFACE ( 'NONE', #462, 100.0000000000000000, 0.7853981633974482790 ) ;
#1405 = LOCAL_TIME ( 18, 24, 46.00000000000000000, #169 ) ;
#1406 = CARTESIAN_POINT ( 'NONE',  ( 23.79723220136804684, 24.04638251331771670, 5.091778507247508578 ) ) ;
#1407 = CARTESIAN_POINT ( 'NONE',  ( 24.27922428836054891, 23.20135368905831896, 5.333950037609270112 ) ) ;
#1408 = CARTESIAN_POINT ( 'NONE',  ( -36.14252854685437910, 19.62139639861640461, 4.266380363792951158 ) ) ;
#1409 = CARTESIAN_POINT ( 'NONE',  ( 24.98070505863684332, 22.00398058762361941, -5.993727467263654241 ) ) ;
#1410 = CARTESIAN_POINT ( 'NONE',  ( 0.000000000000000000, 20.00000000000000000, -10.00000000000000000 ) ) ;
#1411 = EDGE_LOOP ( 'NONE', ( #959, #389, #1853, #1536 ) ) ;
#1412 = CARTESIAN_POINT ( 'NONE',  ( -33.36945557345445934, 20.81198441120422871, -7.263067225148336803 ) ) ;
#1413 = VERTEX_POINT ( 'NONE', #897 ) ;
#1414 = CARTESIAN_POINT ( 'NONE',  ( -34.25793351075232351, 23.56271410570775870, 5.211031700204928896 ) ) ;
#1415 = CARTESIAN_POINT ( 'NONE',  ( 28.18202754545122701, 19.25767249418930049, 6.615817729381670453 ) ) ;
#1416 = CARTESIAN_POINT ( 'NONE',  ( -36.64124545811692713, 22.00333427458056335, 2.932781465007914701 ) ) ;
#1417 = EDGE_CURVE ( 'NONE', #1237, #349, #197, .T. ) ;
#1418 = CARTESIAN_POINT ( 'NONE',  ( 26.18286673336550052, 20.03446263690981155, -9.321702341361117305 ) ) ;
#1419 = DIRECTION ( 'NONE',  ( -0.000000000000000000, -1.000000000000000000, -0.000000000000000000 ) ) ;
#1420 = CARTESIAN_POINT ( 'NONE',  ( -33.47677420076668398, 21.11559274460587332, -6.847102515251657806 ) ) ;
#1421 = ORIENTED_EDGE ( 'NONE', *, *, #740, .F. ) ;
#1422 = ADVANCED_FACE ( 'NONE', ( #762 ), #750, .F. ) ;
#1423 = CARTESIAN_POINT ( 'NONE',  ( -33.86291354111042295, 22.26780497718969443, 5.812495247720909752 ) ) ;
#1424 = CARTESIAN_POINT ( 'NONE',  ( 27.04687126573499256, 22.08100071063503123, 3.547854724997220544 ) ) ;
#1425 = CARTESIAN_POINT ( 'NONE',  ( -36.16524213010879407, 19.72389895105892421, 4.183549728525534306 ) ) ;
#1426 = EDGE_CURVE ( 'NONE', #1826, #666, #422, .T. ) ;
#1427 = CARTESIAN_POINT ( 'NONE',  ( 24.45920349730186416, 22.89037985090650906, -5.463733964901334339 ) ) ;
#1428 = CARTESIAN_POINT ( 'NONE',  ( 10.00000000000000000, 99.61507075500942676, 5.000000000000000000 ) ) ;
#1429 = EDGE_LOOP ( 'NONE', ( #581, #1697 ) ) ;
#1430 = PERSON_AND_ORGANIZATION_ROLE ( 'creator' ) ;
#1431 = ORIENTED_EDGE ( 'NONE', *, *, #321, .T. ) ;
#1432 = CARTESIAN_POINT ( 'NONE',  ( -38.52119190199093168, 41.30284372434919504, 2.499999999999970246 ) ) ;
#1433 = FACE_OUTER_BOUND ( 'NONE', #231, .T. ) ;
#1434 = AXIS2_PLACEMENT_3D ( 'NONE', #1820, #1676, #1695 ) ;
#1435 = CARTESIAN_POINT ( 'NONE',  ( 28.07870089920843526, 19.50907662649972352, 6.152931913467633684 ) ) ;
#1436 = CARTESIAN_POINT ( 'NONE',  ( -36.44657180402096230, 21.03774590987639215, 3.338643660083458808 ) ) ;
#1437 = CARTESIAN_POINT ( 'NONE',  ( -33.07104532870639702, 20.00000000000000000, 9.858178878861698635 ) ) ;
#1438 = CARTESIAN_POINT ( 'NONE',  ( 0.000000000000000000, 100.0000000000000000, -5.000000000000000000 ) ) ;
#1439 = EDGE_LOOP ( 'NONE', ( #1861, #1093, #1512, #1291 ) ) ;
#1440 = CARTESIAN_POINT ( 'NONE',  ( -33.07104408819690633, 20.00000000000000000, 10.00000000000000000 ) ) ;
#1441 = ORIENTED_EDGE ( 'NONE', *, *, #1027, .T. ) ;
#1442 = CARTESIAN_POINT ( 'NONE',  ( 26.70647778972086783, 20.00000000000000711, 7.585973375883048320 ) ) ;
#1443 = CARTESIAN_POINT ( 'NONE',  ( -33.90444356953337035, 22.39778625213159913, 5.730324946974286071 ) ) ;
#1444 = CARTESIAN_POINT ( 'NONE',  ( 28.25212580181232624, 19.08763975947540104, 6.972366568109446661 ) ) ;
#1445 = CARTESIAN_POINT ( 'NONE',  ( -33.13696857675468266, 20.17555365468548345, 8.675262760550214836 ) ) ;
#1446 = FACE_OUTER_BOUND ( 'NONE', #1180, .T. ) ;
#1447 = EDGE_LOOP ( 'NONE', ( #506, #508 ) ) ;
#1448 = APPROVAL_STATUS ( 'not_yet_approved' ) ;
#1449 = ORIENTED_EDGE ( 'NONE', *, *, #1071, .T. ) ;
#1450 = CARTESIAN_POINT ( 'NONE',  ( 26.51492253438071955, 19.99999999999999645, 8.093666437262427849 ) ) ;
#1451 = EDGE_CURVE ( 'NONE', #277, #1080, #130, .T. ) ;
#1452 = EDGE_CURVE ( 'NONE', #924, #857, #851, .T. ) ;
#1453 = DIRECTION ( 'NONE',  ( 1.000000000000000000, 0.000000000000000000, 0.000000000000000000 ) ) ;
#1454 = CARTESIAN_POINT ( 'NONE',  ( 25.31681673573895708, 21.44346490323172105, 6.484547786710489703 ) ) ;
#1455 = CARTESIAN_POINT ( 'NONE',  ( -36.02209300406988035, 20.00000000000000000, -4.220838734912450541 ) ) ;
#1456 = CARTESIAN_POINT ( 'NONE',  ( 25.81924328032769012, 25.30100598510245291, -2.516086229106848204 ) ) ;
#1457 = CARTESIAN_POINT ( 'NONE',  ( 25.58832617904023721, 20.99631331647494648, -7.003690806827321147 ) ) ;
#1458 = ORIENTED_EDGE ( 'NONE', *, *, #126, .F. ) ;
#1459 =( NAMED_UNIT ( * ) SI_UNIT ( $, .STERADIAN. ) SOLID_ANGLE_UNIT ( ) );
#1460 = CARTESIAN_POINT ( 'NONE',  ( 27.58538485159481723, 20.00000000000000355, 5.880851384240408208 ) ) ;
#1461 = CIRCLE ( 'NONE', #1272, 12.50000000000002309 ) ;
#1462 = CARTESIAN_POINT ( 'NONE',  ( -33.67192116149396952, 20.00000000000000000, -7.650971271226141290 ) ) ;
#1463 = CARTESIAN_POINT ( 'NONE',  ( 26.19039034589246029, 20.02249819278079812, 9.517901632894535169 ) ) ;
#1464 = FACE_OUTER_BOUND ( 'NONE', #391, .T. ) ;
#1465 = CARTESIAN_POINT ( 'NONE',  ( 27.35268275733020005, 21.30689243853094084, -4.087589825788259468 ) ) ;
#1466 = CARTESIAN_POINT ( 'NONE',  ( -33.83200041173367367, 22.17181736862154295, -5.876620751151764743 ) ) ;
#1467 = CARTESIAN_POINT ( 'NONE',  ( 24.00475973265229612, 23.67992327398816954, -5.174510982511493218 ) ) ;
#1468 = ORIENTED_EDGE ( 'NONE', *, *, #577, .T. ) ;
#1469 = CARTESIAN_POINT ( 'NONE',  ( 0.000000000000000000, 0.000000000000000000, 0.000000000000000000 ) ) ;
#1470 = CARTESIAN_POINT ( 'NONE',  ( 27.24837265535313691, 20.00000000000001421, 6.462634848244146468 ) ) ;
#1471 = FACE_OUTER_BOUND ( 'NONE', #1382, .T. ) ;
#1472 = CARTESIAN_POINT ( 'NONE',  ( -36.22579184107239314, 20.00000000000000000, -3.975707320348563112 ) ) ;
#1473 = CARTESIAN_POINT ( 'NONE',  ( -34.60457361009265043, 24.82716787453999885, 5.000005487064066223 ) ) ;
#1474 = CARTESIAN_POINT ( 'NONE',  ( -33.87260497753383959, 22.29789585813013630, -5.792391830791313367 ) ) ;
#1475 = EDGE_CURVE ( 'NONE', #1824, #1581, #974, .T. ) ;
#1476 = CARTESIAN_POINT ( 'NONE',  ( 27.73603131293546298, 20.34968767546505219, 4.963073040832751026 ) ) ;
#1477 = CARTESIAN_POINT ( 'NONE',  ( -33.07104482016402613, 20.00000000000107647, -9.835903902013001243 ) ) ;
#1478 = ADVANCED_FACE ( 'NONE', ( #1600 ), #387, .T. ) ;
#1479 = DIRECTION ( 'NONE',  ( 0.000000000000000000, 1.000000000000000000, 0.000000000000000000 ) ) ;
#1480 = CARTESIAN_POINT ( 'NONE',  ( 0.000000000000000000, 100.0000000000000000, 5.000000000000000000 ) ) ;
#1481 = CARTESIAN_POINT ( 'NONE',  ( 27.48399206234045877, 20.97763570948332656, -4.365506733101260473 ) ) ;
#1482 = CARTESIAN_POINT ( 'NONE',  ( -34.24823648079483718, 23.52924307359996803, -5.221188463056547491 ) ) ;
#1483 = DIRECTION ( 'NONE',  ( -0.000000000000000000, -0.000000000000000000, -1.000000000000000000 ) ) ;
#1484 = CARTESIAN_POINT ( 'NONE',  ( 26.34760082193638553, 20.00000000000000355, 8.719669271109365738 ) ) ;
#1485 = CARTESIAN_POINT ( 'NONE',  ( -34.18188674253340764, 20.00000000000000000, -6.732500391265061168 ) ) ;
#1486 = CARTESIAN_POINT ( 'NONE',  ( 26.31407601036678301, 20.00000000000000711, -8.879030922004796267 ) ) ;
#1487 = CARTESIAN_POINT ( 'NONE',  ( 28.50627842937135981, 18.47564670741621029, -9.543398002709585271 ) ) ;
#1488 = CARTESIAN_POINT ( 'NONE',  ( -34.06797694651190511, 22.92307657583555169, -5.451546560774655603 ) ) ;
#1489 = AXIS2_PLACEMENT_3D ( 'NONE', #1198, #42, #310 ) ;
#1490 = VECTOR ( 'NONE', #1293, 1000.000000000000000 ) ;
#1491 = CARTESIAN_POINT ( 'NONE',  ( -34.15116774803100697, 19.99999999999999645, 6.782606482725354269 ) ) ;
#1492 = VECTOR ( 'NONE', #674, 1000.000000000000000 ) ;
#1493 = SHAPE_DEFINITION_REPRESENTATION ( #220, #649 ) ;
#1494 = CARTESIAN_POINT ( 'NONE',  ( -33.07104408819697028, 20.00000000000000000, -10.00000000000000000 ) ) ;
#1495 = CARTESIAN_POINT ( 'NONE',  ( 25.20504777662311824, 21.62903159898342054, 6.306227543178064110 ) ) ;
#1496 = CARTESIAN_POINT ( 'NONE',  ( -33.20890736748920347, 19.99999999999999645, -8.897642411590247491 ) ) ;
#1497 = CARTESIAN_POINT ( 'NONE',  ( 26.20447611085948481, 20.00000000000000000, -10.00000000000000000 ) ) ;
#1498 = CARTESIAN_POINT ( 'NONE',  ( 27.93454773714717732, 19.86164279726812509, -5.609597839447034495 ) ) ;
#1499 = CARTESIAN_POINT ( 'NONE',  ( -33.58350934039890490, 21.42469293786547269, -6.504576386903547558 ) ) ;
#1500 = CARTESIAN_POINT ( 'NONE',  ( 0.000000000000000000, 99.61507075500942676, 5.000000000000000000 ) ) ;
#1501 = LINE ( 'NONE', #469, #1619 ) ;
#1502 = CALENDAR_DATE ( 2026, 12, 9 ) ;
#1503 = CARTESIAN_POINT ( 'NONE',  ( 26.20319086871200298, 20.00204884409536277, 10.22818089513250328 ) ) ;
#1504 = ADVANCED_FACE ( 'NONE', ( #1446 ), #852, .T. ) ;
#1505 = CARTESIAN_POINT ( 'NONE',  ( 26.15957503452968780, 20.07175440770914676, 9.154888176143872514 ) ) ;
#1506 = EDGE_CURVE ( 'NONE', #1815, #997, #737, .T. ) ;
#1507 = CARTESIAN_POINT ( 'NONE',  ( 61.47880809800907542, 41.30284372434919504, 2.499999999999970246 ) ) ;
#1508 = CARTESIAN_POINT ( 'NONE',  ( 27.90380652702135578, 19.93710040172334885, -5.505536210240387085 ) ) ;
#1509 = DIRECTION ( 'NONE',  ( 0.7057229970821722320, -0.04421596306044184993, -0.7071067811865432429 ) ) ;
#1510 = CARTESIAN_POINT ( 'NONE',  ( -35.49764299268175449, 16.89858221726869658, 9.555628797326091828 ) ) ;
#1511 = CARTESIAN_POINT ( 'NONE',  ( -33.62092658847537763, 20.00000000000000355, 7.759840281344890123 ) ) ;
#1512 = ORIENTED_EDGE ( 'NONE', *, *, #43, .F. ) ;
#1513 = CARTESIAN_POINT ( 'NONE',  ( -35.83684063184586677, 18.28782208140091115, -5.680769369091072996 ) ) ;
#1514 = CARTESIAN_POINT ( 'NONE',  ( 26.14488652016527226, 20.09527100768529451, 9.027713287288555932 ) ) ;
#1515 = CARTESIAN_POINT ( 'NONE',  ( -7.499999999999978684, 99.61507075500942676, 10.00000000000000000 ) ) ;
#1516 = CARTESIAN_POINT ( 'NONE',  ( 26.47738055030348292, 23.55217912882368125, -2.873345231939381961 ) ) ;
#1517 = DIRECTION ( 'NONE',  ( 0.7071067811865465735, 8.659560562354921765E-17, -0.7071067811865485719 ) ) ;
#1518 = CARTESIAN_POINT ( 'NONE',  ( 23.84071912228109369, 23.96933990973873208, 5.107279074249434281 ) ) ;
#1519 = FACE_OUTER_BOUND ( 'NONE', #971, .T. ) ;
#1520 = CARTESIAN_POINT ( 'NONE',  ( 24.16371368776114892, 23.40215721817164862, -5.261610723844624360 ) ) ;
#1521 = ORIENTED_EDGE ( 'NONE', *, *, #937, .F. ) ;
#1522 = AXIS2_PLACEMENT_3D ( 'NONE', #254, #398, #672 ) ;
#1523 = CARTESIAN_POINT ( 'NONE',  ( -34.33060669702026502, 23.81552041843045231, -5.139347710681808401 ) ) ;
#1524 = APPROVAL_PERSON_ORGANIZATION ( #1321, #273, #1328 ) ;
#1525 = ORIENTED_EDGE ( 'NONE', *, *, #945, .F. ) ;
#1526 = DIRECTION ( 'NONE',  ( 1.000000000000000000, 0.000000000000000000, 0.000000000000000000 ) ) ;
#1527 = DIRECTION ( 'NONE',  ( 0.000000000000000000, 1.000000000000000000, 0.000000000000000000 ) ) ;
#1528 = CARTESIAN_POINT ( 'NONE',  ( -33.23557876653276111, 20.44222311674848314, 7.943433080957107428 ) ) ;
#1529 = CARTESIAN_POINT ( 'NONE',  ( 24.49871088808634312, 22.82266763784273067, 5.498196688310659219 ) ) ;
#1530 = PLANE ( 'NONE',  #1434 ) ;
#1531 = CARTESIAN_POINT ( 'NONE',  ( 24.25290567803469699, 23.24705985806541975, -5.317119173566444701 ) ) ;
#1532 = EDGE_CURVE ( 'NONE', #1141, #1113, #637, .T. ) ;
#1533 = DIRECTION ( 'NONE',  ( 0.000000000000000000, -0.000000000000000000, -1.000000000000000000 ) ) ;
#1534 = ORIENTED_EDGE ( 'NONE', *, *, #240, .F. ) ;
#1535 = CARTESIAN_POINT ( 'NONE',  ( -37.11334504649515509, 24.58197836604230346, 2.499999999999970246 ) ) ;
#1536 = ORIENTED_EDGE ( 'NONE', *, *, #1614, .T. ) ;
#1537 = CARTESIAN_POINT ( 'NONE',  ( -38.52119190199093168, 41.30284372434919504, 5.000000000000000000 ) ) ;
#1538 = CARTESIAN_POINT ( 'NONE',  ( 23.80116083378834801, 24.03941791692555086, 5.093135618406718912 ) ) ;
#1539 = CARTESIAN_POINT ( 'NONE',  ( -35.50147500028950986, 16.91381565486955907, 10.59377281314342589 ) ) ;
#1540 = CARTESIAN_POINT ( 'NONE',  ( 23.30183496579363123, 24.93507375579713070, -5.000000000000000000 ) ) ;
#1541 = CARTESIAN_POINT ( 'NONE',  ( 24.78332858072134215, 22.33734548271479525, -5.767877599742819328 ) ) ;
#1542 = ORIENTED_EDGE ( 'NONE', *, *, #1224, .T. ) ;
#1543 = EDGE_LOOP ( 'NONE', ( #429, #571, #1013, #1391 ) ) ;
#1544 = CARTESIAN_POINT ( 'NONE',  ( -33.07000878705131441, 19.99725686964594118, -10.04930990511145694 ) ) ;
#1545 = ORIENTED_EDGE ( 'NONE', *, *, #1789, .F. ) ;
#1546 = CARTESIAN_POINT ( 'NONE',  ( 25.30114962961854275, 21.46946000454229164, 6.459368922545313474 ) ) ;
#1547 = CARTESIAN_POINT ( 'NONE',  ( 23.63647777376855785, 24.33209365292361070, 5.042006393009646814 ) ) ;
#1548 = CARTESIAN_POINT ( 'NONE',  ( -35.91153272124822138, 18.60596720389807501, 5.270653772876642051 ) ) ;
#1549 = AXIS2_PLACEMENT_3D ( 'NONE', #1806, #213, #648 ) ;
#1550 = CARTESIAN_POINT ( 'NONE',  ( 24.90027343148517858, 22.13937795233315242, -5.895572297375073489 ) ) ;
#1551 = ORIENTED_EDGE ( 'NONE', *, *, #577, .F. ) ;
#1552 = CIRCLE ( 'NONE', #907, 180.0000000000000000 ) ;
#1553 = CARTESIAN_POINT ( 'NONE',  ( -33.72414087440594699, 21.84224838026100457, -6.122366485683554238 ) ) ;
#1554 = EDGE_LOOP ( 'NONE', ( #129, #1838 ) ) ;
#1555 = CIRCLE ( 'NONE', #186, 75.00000000000001421 ) ;
#1556 = EDGE_CURVE ( 'NONE', #725, #1815, #1501, .T. ) ;
#1557 = DIRECTION ( 'NONE',  ( -0.000000000000000000, 0.000000000000000000, 1.000000000000000000 ) ) ;
#1558 = CARTESIAN_POINT ( 'NONE',  ( 24.96807613417385951, 22.02542042999654726, 5.980161340176188389 ) ) ;
#1559 = CARTESIAN_POINT ( 'NONE',  ( -34.18824411921374207, 23.32388134054987461, 5.288520976671967411 ) ) ;
#1560 = CARTESIAN_POINT ( 'NONE',  ( 25.41152473245124455, 21.28676212684132096, -6.647600942611991748 ) ) ;
#1561 = EDGE_CURVE ( 'NONE', #1212, #104, #615, .T. ) ;
#1562 = CARTESIAN_POINT ( 'NONE',  ( -9.041001190883662275, 108.6319347464192191, 5.000000000000000000 ) ) ;
#1563 = CARTESIAN_POINT ( 'NONE',  ( -34.14042794353158428, 23.16288895944306958, -5.348935721693139911 ) ) ;
#1564 = ORIENTED_EDGE ( 'NONE', *, *, #353, .F. ) ;
#1565 = CC_DESIGN_PERSON_AND_ORGANIZATION_ASSIGNMENT ( #1725, #419, ( #760 ) ) ;
#1566 = DIRECTION ( 'NONE',  ( -1.000000000000000000, 0.000000000000000000, 0.000000000000000000 ) ) ;
#1567 = CARTESIAN_POINT ( 'NONE',  ( 25.97869577114215289, 24.87222747481163410, 2.563009589515819364 ) ) ;
#1568 = CARTESIAN_POINT ( 'NONE',  ( -35.64959108861872039, 17.51024837736510520, 7.037468170018326141 ) ) ;
#1569 = CARTESIAN_POINT ( 'NONE',  ( 25.93196186033048178, 20.43757321013583805, -7.954043720778838811 ) ) ;
#1570 = DIRECTION ( 'NONE',  ( 0.000000000000000000, 0.000000000000000000, -1.000000000000000000 ) ) ;
#1571 = ORIENTED_EDGE ( 'NONE', *, *, #296, .T. ) ;
#1572 = CARTESIAN_POINT ( 'NONE',  ( -37.11334504649514088, 24.58197836604230702, -2.500000000000053291 ) ) ;
#1573 = VERTEX_POINT ( 'NONE', #753 ) ;
#1574 = CARTESIAN_POINT ( 'NONE',  ( -33.13138099303282758, 20.16058659946392240, 8.738371009473389961 ) ) ;
#1575 = CARTESIAN_POINT ( 'NONE',  ( -34.12826775016213077, 23.12254544438352966, 5.365856417680956447 ) ) ;
#1576 = CARTESIAN_POINT ( 'NONE',  ( 27.37134244114604442, 21.25999546279897956, 4.125400088255241293 ) ) ;
#1577 = CARTESIAN_POINT ( 'NONE',  ( -33.27505155754417387, 20.55017974557926053, 7.713350486768943526 ) ) ;
#1578 = CARTESIAN_POINT ( 'NONE',  ( 25.16648057160467644, 21.69326588947178180, -6.248613168087428171 ) ) ;
#1579 = CARTESIAN_POINT ( 'NONE',  ( -5.000000000000001776, 100.0000000000000000, 5.000000000000000000 ) ) ;
#1580 = ORIENTED_EDGE ( 'NONE', *, *, #829, .F. ) ;
#1581 = VERTEX_POINT ( 'NONE', #1355 ) ;
#1582 = DIRECTION ( 'NONE',  ( 1.000000000000000000, 0.000000000000000000, -0.000000000000000000 ) ) ;
#1583 = AXIS2_PLACEMENT_3D ( 'NONE', #45, #336, #912 ) ;
#1584 = B_SPLINE_CURVE_WITH_KNOTS ( 'NONE', 3,
 ( #1336, #48, #1782, #1058, #329, #1223, #1068, #190, #505, #56, #764, #1657, #348, #783, #1368, #1078, #315, #893, #1476, #1089 ),
 .UNSPECIFIED., .F., .F.,
 ( 4, 2, 2, 2, 2, 2, 2, 2, 2, 4 ),
 ( 0.000000000000000000, 0.1249999999999991118, 0.2499999999999982236, 0.3749999999999973355, 0.4999999999999964473, 0.5624999999999968914, 0.6249999999999973355, 0.6874999999999977796, 0.7499999999999981126, 1.000000000000000000 ),
 .UNSPECIFIED. ) ;
#1585 = VECTOR ( 'NONE', #1085, 1000.000000000000000 ) ;
#1586 = B_SPLINE_CURVE_WITH_KNOTS ( 'NONE', 3,
 ( #999, #423, #289, #1134, #282, #1265, #251, #711, #1294, #1865, #1720, #149, #258, #719, #584, #701, #413, #1883, #859, #443, #1414, #1874, #1302, #7, #573, #565, #113, #685, #1854, #1575, #831, #545, #694, #1741, #1143, #1123, #990, #1713, #1152, #1163, #270, #1587, #433, #982, #404, #1443, #1018, #839, #1423, #120, #848, #1220, #490, #1230, #365, #214, #374, #1075, #650, #346, #1105, #1086, #224, #943, #232, #1663, #1386, #511, #1673, #76, #1377, #810, #1818, #384, #1528, #85, #921, #963, #802, #792, #1808, #1574, #1066, #659, #1238, #1827, #268, #1351 ),
 .UNSPECIFIED., .F., .F.,
 ( 4, 2, 2, 1, 1, 1, 2, 2, 2, 1, 1, 1, 1, 2, 2, 2, 2, 1, 1, 1, 2, 2, 2, 2, 1, 1, 2, 2, 2, 1, 1, 2, 2, 2, 2, 1, 1, 2, 2, 2, 2, 1, 2, 2, 2, 1, 1, 2, 2, 2, 1, 2, 2, 4 ),
 ( 0.000000000000000000, 0.06250000000005193068, 0.09375000000007822909, 0.1093750000000919959, 0.1171875000000988376, 0.1210937500001031120, 0.1230468750001046940, 0.1250000000001062761, 0.1562500000001573741, 0.1718750000001835476, 0.1796875000001971756, 0.1835937500002039757, 0.1855468750002076950, 0.1865234375002089717, 0.1875000000002102485, 0.2187500000002393363, 0.2343750000002541856, 0.2421875000002619294, 0.2460937500002657874, 0.2480468750002679246, 0.2490234375002684242, 0.2500000000002688960, 0.2812500000002770006, 0.2968750000002804978, 0.3046875000002816081, 0.3085937500002822187, 0.3105468750002821077, 0.3125000000002820522, 0.3437500000002710610, 0.3593750000002654543, 0.3671875000002634559, 0.3710937500002624012, 0.3750000000002612910, 0.4375000000002478018, 0.4687500000002415290, 0.4843750000002383649, 0.4921875000002373102, 0.4960937500002364775, 0.5000000000002355893, 0.5625000000002148282, 0.5937500000002042810, 0.6093750000001989520, 0.6171875000001955103, 0.6250000000001920686, 0.6875000000001643130, 0.7187500000001499911, 0.7343750000001427747, 0.7421875000001387779, 0.7500000000001346701, 0.8125000000001026956, 0.8437500000000860423, 0.8593750000000778266, 0.8750000000000695000, 1.000000000000000000 ),
 .UNSPECIFIED. ) ;
#1587 = CARTESIAN_POINT ( 'NONE',  ( -33.98740362619579258, 22.66162116720372310, 5.580497715919776169 ) ) ;
#1588 = AXIS2_PLACEMENT_3D ( 'NONE', #87, #946, #1107 ) ;
#1589 = CARTESIAN_POINT ( 'NONE',  ( 26.47738055030348292, 23.55217912882369902, 2.873345231939304689 ) ) ;
#1590 = CARTESIAN_POINT ( 'NONE',  ( -35.70463770255863523, 17.73610105154982364, 6.570025730151248133 ) ) ;
#1591 = CARTESIAN_POINT ( 'NONE',  ( 25.70497376616296492, 25.61060680851234750, -2.500007455385264699 ) ) ;
#1592 = EDGE_CURVE ( 'NONE', #1692, #706, #1584, .T. ) ;
#1593 = ORIENTED_EDGE ( 'NONE', *, *, #1283, .T. ) ;
#1594 = APPLICATION_PROTOCOL_DEFINITION ( 'international standard', 'config_control_design', 1994, #1700 ) ;
#1595 = ORIENTED_EDGE ( 'NONE', *, *, #629, .F. ) ;
#1596 = DIRECTION ( 'NONE',  ( 1.000000000000000000, 1.779203565104417128E-15, 0.000000000000000000 ) ) ;
#1597 = CYLINDRICAL_SURFACE ( 'NONE', #34, 10.00000000000000000 ) ;
#1598 = CARTESIAN_POINT ( 'NONE',  ( -35.62494370185049775, 17.40996763265710356, -7.276257623741419600 ) ) ;
#1599 = CARTESIAN_POINT ( 'NONE',  ( -35.16675468337871280, 19.99999999999999289, -5.306901794769852465 ) ) ;
#1600 = FACE_OUTER_BOUND ( 'NONE', #989, .T. ) ;
#1601 = CARTESIAN_POINT ( 'NONE',  ( 26.05747691437566260, 20.23539801980554387, -8.473771926526818987 ) ) ;
#1602 = ORIENTED_EDGE ( 'NONE', *, *, #12, .T. ) ;
#1603 = LINE ( 'NONE', #288, #525 ) ;
#1604 = CARTESIAN_POINT ( 'NONE',  ( -34.17016390889506283, 20.00000000000000000, -6.751559684439305542 ) ) ;
#1605 = CARTESIAN_POINT ( 'NONE',  ( 25.42407831304438659, 21.26606793933242301, 6.670279826812345547 ) ) ;
#1606 = CARTESIAN_POINT ( 'NONE',  ( 26.52260324456585749, 19.99999999999999645, -8.083994025032630759 ) ) ;
#1607 = CARTESIAN_POINT ( 'NONE',  ( 28.47721050466519088, 18.54533094235629065, -8.876714867535493880 ) ) ;
#1608 = CARTESIAN_POINT ( 'NONE',  ( -33.50279740207908219, 21.19044025354957483, -6.760571109558648928 ) ) ;
#1609 = CARTESIAN_POINT ( 'NONE',  ( 24.27922428836061286, 23.20135368905834028, -5.333950037609263894 ) ) ;
#1610 = VERTEX_POINT ( 'NONE', #526 ) ;
#1611 = DIRECTION ( 'NONE',  ( 1.000000000000000000, 0.000000000000000000, 0.000000000000000000 ) ) ;
#1612 = DIRECTION ( 'NONE',  ( 1.000000000000000000, 0.000000000000000000, 0.000000000000000000 ) ) ;
#1613 = DIRECTION ( 'NONE',  ( 1.000000000000000000, 0.000000000000000000, 0.000000000000000000 ) ) ;
#1614 = EDGE_CURVE ( 'NONE', #1080, #1670, #262, .T. ) ;
#1615 = CARTESIAN_POINT ( 'NONE',  ( -35.64959108861877013, 17.51024837736518336, -7.037468170018359004 ) ) ;
#1616 = DIRECTION ( 'NONE',  ( -1.000000000000000000, 0.000000000000000000, 0.000000000000000000 ) ) ;
#1617 = CARTESIAN_POINT ( 'NONE',  ( 26.93561632196664846, 22.36521514915116882, -3.383828683575186069 ) ) ;
#1618 = CARTESIAN_POINT ( 'NONE',  ( -33.92646587408126635, 22.46727752925992050, -5.688740516480858211 ) ) ;
#1619 = VECTOR ( 'NONE', #899, 1000.000000000000000 ) ;
#1620 = AXIS2_PLACEMENT_3D ( 'NONE', #81, #1823, #515 ) ;
#1621 = CARTESIAN_POINT ( 'NONE',  ( 25.49202258344599770, 21.15423148216613569, -6.800065560453674607 ) ) ;
#1622 = ORIENTED_EDGE ( 'NONE', *, *, #210, .T. ) ;
#1623 = EDGE_CURVE ( 'NONE', #1573, #673, #1836, .T. ) ;
#1624 = CARTESIAN_POINT ( 'NONE',  ( 0.000000000000000000, 15.00000000000000000, 0.000000000000000000 ) ) ;
#1625 = CARTESIAN_POINT ( 'NONE',  ( -33.16341070932171675, 20.00000000000000711, -9.102354131402346837 ) ) ;
#1626 = CARTESIAN_POINT ( 'NONE',  ( 26.66757447864208430, 20.00000000000000000, -7.683445240505182738 ) ) ;
#1627 = CARTESIAN_POINT ( 'NONE',  ( 27.44059205571723226, 21.08627856164025616, -4.270609204551830906 ) ) ;
#1628 = CC_DESIGN_DATE_AND_TIME_ASSIGNMENT ( #1052, #494, ( #102 ) ) ;
#1629 = CARTESIAN_POINT ( 'NONE',  ( -33.67558833896161019, 21.69602216156647501, -6.243612400546291852 ) ) ;
#1630 = CARTESIAN_POINT ( 'NONE',  ( -33.43578713825959170, 20.00000000000000000, 8.188803134329861066 ) ) ;
#1631 = PERSON_AND_ORGANIZATION ( #378, #311 ) ;
#1632 = CARTESIAN_POINT ( 'NONE',  ( -33.11982024594195195, 20.12969486842786893, -8.857113804286612435 ) ) ;
#1633 = DIRECTION ( 'NONE',  ( 0.000000000000000000, 0.000000000000000000, 1.000000000000000000 ) ) ;
#1634 = FACE_OUTER_BOUND ( 'NONE', #996, .T. ) ;
#1635 = CARTESIAN_POINT ( 'NONE',  ( -34.46942277164833257, 24.31667377765438331, 5.043978043003042977 ) ) ;
#1636 = CARTESIAN_POINT ( 'NONE',  ( -34.11831702352036899, 23.08941827960407878, -5.379427844503565481 ) ) ;
#1637 = CARTESIAN_POINT ( 'NONE',  ( -33.70295072829555494, 19.99999999999999645, 7.590578644509437645 ) ) ;
#1638 = MANIFOLD_SOLID_BREP ( 'Cut-Extrude1', #752 ) ;
#1639 = CARTESIAN_POINT ( 'NONE',  ( 26.35843007960178852, 20.00000000000000000, 8.671998458220404160 ) ) ;
#1640 = CARTESIAN_POINT ( 'NONE',  ( -33.17047477118063625, 20.00000000000000000, -9.068363567057314611 ) ) ;
#1641 = CARTESIAN_POINT ( 'NONE',  ( 61.47880809800907542, 41.30284372434919504, -2.500000000000053291 ) ) ;
#1642 = AXIS2_PLACEMENT_3D ( 'NONE', #1734, #409, #1851 ) ;
#1643 = CARTESIAN_POINT ( 'NONE',  ( 27.74180863179304168, 20.33618943279919122, -5.005419740219096525 ) ) ;
#1644 = CARTESIAN_POINT ( 'NONE',  ( -34.48820159979675282, 24.38191791181198909, -5.025374257396372002 ) ) ;
#1645 = CONICAL_SURFACE ( 'NONE', #1770, 97.50000000000002842, 0.7853981633974566057 ) ;
#1646 = CARTESIAN_POINT ( 'NONE',  ( -33.51449326293856501, 19.99999999999999289, 7.993485790263790136 ) ) ;
#1647 = LOCAL_TIME ( 18, 24, 46.00000000000000000, #1131 ) ;
#1648 = EDGE_CURVE ( 'NONE', #1746, #168, #1275, .T. ) ;
#1649 = ADVANCED_FACE ( 'NONE', ( #690 ), #1249, .T. ) ;
#1650 = CARTESIAN_POINT ( 'NONE',  ( 26.08912378219281791, 20.18461472038929827, 8.642312364084524745 ) ) ;
#1651 = B_SPLINE_CURVE_WITH_KNOTS ( 'NONE', 3,
 ( #1494, #1477, #908, #755, #1777, #477, #1053, #765, #1632, #622, #41, #316, #747, #1346, #616, #894, #1330, #32, #608, #470, #1045, #914, #189, #338, #1773, #1178, #1608, #614, #314, #1343, #1499, #892, #1043, #196, #302, #1629, #772, #588, #1195, #328, #1466, #166, #732, #174, #1474, #880, #1618, #763, #1049, #320, #1781, #1318, #898, #744, #21, #597, #1488, #468, #1326, #47, #904, #474, #1636, #1033, #30, #620, #1763, #1201, #11, #1482, #605, #1788, #37, #1167, #1753, #456, #481, #1185, #180, #751, #1334, #447, #1022, #1057, #1644, #671, #1388 ),
 .UNSPECIFIED., .F., .F.,
 ( 4, 2, 1, 2, 2, 2, 1, 1, 2, 2, 2, 1, 1, 2, 2, 2, 2, 1, 1, 2, 2, 2, 2, 1, 1, 2, 2, 2, 1, 1, 1, 2, 2, 2, 2, 1, 1, 1, 2, 2, 2, 2, 1, 1, 1, 2, 2, 2, 1, 1, 1, 2, 2, 4 ),
 ( 0.000000000000000000, 0.06249999999999661382, 0.09374999999999529543, 0.1093749999999944628, 0.1249999999999936440, 0.1874999999999901190, 0.2187499999999883427, 0.2343749999999875933, 0.2421874999999869271, 0.2499999999999862610, 0.3124999999999809597, 0.3437499999999778511, 0.3593749999999762412, 0.3671874999999755751, 0.3749999999999748534, 0.4374999999999705236, 0.4687499999999679701, 0.4843749999999669154, 0.4921874999999668598, 0.4960937499999669154, 0.4999999999999669709, 0.5624999999999714673, 0.5937499999999734657, 0.6093749999999743538, 0.6171874999999752420, 0.6210937499999752420, 0.6249999999999752420, 0.6562499999999773515, 0.6718749999999775735, 0.6796874999999776845, 0.6835937499999776845, 0.6855468749999785727, 0.6874999999999794609, 0.7187500000000074385, 0.7343750000000220934, 0.7421875000000298650, 0.7460937500000336398, 0.7480468750000360822, 0.7490234375000368594, 0.7500000000000377476, 0.7812500000000541789, 0.7968750000000632827, 0.8046875000000692779, 0.8085937500000722755, 0.8105468750000751621, 0.8115234375000758282, 0.8125000000000763833, 0.8437500000000545120, 0.8593750000000429656, 0.8671875000000371925, 0.8710937500000331957, 0.8730468750000318634, 0.8750000000000305311, 1.000000000000000000 ),
 .UNSPECIFIED. ) ;
#1652 = CARTESIAN_POINT ( 'NONE',  ( 25.86768378588217132, 20.54137967464625447, 7.730958026908483660 ) ) ;
#1653 = CARTESIAN_POINT ( 'NONE',  ( -9.041001190883704908, 108.6319347464192617, -5.000000000000000000 ) ) ;
#1654 = CARTESIAN_POINT ( 'NONE',  ( 26.65740396878008767, 23.08306515486307120, -3.047522526895403594 ) ) ;
#1655 = CARTESIAN_POINT ( 'NONE',  ( 61.47880809800907542, 41.30284372434919504, 5.000000000000000000 ) ) ;
#1656 = FACE_OUTER_BOUND ( 'NONE', #1543, .T. ) ;
#1657 = CARTESIAN_POINT ( 'NONE',  ( 27.03029121781274569, 22.12357221825803677, 3.525724768187912694 ) ) ;
#1658 = ORIENTED_EDGE ( 'NONE', *, *, #542, .T. ) ;
#1659 = CARTESIAN_POINT ( 'NONE',  ( -36.88257122299025781, 23.27212082678208560, -2.605130843818835640 ) ) ;
#1660 = CARTESIAN_POINT ( 'NONE',  ( 26.09266601243310291, 20.17889180882011146, 8.663940566313257818 ) ) ;
#1661 = CARTESIAN_POINT ( 'NONE',  ( -5.000000000000001776, 100.0000000000000000, 5.000000000000000000 ) ) ;
#1662 = CARTESIAN_POINT ( 'NONE',  ( 28.15728922797229572, 19.31776188427698315, -6.497916146700696949 ) ) ;
#1663 = CARTESIAN_POINT ( 'NONE',  ( -33.42429472159928849, 20.96659382504244107, 7.044801705950860971 ) ) ;
#1664 = CYLINDRICAL_SURFACE ( 'NONE', #64, 5.000000000000001776 ) ;
#1665 = APPLICATION_CONTEXT ( 'configuration controlled 3d designs of mechanical parts and assemblies' ) ;
#1666 = DIRECTION ( 'NONE',  ( -0.000000000000000000, -0.000000000000000000, -1.000000000000000000 ) ) ;
#1667 = CARTESIAN_POINT ( 'NONE',  ( 24.30888348566794122, 23.15005352290324225, -5.354817967878931384 ) ) ;
#1668 = EDGE_LOOP ( 'NONE', ( #1468, #431, #1595, #304, #1711 ) ) ;
#1669 = CARTESIAN_POINT ( 'NONE',  ( -33.07323171541454343, 20.00579250329715109, -9.703752531552179761 ) ) ;
#1670 = VERTEX_POINT ( 'NONE', #1858 ) ;
#1671 = DIRECTION ( 'NONE',  ( 0.000000000000000000, 0.000000000000000000, -1.000000000000000000 ) ) ;
#1672 = CARTESIAN_POINT ( 'NONE',  ( 25.61342954111471215, 25.86036289241735631, -2.500000000000053291 ) ) ;
#1673 = CARTESIAN_POINT ( 'NONE',  ( -33.39242139517025265, 20.87671388769471648, 7.171770135048401329 ) ) ;
#1674 = ADVANCED_FACE ( 'NONE', ( #552 ), #1128, .F. ) ;
#1675 = CARTESIAN_POINT ( 'NONE',  ( 25.66085610858506882, 20.87775035649960387, 7.170257297877935088 ) ) ;
#1676 = DIRECTION ( 'NONE',  ( 0.000000000000000000, 1.000000000000000000, 0.000000000000000000 ) ) ;
#1677 = CARTESIAN_POINT ( 'NONE',  ( 23.40791162869906472, 24.74303383132713563, -5.006447952756984066 ) ) ;
#1678 = AXIS2_PLACEMENT_3D ( 'NONE', #1316, #761, #19 ) ;
#1679 = CARTESIAN_POINT ( 'NONE',  ( 26.11712691258339447, 20.13972315128570756, -8.825508627595999300 ) ) ;
#1680 = EDGE_LOOP ( 'NONE', ( #1235, #844, #863, #402 ) ) ;
#1681 = VECTOR ( 'NONE', #773, 1000.000000000000000 ) ;
#1682 = CARTESIAN_POINT ( 'NONE',  ( -33.07822835139788964, 20.01901939517100715, -9.531186086646808775 ) ) ;
#1683 = AXIS2_PLACEMENT_3D ( 'NONE', #138, #305, #1014 ) ;
#1684 = ORIENTED_EDGE ( 'NONE', *, *, #1251, .F. ) ;
#1685 = CARTESIAN_POINT ( 'NONE',  ( -34.64854121788252428, 25.00000000000000000, 5.000000000000000000 ) ) ;
#1686 = CARTESIAN_POINT ( 'NONE',  ( 24.17295695215333851, 23.38561433386973931, 5.265105982272750396 ) ) ;
#1687 = DIRECTION ( 'NONE',  ( 0.000000000000000000, 0.000000000000000000, 1.000000000000000000 ) ) ;
#1688 = CARTESIAN_POINT ( 'NONE',  ( 23.52533171075760166, 24.53154514706921319, -5.021983509262063272 ) ) ;
#1689 = CARTESIAN_POINT ( 'NONE',  ( 25.64655700723893617, 20.90110277089106461, -7.136523302868603480 ) ) ;
#1690 = ORIENTED_EDGE ( 'NONE', *, *, #437, .F. ) ;
#1691 = CARTESIAN_POINT ( 'NONE',  ( -36.29739377017543234, 20.32839922541102240, 3.738253560270997866 ) ) ;
#1692 = VERTEX_POINT ( 'NONE', #949 ) ;
#1693 = CARTESIAN_POINT ( 'NONE',  ( -10.00000000000000000, 99.61507075500942676, 5.000000000000000000 ) ) ;
#1694 = CARTESIAN_POINT ( 'NONE',  ( 25.70510080708274003, 20.80555842554529988, 7.277900522918923087 ) ) ;
#1695 = DIRECTION ( 'NONE',  ( 0.000000000000000000, -0.000000000000000000, 1.000000000000000000 ) ) ;
#1696 = CARTESIAN_POINT ( 'NONE',  ( 25.26096205662889105, 21.53613449960229076, -6.394209118375240308 ) ) ;
#1697 = ORIENTED_EDGE ( 'NONE', *, *, #379, .T. ) ;
#1698 = CARTESIAN_POINT ( 'NONE',  ( -33.13696857675469687, 20.17555365468548700, -8.675262760550200625 ) ) ;
#1699 = ORIENTED_EDGE ( 'NONE', *, *, #1168, .F. ) ;
#1700 = APPLICATION_CONTEXT ( 'configuration controlled 3d designs of mechanical parts and assemblies' ) ;
#1701 = CARTESIAN_POINT ( 'NONE',  ( 61.47880809800907542, 41.30284372434919504, 5.000000000000000000 ) ) ;
#1702 = CARTESIAN_POINT ( 'NONE',  ( 28.46839737454921249, 18.56647290394812444, 8.743392718474780168 ) ) ;
#1703 = CARTESIAN_POINT ( 'NONE',  ( -33.36945557345440960, 20.81198441120422871, 7.263067225148337691 ) ) ;
#1704 = AXIS2_PLACEMENT_3D ( 'NONE', #1507, #500, #638 ) ;
#1705 = CARTESIAN_POINT ( 'NONE',  ( 25.99373633293703989, 20.33791371480424104, -8.185088438524710241 ) ) ;
#1706 = DIRECTION ( 'NONE',  ( 0.000000000000000000, 1.000000000000000000, 0.000000000000000000 ) ) ;
#1707 = EDGE_CURVE ( 'NONE', #1413, #1746, #582, .T. ) ;
#1708 = ORIENTED_EDGE ( 'NONE', *, *, #885, .F. ) ;
#1709 = CARTESIAN_POINT ( 'NONE',  ( -34.11660596990658689, 23.08347951292735445, -5.381093719750819737 ) ) ;
#1710 = ADVANCED_FACE ( 'NONE', ( #1390 ), #1354, .T. ) ;
#1711 = ORIENTED_EDGE ( 'NONE', *, *, #1707, .F. ) ;
#1712 = CIRCLE ( 'NONE', #428, 10.00000000000000000 ) ;
#1713 = CARTESIAN_POINT ( 'NONE',  ( -34.00814047507778071, 22.72839407591254002, 5.545773843713909024 ) ) ;
#1714 = CARTESIAN_POINT ( 'NONE',  ( 24.54720054708273480, 22.73939293246474946, 5.537065940918121321 ) ) ;
#1715 = CARTESIAN_POINT ( 'NONE',  ( -34.14042794353158428, 23.16288895944307669, 5.348935721693138134 ) ) ;
#1716 = CARTESIAN_POINT ( 'NONE',  ( 25.50771288197994480, 21.12850124556632991, -6.834849746050354113 ) ) ;
#1717 = DIRECTION ( 'NONE',  ( 1.000000000000000000, 0.000000000000000000, 0.000000000000000000 ) ) ;
#1718 = DATE_AND_TIME ( #988, #1647 ) ;
#1719 = ORIENTED_EDGE ( 'NONE', *, *, #1138, .F. ) ;
#1720 = CARTESIAN_POINT ( 'NONE',  ( -34.39338738223418801, 24.04068234014944494, 5.092888739374243023 ) ) ;
#1721 = CARTESIAN_POINT ( 'NONE',  ( 27.52577851367835748, 20.87317676488689600, 4.459341314766406938 ) ) ;
#1722 = CARTESIAN_POINT ( 'NONE',  ( -33.19734990685383025, 20.33819302329921541, 8.184171749162032938 ) ) ;
#1723 = CARTESIAN_POINT ( 'NONE',  ( 26.16075856611766071, 20.06987065594083219, -9.162261812323379218 ) ) ;
#1724 = LINE ( 'NONE', #1410, #1829 ) ;
#1725 = PERSON_AND_ORGANIZATION ( #378, #311 ) ;
#1726 = ORIENTED_EDGE ( 'NONE', *, *, #710, .T. ) ;
#1727 = CARTESIAN_POINT ( 'NONE',  ( 27.40469951453732733, 20.00000000000000000, 6.186162557049354582 ) ) ;
#1728 = B_SPLINE_CURVE_WITH_KNOTS ( 'NONE', 3,
 ( #1497, #194, #770, #1349, #625, #1486, #730, #291, #178, #318, #1165, #454, #1779, #1606, #586, #445, #1626, #1341, #1332, #1751, #869, #1761, #163, #187, #1031, #1324, #575, #466, #595, #35, #1176 ),
 .UNSPECIFIED., .F., .F.,
 ( 4, 1, 1, 2, 2, 1, 1, 2, 2, 1, 1, 1, 2, 2, 1, 1, 1, 1, 2, 2, 4 ),
 ( 0.000000000000000000, 0.1250000000000009437, 0.1875000000000020539, 0.2187500000000026090, 0.2500000000000031641, 0.3125000000000038303, 0.3437500000000043854, 0.3593750000000038858, 0.3750000000000033862, 0.4375000000000000555, 0.4687499999999987788, 0.4843749999999981126, 0.4921874999999983902, 0.4999999999999986677, 0.6249999999999967804, 0.6874999999999962252, 0.7187499999999956701, 0.7343749999999948930, 0.7421874999999946709, 0.7499999999999945599, 1.000000000000000000 ),
 .UNSPECIFIED. ) ;
#1729 = CARTESIAN_POINT ( 'NONE',  ( 0.000000000000000000, 100.0000000000000000, -2.500000000000053291 ) ) ;
#1730 = CARTESIAN_POINT ( 'NONE',  ( 28.50134623417200430, 18.48746601617594365, 10.60820760927473749 ) ) ;
#1731 = CARTESIAN_POINT ( 'NONE',  ( -33.30470876562315397, 20.63184968689208532, 7.560831437058834759 ) ) ;
#1732 = ADVANCED_FACE ( 'NONE', ( #498 ), #962, .T. ) ;
#1733 = CARTESIAN_POINT ( 'NONE',  ( -33.15222092219524797, 20.00000000000000355, 9.158918364648831911 ) ) ;
#1734 = CARTESIAN_POINT ( 'NONE',  ( 0.000000000000000000, 99.61507075500942676, 5.000000000000000000 ) ) ;
#1735 = ORIENTED_EDGE ( 'NONE', *, *, #68, .T. ) ;
#1736 = PERSON_AND_ORGANIZATION ( #378, #311 ) ;
#1737 = AXIS2_PLACEMENT_3D ( 'NONE', #835, #561, #825 ) ;
#1738 = ORIENTED_EDGE ( 'NONE', *, *, #403, .T. ) ;
#1739 = CARTESIAN_POINT ( 'NONE',  ( 194.6183915816770877, 87.80649114647421527, 5.000000000000000000 ) ) ;
#1740 = CIRCLE ( 'NONE', #1037, 75.00000000000001421 ) ;
#1741 = CARTESIAN_POINT ( 'NONE',  ( -34.09239716654514041, 23.00319974304096959, 5.414950303478150317 ) ) ;
#1742 = CARTESIAN_POINT ( 'NONE',  ( 23.45158507181347574, 24.66386039088913051, 5.008526700775504104 ) ) ;
#1743 = CARTESIAN_POINT ( 'NONE',  ( -35.73449757475829358, 20.00000000000000000, -4.574330902450672198 ) ) ;
#1744 = CARTESIAN_POINT ( 'NONE',  ( 27.54832965517800858, 20.81681061392977838, -4.510169086569172592 ) ) ;
#1745 = CARTESIAN_POINT ( 'NONE',  ( 26.08912378219269002, 20.18461472038928051, -8.642312364084533627 ) ) ;
#1746 = VERTEX_POINT ( 'NONE', #1246 ) ;
#1747 = CARTESIAN_POINT ( 'NONE',  ( 194.6183915816770877, 87.80649114647421527, -2.500000000000053291 ) ) ;
#1748 = CARTESIAN_POINT ( 'NONE',  ( 194.6183915816770877, 87.80649114647421527, -5.000000000000000000 ) ) ;
#1749 = CARTESIAN_POINT ( 'NONE',  ( 0.000000000000000000, 99.61507075500942676, 10.00000000000000000 ) ) ;
#1750 = CARTESIAN_POINT ( 'NONE',  ( 25.16648057160462670, 21.69326588947178536, 6.248613168087429059 ) ) ;
#1751 = CARTESIAN_POINT ( 'NONE',  ( 26.69737538124610055, 19.99999999999999645, -7.608508489018779741 ) ) ;
#1752 = CARTESIAN_POINT ( 'NONE',  ( 27.21729765121521538, 21.64843073930765627, -3.832818825481502767 ) ) ;
#1753 = CARTESIAN_POINT ( 'NONE',  ( -34.25555882426800025, 23.55450592274071298, -5.213502842038916896 ) ) ;
#1754 = CARTESIAN_POINT ( 'NONE',  ( 24.32461247417288064, 23.12275245514334898, -5.365015017942255326 ) ) ;
#1755 = ORIENTED_EDGE ( 'NONE', *, *, #1614, .F. ) ;
#1756 = COORDINATED_UNIVERSAL_TIME_OFFSET ( 5, 30, .AHEAD. ) ;
#1757 = EDGE_CURVE ( 'NONE', #997, #684, #757, .T. ) ;
#1758 = DIRECTION ( 'NONE',  ( 0.000000000000000000, 0.000000000000000000, 1.000000000000000000 ) ) ;
#1759 = CARTESIAN_POINT ( 'NONE',  ( 23.26613840166234581, 25.00000000000000000, 5.000000000000000000 ) ) ;
#1760 = CARTESIAN_POINT ( 'NONE',  ( -36.49484751700245511, 21.27229509087629467, -3.224889060195629931 ) ) ;
#1761 = CARTESIAN_POINT ( 'NONE',  ( 26.89441402007009785, 19.99999999999999289, -7.147135051974281339 ) ) ;
#1762 = CARTESIAN_POINT ( 'NONE',  ( 28.51024841272536392, 18.46613378505161052, -10.34227134269875492 ) ) ;
#1763 = CARTESIAN_POINT ( 'NONE',  ( -34.22260360616737529, 23.44121329251627373, -5.249015282613574307 ) ) ;
#1764 = EDGE_CURVE ( 'NONE', #1212, #93, #823, .T. ) ;
#1765 = CARTESIAN_POINT ( 'NONE',  ( 23.63647777376856141, 24.33209365292360005, -5.042006393009647702 ) ) ;
#1766 = ORIENTED_EDGE ( 'NONE', *, *, #969, .F. ) ;
#1767 = CARTESIAN_POINT ( 'NONE',  ( 9.184850993605150311E-15, 15.00000000000000000, 75.00000000000001421 ) ) ;
#1768 = CC_DESIGN_PERSON_AND_ORGANIZATION_ASSIGNMENT ( #856, #1282, ( #746 ) ) ;
#1769 = LINE ( 'NONE', #478, #396 ) ;
#1770 = AXIS2_PLACEMENT_3D ( 'NONE', #1348, #728, #1778 ) ;
#1771 = CARTESIAN_POINT ( 'NONE',  ( -35.18146856930366084, 20.00000000000000000, -5.287388800790844279 ) ) ;
#1772 = CARTESIAN_POINT ( 'NONE',  ( 28.50913057979702359, 18.46881438897851879, -9.676619546782916359 ) ) ;
#1773 = CARTESIAN_POINT ( 'NONE',  ( -33.41525058003610837, 20.94081543367263976, -7.076564671802191064 ) ) ;
#1774 = CIRCLE ( 'NONE', #1060, 5.000000000000001776 ) ;
#1775 = DIRECTION ( 'NONE',  ( 0.000000000000000000, -0.000000000000000000, -1.000000000000000000 ) ) ;
#1776 = DATE_AND_TIME ( #1502, #491 ) ;
#1777 = CARTESIAN_POINT ( 'NONE',  ( -33.08908642226176511, 20.04781422751189268, -9.301515485933204985 ) ) ;
#1778 = DIRECTION ( 'NONE',  ( 1.000000000000000000, 0.000000000000000000, 0.000000000000000000 ) ) ;
#1779 = CARTESIAN_POINT ( 'NONE',  ( 26.48519616848442126, 20.00000000000000000, -8.203387698217586177 ) ) ;
#1780 = CARTESIAN_POINT ( 'NONE',  ( 27.17059176284113420, 21.76672673105971612, -3.751509517000854110 ) ) ;
#1781 = CARTESIAN_POINT ( 'NONE',  ( -33.97913416928419394, 22.63508116481275678, -5.594640818475398625 ) ) ;
#1782 = CARTESIAN_POINT ( 'NONE',  ( 25.81995784394197813, 25.29908600141593666, 2.516315029758328770 ) ) ;
#1783 = PERSON_AND_ORGANIZATION_ROLE ( 'classification_officer' ) ;
#1784 = CARTESIAN_POINT ( 'NONE',  ( 26.20448055586489744, 20.00000000000000000, 9.590161987040016101 ) ) ;
#1785 = CARTESIAN_POINT ( 'NONE',  ( -33.16021438971846180, 20.00000000000000000, -9.118127602307367852 ) ) ;
#1786 = PLANE ( 'NONE',  #547 ) ;
#1787 = CARTESIAN_POINT ( 'NONE',  ( 28.25212580181236888, 19.08763975947535840, -6.972366568109466201 ) ) ;
#1788 = CARTESIAN_POINT ( 'NONE',  ( -34.25463725660874559, 23.55132330613566438, -5.214465351658740033 ) ) ;
#1789 = EDGE_CURVE ( 'NONE', #857, #1413, #1383, .T. ) ;
#1790 = CC_DESIGN_PERSON_AND_ORGANIZATION_ASSIGNMENT ( #1631, #1783, ( #102 ) ) ;
#1791 = CARTESIAN_POINT ( 'NONE',  ( -35.12085311375194863, 19.99999999999999645, 5.367978863562651526 ) ) ;
#1792 = COORDINATED_UNIVERSAL_TIME_OFFSET ( 5, 30, .AHEAD. ) ;
#1793 = CARTESIAN_POINT ( 'NONE',  ( 25.61949435041766776, 20.94530956531571775, 7.073065226297972075 ) ) ;
#1794 = CARTESIAN_POINT ( 'NONE',  ( 0.000000000000000000, 0.000000000000000000, 0.000000000000000000 ) ) ;
#1795 = DIRECTION ( 'NONE',  ( -0.7071067811865465735, 0.000000000000000000, -0.7071067811865485719 ) ) ;
#1796 = CARTESIAN_POINT ( 'NONE',  ( 27.48773962653733349, 20.96820831793692363, -4.372919752131513960 ) ) ;
#1797 = LINE ( 'NONE', #1537, #1335 ) ;
#1798 = CARTESIAN_POINT ( 'NONE',  ( -38.52119190199093168, 41.30284372434919504, 2.499999999999970246 ) ) ;
#1799 = AXIS2_PLACEMENT_3D ( 'NONE', #596, #292, #903 ) ;
#1800 = CARTESIAN_POINT ( 'NONE',  ( -35.14021994009902272, 19.99999999999999645, 5.342164074085253844 ) ) ;
#1801 = CIRCLE ( 'NONE', #855, 180.0000000000000000 ) ;
#1802 = CALENDAR_DATE ( 2026, 12, 9 ) ;
#1803 = ORIENTED_EDGE ( 'NONE', *, *, #161, .F. ) ;
#1804 = CARTESIAN_POINT ( 'NONE',  ( -36.30389741575700668, 20.36028854112999298, -3.725226713092053110 ) ) ;
#1805 = CARTESIAN_POINT ( 'NONE',  ( 25.79314858891597240, 20.66228718848924473, 7.511785934614421123 ) ) ;
#1806 = CARTESIAN_POINT ( 'NONE',  ( 194.6183915816770877, 87.80649114647421527, -2.500000000000053291 ) ) ;
#1807 = CARTESIAN_POINT ( 'NONE',  ( 26.52249303873814412, 23.43425556021502487, -2.913714443171912194 ) ) ;
#1808 = CARTESIAN_POINT ( 'NONE',  ( -33.14368403928674667, 20.19354883816377821, 8.619848465974357055 ) ) ;
#1809 = CARTESIAN_POINT ( 'NONE',  ( 25.28753632203807555, 21.49203672690669720, 6.437093082511395892 ) ) ;
#1810 = DIRECTION ( 'NONE',  ( 0.000000000000000000, 0.000000000000000000, 1.000000000000000000 ) ) ;
#1811 = CARTESIAN_POINT ( 'NONE',  ( -33.79829563154925154, 20.00000000000000000, 7.401299805759724570 ) ) ;
#1812 = ORIENTED_EDGE ( 'NONE', *, *, #342, .T. ) ;
#1813 = CARTESIAN_POINT ( 'NONE',  ( -34.21221802245131016, 23.40540376292815594, -5.260308747729058432 ) ) ;
#1814 = EDGE_CURVE ( 'NONE', #168, #1403, #230, .T. ) ;
#1815 = VERTEX_POINT ( 'NONE', #1440 ) ;
#1816 = CARTESIAN_POINT ( 'NONE',  ( 26.11874734607997794, 20.13712545921023178, 8.825360380022338802 ) ) ;
#1817 = LINE ( 'NONE', #354, #1585 ) ;
#1818 = CARTESIAN_POINT ( 'NONE',  ( -33.27725396960227755, 20.55631117950746400, 7.706442859318861416 ) ) ;
#1819 = CARTESIAN_POINT ( 'NONE',  ( 24.81959824576383511, 22.27592891623577742, 5.807206315454925161 ) ) ;
#1820 = CARTESIAN_POINT ( 'NONE',  ( 0.000000000000000000, 20.00000000000000000, 0.000000000000000000 ) ) ;
#1821 = CARTESIAN_POINT ( 'NONE',  ( 24.41174747894300268, 22.97203920765750595, -5.426384233801627488 ) ) ;
#1822 = EDGE_CURVE ( 'NONE', #1403, #1320, #1127, .T. ) ;
#1823 = DIRECTION ( 'NONE',  ( -0.000000000000000000, -0.000000000000000000, -1.000000000000000000 ) ) ;
#1824 = VERTEX_POINT ( 'NONE', #1880 ) ;
#1825 = CARTESIAN_POINT ( 'NONE',  ( -34.55994103770299830, 24.65596121491481441, -5.008935894158895508 ) ) ;
#1826 = VERTEX_POINT ( 'NONE', #1572 ) ;
#1827 = CARTESIAN_POINT ( 'NONE',  ( -33.08332904051695067, 20.03242749159112535, 9.341379008706377718 ) ) ;
#1828 = CARTESIAN_POINT ( 'NONE',  ( 25.33253027182726314, 21.41745919877802606, 6.511662443201787553 ) ) ;
#1829 = VECTOR ( 'NONE', #843, 1000.000000000000000 ) ;
#1830 = DIRECTION ( 'NONE',  ( 0.000000000000000000, 0.000000000000000000, -1.000000000000000000 ) ) ;
#1831 = AXIS2_PLACEMENT_3D ( 'NONE', #748, #602, #1340 ) ;
#1832 = CARTESIAN_POINT ( 'NONE',  ( 23.75603077933692830, 24.11940548587446997, -5.078085714771037651 ) ) ;
#1833 = CIRCLE ( 'NONE', #941, 97.50000000000002842 ) ;
#1834 = DIRECTION ( 'NONE',  ( 0.000000000000000000, 0.000000000000000000, 1.000000000000000000 ) ) ;
#1835 = ORIENTED_EDGE ( 'NONE', *, *, #876, .T. ) ;
#1836 = CIRCLE ( 'NONE', #1864, 15.00000000000000000 ) ;
#1837 = DIRECTION ( 'NONE',  ( -1.000000000000000000, 0.000000000000000000, 0.000000000000000000 ) ) ;
#1838 = ORIENTED_EDGE ( 'NONE', *, *, #1211, .F. ) ;
#1839 = LINE ( 'NONE', #531, #1337 ) ;
#1840 = CARTESIAN_POINT ( 'NONE',  ( 24.32968212476269088, 23.11406188185517507, 5.369312455571131792 ) ) ;
#1841 = LINE ( 'NONE', #933, #335 ) ;
#1842 = CARTESIAN_POINT ( 'NONE',  ( 24.80608824256028910, 22.29879785625555044, -5.792436545755176525 ) ) ;
#1843 = EDGE_LOOP ( 'NONE', ( #440, #286, #1699, #1684, #400 ) ) ;
#1844 = CARTESIAN_POINT ( 'NONE',  ( -33.11437060937425514, 20.11516415184841478, -8.929472302332470690 ) ) ;
#1845 = EDGE_LOOP ( 'NONE', ( #987, #1622, #1542, #708 ) ) ;
#1846 = CYLINDRICAL_SURFACE ( 'NONE', #245, 100.0000000000000000 ) ;
#1847 = CARTESIAN_POINT ( 'NONE',  ( 28.29373259303898891, 18.98704008411788280, 7.215158877565010620 ) ) ;
#1848 = CARTESIAN_POINT ( 'NONE',  ( -37.06825006414656087, 24.31608278841152426, 2.500008230596072245 ) ) ;
#1849 = ADVANCED_FACE ( 'NONE', ( #591 ), #430, .F. ) ;
#1850 = CARTESIAN_POINT ( 'NONE',  ( 25.24002948987297046, 21.57089702851192925, -6.361057619628391002 ) ) ;
#1851 = DIRECTION ( 'NONE',  ( 1.000000000000000000, 0.000000000000000000, 0.000000000000000000 ) ) ;
#1852 = CARTESIAN_POINT ( 'NONE',  ( -35.49764299268181844, 16.89858221726886711, -9.555628797326081170 ) ) ;
#1853 = ORIENTED_EDGE ( 'NONE', *, *, #1269, .F. ) ;
#1854 = CARTESIAN_POINT ( 'NONE',  ( -34.13628266196223393, 23.14928930952801522, 5.355074166838447169 ) ) ;
#1855 = CARTESIAN_POINT ( 'NONE',  ( 28.02297901045953310, 19.64510976030064526, 5.930944267488870381 ) ) ;
#1856 = CARTESIAN_POINT ( 'NONE',  ( -33.09582036559954332, 20.06574646311293364, 9.187138240408996737 ) ) ;
#1857 = CIRCLE ( 'NONE', #1242, 15.00000000000000000 ) ;
#1858 = CARTESIAN_POINT ( 'NONE',  ( 26.20447611085948481, 20.00000000000000000, -10.00000000000000000 ) ) ;
#1859 = CARTESIAN_POINT ( 'NONE',  ( -34.64854121788252428, 25.00000000000000000, 5.000000000000000000 ) ) ;
#1860 = AXIS2_PLACEMENT_3D ( 'NONE', #1206, #479, #488 ) ;
#1861 = ORIENTED_EDGE ( 'NONE', *, *, #1532, .F. ) ;
#1862 = PERSON_AND_ORGANIZATION ( #378, #311 ) ;
#1863 = EDGE_LOOP ( 'NONE', ( #1766, #1225, #449, #1658 ) ) ;
#1864 = AXIS2_PLACEMENT_3D ( 'NONE', #116, #541, #100 ) ;
#1865 = CARTESIAN_POINT ( 'NONE',  ( -34.39643447677901378, 24.05166555152440822, 5.090754327750977914 ) ) ;
#1866 = CARTESIAN_POINT ( 'NONE',  ( 27.80882215876452079, 20.17073275644305141, 5.200098340681782894 ) ) ;
#1867 = CARTESIAN_POINT ( 'NONE',  ( -37.02247306682352246, 24.05268792744830364, 2.513403841238465386 ) ) ;
#1868 = CARTESIAN_POINT ( 'NONE',  ( 25.76564963972969835, 20.70700094988897888, -7.435287942311818554 ) ) ;
#1869 = CARTESIAN_POINT ( 'NONE',  ( 0.000000000000000000, 15.00000000000000000, -75.00000000000001421 ) ) ;
#1870 = APPROVAL_STATUS ( 'not_yet_approved' ) ;
#1871 = EDGE_LOOP ( 'NONE', ( #675, #644, #735, #147 ) ) ;
#1872 = CARTESIAN_POINT ( 'NONE',  ( 27.75670830249359611, 20.00000000000000000, 5.609056786920270987 ) ) ;
#1873 = EDGE_CURVE ( 'NONE', #360, #1370, #1801, .T. ) ;
#1874 = CARTESIAN_POINT ( 'NONE',  ( -34.25658058659413285, 23.55803725584434005, 5.212438602688695077 ) ) ;
#1875 = CARTESIAN_POINT ( 'NONE',  ( 28.47721050466524417, 18.54533094235625512, 8.876714867535488551 ) ) ;
#1876 = CARTESIAN_POINT ( 'NONE',  ( -36.78725835843142988, 22.75970208670542050, 2.709021566022498106 ) ) ;
#1877 = CARTESIAN_POINT ( 'NONE',  ( 24.18782778119736321, 23.36013115508537297, -5.275809628781239269 ) ) ;
#1878 = CARTESIAN_POINT ( 'NONE',  ( 61.47880809800907542, 41.30284372434919504, 2.499999999999970246 ) ) ;
#1879 = ORIENTED_EDGE ( 'NONE', *, *, #165, .F. ) ;
#1880 = CARTESIAN_POINT ( 'NONE',  ( -10.00000000000000000, 99.61507075500942676, 7.499999999999971578 ) ) ;
#1881 = ORIENTED_EDGE ( 'NONE', *, *, #891, .T. ) ;
#1882 = DIRECTION ( 'NONE',  ( 0.000000000000000000, -0.000000000000000000, -1.000000000000000000 ) ) ;
#1883 = CARTESIAN_POINT ( 'NONE',  ( -34.26735812773411993, 23.59533963878683238, 5.201338495861570266 ) ) ;
#1884 = CARTESIAN_POINT ( 'NONE',  ( 23.26613840166239555, 25.00000000000000000, 5.000000000000000000 ) ) ;
#1885 = CARTESIAN_POINT ( 'NONE',  ( -33.76880089277856456, 21.97765791235036659, 6.015926208145899068 ) ) ;
ENDSEC;
END-ISO-10303-21;
