ISO-10303-21;
HEADER;
FILE_DESCRIPTION (( 'STEP AP203' ),
    '1' );
FILE_NAME ('Part3_Default_sldprt.STEP',
    '2026-09-12T12:54:49',
    ( '' ),
    ( '' ),
    'SwSTEP 2.0',
    'SolidWorks 2024',
    '' );
FILE_SCHEMA (( 'CONFIG_CONTROL_DESIGN' ));
ENDSEC;

DATA;
#1 = B_SPLINE_CURVE_WITH_KNOTS ( 'NONE', 3,
 ( #629, #2629, #882, #2645 ),
 .UNSPECIFIED., .F., .F.,
 ( 4, 4 ),
 ( 0.0001035795173233122589, 0.0002687721251968462383 ),
 .UNSPECIFIED. ) ;
#2 = CYLINDRICAL_SURFACE ( 'NONE', #1183, 3.785496316990466070 ) ;
#3 = LINE ( 'NONE', #959, #1976 ) ;
#4 = CIRCLE ( 'NONE', #694, 3.000000000000002665 ) ;
#5 = ADVANCED_FACE ( 'NONE', ( #1143 ), #1497, .T. ) ;
#6 = EDGE_CURVE ( 'NONE', #1016, #403, #2742, .T. ) ;
#7 = DIRECTION ( 'NONE',  ( -0.000000000000000000, -0.000000000000000000, -1.000000000000000000 ) ) ;
#8 = DIRECTION ( 'NONE',  ( -1.000000000000000000, 0.000000000000000000, 0.000000000000000000 ) ) ;
#9 = CARTESIAN_POINT ( 'NONE',  ( 115.8014710227991912, -0.5212759657435627192, -0.8272945322569283944 ) ) ;
#10 = CIRCLE ( 'NONE', #2285, 2.000000000000001776 ) ;
#11 = ORIENTED_EDGE ( 'NONE', *, *, #1418, .T. ) ;
#12 = DIRECTION ( 'NONE',  ( 1.000000000000000000, 0.000000000000000000, 0.000000000000000000 ) ) ;
#13 = VERTEX_POINT ( 'NONE', #2858 ) ;
#14 = CARTESIAN_POINT ( 'NONE',  ( 109.4324186372044210, 4.874592590212229126, -7.500000000000000000 ) ) ;
#15 = DIRECTION ( 'NONE',  ( 0.000000000000000000, 0.000000000000000000, 1.000000000000000000 ) ) ;
#16 = APPROVAL_PERSON_ORGANIZATION ( #2106, #437, #2519 ) ;
#17 = VERTEX_POINT ( 'NONE', #14 ) ;
#18 = FACE_OUTER_BOUND ( 'NONE', #703, .T. ) ;
#19 = DIRECTION ( 'NONE',  ( -0.000000000000000000, -0.000000000000000000, 1.000000000000000000 ) ) ;
#20 = CARTESIAN_POINT ( 'NONE',  ( -72.22419328120827231, -15.03332428760800532, 11.50000000000000000 ) ) ;
#21 = AXIS2_PLACEMENT_3D ( 'NONE', #1991, #2197, #1774 ) ;
#22 = ORIENTED_EDGE ( 'NONE', *, *, #2848, .F. ) ;
#23 = CARTESIAN_POINT ( 'NONE',  ( 109.3941714936404708, -5.000000000000000000, 7.393781936622056072 ) ) ;
#24 = ORIENTED_EDGE ( 'NONE', *, *, #1305, .F. ) ;
#25 = ORIENTED_EDGE ( 'NONE', *, *, #1368, .F. ) ;
#26 = DIRECTION ( 'NONE',  ( 0.000000000000000000, 0.000000000000000000, 1.000000000000000000 ) ) ;
#27 = LINE ( 'NONE', #2236, #2699 ) ;
#28 = DIRECTION ( 'NONE',  ( 1.000000000000000000, 6.360652745248286895E-15, 0.000000000000000000 ) ) ;
#29 = DIRECTION ( 'NONE',  ( 0.000000000000000000, 0.000000000000000000, 1.000000000000000000 ) ) ;
#30 = CIRCLE ( 'NONE', #2256, 20.00000000000001066 ) ;
#31 = ADVANCED_FACE ( 'NONE', ( #2680 ), #2, .T. ) ;
#32 = DIRECTION ( 'NONE',  ( -0.000000000000000000, -0.000000000000000000, -1.000000000000000000 ) ) ;
#33 = TOROIDAL_SURFACE ( 'NONE', #544, 2.000000000000000000, 1.000000000000000000 ) ;
#34 = DIRECTION ( 'NONE',  ( -0.9659258262890708657, -0.2588190451025114136, 0.000000000000000000 ) ) ;
#35 = ORIENTED_EDGE ( 'NONE', *, *, #384, .F. ) ;
#36 = CARTESIAN_POINT ( 'NONE',  ( -74.19302229496030066, -13.43899798818049263, 11.50000000000000000 ) ) ;
#37 = ORIENTED_EDGE ( 'NONE', *, *, #1895, .T. ) ;
#38 = TOROIDAL_SURFACE ( 'NONE', #1669, 15.50000000000000000, 1.000000000000000000 ) ;
#39 = EDGE_LOOP ( 'NONE', ( #2115, #519, #1415, #2436 ) ) ;
#40 = CARTESIAN_POINT ( 'NONE',  ( -59.56137782913938139, 16.22985835990198211, 7.500000000000000888 ) ) ;
#41 = CARTESIAN_POINT ( 'NONE',  ( -59.56137782913938139, 16.22985835990198211, 11.50000000000000000 ) ) ;
#42 = ORIENTED_EDGE ( 'NONE', *, *, #265, .F. ) ;
#43 = EDGE_CURVE ( 'NONE', #1821, #123, #823, .T. ) ;
#44 = CARTESIAN_POINT ( 'NONE',  ( -62.09131544642880129, 16.36244677214879317, 12.50000000000000000 ) ) ;
#45 = CARTESIAN_POINT ( 'NONE',  ( -61.68039180462715620, 0.000000000000000000, 12.50000000000000000 ) ) ;
#46 = CARTESIAN_POINT ( 'NONE',  ( -61.68039180462715620, 0.000000000000000000, 12.50000000000000000 ) ) ;
#47 = VECTOR ( 'NONE', #168, 1000.000000000000000 ) ;
#48 = DIRECTION ( 'NONE',  ( 0.7771459614569662389, -0.6293203910498432752, 0.000000000000000000 ) ) ;
#49 = ORIENTED_EDGE ( 'NONE', *, *, #889, .F. ) ;
#50 = CARTESIAN_POINT ( 'NONE',  ( -52.76576066133787180, -16.05309752954373437, 12.50000000000000000 ) ) ;
#51 = ORIENTED_EDGE ( 'NONE', *, *, #325, .F. ) ;
#52 = DIRECTION ( 'NONE',  ( 0.8386705679454303786, 0.5446390350150174253, -0.000000000000000000 ) ) ;
#53 = DIRECTION ( 'NONE',  ( 0.1870872004560183988, -0.6819078965854259433, -0.7071067811865260344 ) ) ;
#54 = CARTESIAN_POINT ( 'NONE',  ( 115.8196081866334168, 0.0003620654552766168727, -1.342346769779129811 ) ) ;
#55 = AXIS2_PLACEMENT_3D ( 'NONE', #684, #1814, #2240 ) ;
#56 = ORIENTED_EDGE ( 'NONE', *, *, #1542, .T. ) ;
#57 = EDGE_LOOP ( 'NONE', ( #258, #2108, #2637, #1439, #787, #1456 ) ) ;
#58 = LINE ( 'NONE', #1829, #1680 ) ;
#59 = AXIS2_PLACEMENT_3D ( 'NONE', #1084, #1967, #1316 ) ;
#60 = CARTESIAN_POINT ( 'NONE',  ( -61.68039180462715620, 0.000000000000000000, -17.50000000000000000 ) ) ;
#61 = CARTESIAN_POINT ( 'NONE',  ( -38.88833497356155533, -10.42009795115670556, 11.50000000000000000 ) ) ;
#62 = B_SPLINE_CURVE_WITH_KNOTS ( 'NONE', 3,
 ( #2219, #661, #2632, #648, #2677, #2010, #1998, #1543, #2460, #1557, #1793, #2433, #1129, #2231 ),
 .UNSPECIFIED., .F., .F.,
 ( 4, 2, 2, 2, 2, 2, 4 ),
 ( 3.607089572692240030E-07, 0.0002347601282563246505, 0.0004691595475553800776, 0.0009379583861534914737, 0.001406757224751602761, 0.001641156644050659327, 0.001875556063349715459 ),
 .UNSPECIFIED. ) ;
#63 = EDGE_CURVE ( 'NONE', #307, #2545, #433, .T. ) ;
#64 = DIRECTION ( 'NONE',  ( -0.000000000000000000, 0.000000000000000000, 1.000000000000000000 ) ) ;
#65 = ORIENTED_EDGE ( 'NONE', *, *, #2778, .F. ) ;
#66 = DIRECTION ( 'NONE',  ( -0.000000000000000000, -1.000000000000000000, 0.000000000000000000 ) ) ;
#67 = ORIENTED_EDGE ( 'NONE', *, *, #1969, .F. ) ;
#68 = CYLINDRICAL_SURFACE ( 'NONE', #1831, 3.000000000000002665 ) ;
#69 = VECTOR ( 'NONE', #288, 1000.000000000000000 ) ;
#70 = DIRECTION ( 'NONE',  ( 1.000000000000000000, 8.881784197001250351E-16, 0.000000000000000000 ) ) ;
#71 = EDGE_CURVE ( 'NONE', #2196, #1169, #974, .T. ) ;
#72 = PERSON_AND_ORGANIZATION ( #670, #1550 ) ;
#73 = AXIS2_PLACEMENT_3D ( 'NONE', #2331, #2316, #847 ) ;
#74 = EDGE_LOOP ( 'NONE', ( #1056, #2461, #2204, #1117 ) ) ;
#75 = ORIENTED_EDGE ( 'NONE', *, *, #2368, .F. ) ;
#76 = FACE_OUTER_BOUND ( 'NONE', #140, .T. ) ;
#77 = FACE_OUTER_BOUND ( 'NONE', #1809, .T. ) ;
#78 = EDGE_CURVE ( 'NONE', #1821, #2563, #2573, .T. ) ;
#79 = CARTESIAN_POINT ( 'NONE',  ( -59.56137782913938139, 16.22985835990198211, 7.500000000000000888 ) ) ;
#80 = EDGE_CURVE ( 'NONE', #2232, #390, #1559, .T. ) ;
#81 = CARTESIAN_POINT ( 'NONE',  ( -66.68039180462716331, 6.123233995736772199E-16, -17.50000000000000000 ) ) ;
#82 = EDGE_CURVE ( 'NONE', #1259, #2190, #1585, .T. ) ;
#83 = CIRCLE ( 'NONE', #1709, 3.000000000000002665 ) ;
#84 = ORIENTED_EDGE ( 'NONE', *, *, #2831, .T. ) ;
#85 = CARTESIAN_POINT ( 'NONE',  ( -65.03719054151949308, 16.11006406181054729, 11.83148599391329370 ) ) ;
#86 = CIRCLE ( 'NONE', #2626, 2.000000000000001776 ) ;
#87 = ORIENTED_EDGE ( 'NONE', *, *, #185, .T. ) ;
#88 = DIRECTION ( 'NONE',  ( -0.000000000000000000, 0.000000000000000000, 1.000000000000000000 ) ) ;
#89 = CARTESIAN_POINT ( 'NONE',  ( -8.757597686980208351, 426.7308025708727541, 7.500000000000000000 ) ) ;
#90 = CARTESIAN_POINT ( 'NONE',  ( -61.68039180462715620, 0.000000000000000000, 12.50000000000000000 ) ) ;
#91 = ORIENTED_EDGE ( 'NONE', *, *, #643, .T. ) ;
#92 = EDGE_LOOP ( 'NONE', ( #2707, #552, #502, #1423 ) ) ;
#93 = CARTESIAN_POINT ( 'NONE',  ( -63.83422644895001241, -17.36695126741936690, -7.500000000000000000 ) ) ;
#94 = DIRECTION ( 'NONE',  ( 1.000000000000000000, 0.000000000000000000, 0.000000000000000000 ) ) ;
#95 = ADVANCED_FACE ( 'NONE', ( #2665 ), #2246, .T. ) ;
#96 = ADVANCED_FACE ( 'NONE', ( #769 ), #68, .T. ) ;
#97 = B_SPLINE_CURVE_WITH_KNOTS ( 'NONE', 3,
 ( #1475, #2372, #2164, #1701, #1932, #1673, #2785, #2826 ),
 .UNSPECIFIED., .F., .F.,
 ( 4, 2, 2, 4 ),
 ( 0.01077672824979024856, 0.01198688883603065206, 0.01319704942227105729, 0.01561737059475190245 ),
 .UNSPECIFIED. ) ;
#98 = DIRECTION ( 'NONE',  ( -0.000000000000000000, -0.000000000000000000, -1.000000000000000000 ) ) ;
#99 = DIRECTION ( 'NONE',  ( 1.000000000000000000, 0.000000000000000000, 0.000000000000000000 ) ) ;
#100 = B_SPLINE_CURVE_WITH_KNOTS ( 'NONE', 3,
 ( #1002, #1883, #2258, #2036 ),
 .UNSPECIFIED., .F., .F.,
 ( 4, 4 ),
 ( 0.003997526924389343227, 0.004304959952859665866 ),
 .UNSPECIFIED. ) ;
#101 = VERTEX_POINT ( 'NONE', #1222 ) ;
#102 = CARTESIAN_POINT ( 'NONE',  ( -36.58569500162069943, -45.17957072735935498, 11.50000000000000000 ) ) ;
#103 = ORIENTED_EDGE ( 'NONE', *, *, #475, .F. ) ;
#104 = CARTESIAN_POINT ( 'NONE',  ( 128.2304804565601444, 5.000000000000000000, -0.6711734656911403363 ) ) ;
#105 = DIRECTION ( 'NONE',  ( 1.000000000000000000, 0.000000000000000000, 0.000000000000000000 ) ) ;
#106 = APPROVAL_STATUS ( 'not_yet_approved' ) ;
#107 = VERTEX_POINT ( 'NONE', #332 ) ;
#108 = CIRCLE ( 'NONE', #2333, 3.000000000000002665 ) ;
#109 = EDGE_LOOP ( 'NONE', ( #2528, #2724, #2597, #621 ) ) ;
#110 = CARTESIAN_POINT ( 'NONE',  ( 135.8196081953728367, -5.000000000000000000, 15.00000000000000000 ) ) ;
#111 = AXIS2_PLACEMENT_3D ( 'NONE', #1017, #842, #1050 ) ;
#112 = CYLINDRICAL_SURFACE ( 'NONE', #826, 7.500000000000007105 ) ;
#113 = AXIS2_PLACEMENT_3D ( 'NONE', #2254, #2033, #48 ) ;
#114 = CARTESIAN_POINT ( 'NONE',  ( 128.2304804565601444, 5.000000000000000000, -0.6711734656911403363 ) ) ;
#115 = CARTESIAN_POINT ( 'NONE',  ( -72.22419328120827231, -15.03332428760799822, 12.50000000000000000 ) ) ;
#116 = EDGE_LOOP ( 'NONE', ( #65, #2568, #1285, #207 ) ) ;
#117 = CARTESIAN_POINT ( 'NONE',  ( -58.55214785999048388, 19.75383734424388038, 5.000000000000219380 ) ) ;
#118 = ORIENTED_EDGE ( 'NONE', *, *, #1315, .F. ) ;
#119 = FACE_OUTER_BOUND ( 'NONE', #2542, .T. ) ;
#120 = FACE_OUTER_BOUND ( 'NONE', #977, .T. ) ;
#121 = ORIENTED_EDGE ( 'NONE', *, *, #1751, .T. ) ;
#122 = DATE_AND_TIME ( #151, #2511 ) ;
#123 = VERTEX_POINT ( 'NONE', #1443 ) ;
#124 = ORIENTED_EDGE ( 'NONE', *, *, #950, .F. ) ;
#125 = DIRECTION ( 'NONE',  ( 1.000000000000000000, -3.552713678800500929E-15, 0.000000000000000000 ) ) ;
#127 = CARTESIAN_POINT ( 'NONE',  ( 108.2417454746021406, 7.499595815556509670, 5.000000000000219380 ) ) ;
#126 = AXIS2_PLACEMENT_3D ( 'NONE', #943, #501, #105 ) ;
#128 = AXIS2_PLACEMENT_3D ( 'NONE', #2446, #1349, #2229 ) ;
#129 = EDGE_CURVE ( 'NONE', #2745, #2563, #2808, .T. ) ;
#130 = DIRECTION ( 'NONE',  ( 1.000000000000000000, 0.000000000000000000, 0.000000000000000000 ) ) ;
#131 = ORIENTED_EDGE ( 'NONE', *, *, #1955, .F. ) ;
#132 = DIRECTION ( 'NONE',  ( 0.7771459614569662389, -0.6293203910498432752, 0.000000000000000000 ) ) ;
#133 = ORIENTED_EDGE ( 'NONE', *, *, #1337, .T. ) ;
#134 = CIRCLE ( 'NONE', #361, 2.000000000000001776 ) ;
#135 = CYLINDRICAL_SURFACE ( 'NONE', #215, 12.42900736601908562 ) ;
#136 = CARTESIAN_POINT ( 'NONE',  ( 113.9097781391223236, 5.000000000000000000, -4.999999999999886313 ) ) ;
#137 = ORIENTED_EDGE ( 'NONE', *, *, #604, .F. ) ;
#138 = ORIENTED_EDGE ( 'NONE', *, *, #196, .F. ) ;
#139 = AXIS2_PLACEMENT_3D ( 'NONE', #1634, #2077, #2746 ) ;
#140 = EDGE_LOOP ( 'NONE', ( #2759, #2722, #2606, #1823 ) ) ;
#141 = CARTESIAN_POINT ( 'NONE',  ( -47.61692717511654394, 7.422919821337109703, 12.42226674930540220 ) ) ;
#142 = EDGE_CURVE ( 'NONE', #2745, #123, #2206, .T. ) ;
#143 = ADVANCED_FACE ( 'NONE', ( #119 ), #1644, .T. ) ;
#144 = CARTESIAN_POINT ( 'NONE',  ( 115.8117131550167471, -0.3468624781283871639, 1.179694099444863920 ) ) ;
#145 = CIRCLE ( 'NONE', #2374, 3.785496316990467847 ) ;
#146 = CARTESIAN_POINT ( 'NONE',  ( -73.20860778808493308, -14.23616113789372228, 11.50000000000000000 ) ) ;
#147 = CARTESIAN_POINT ( 'NONE',  ( 112.5289401249250716, 5.000000000000000000, 5.992542628964518947 ) ) ;
#148 = CARTESIAN_POINT ( 'NONE',  ( 97.86004937184274866, 1007.445704556437590, -7.500000000000000000 ) ) ;
#149 = CARTESIAN_POINT ( 'NONE',  ( -49.73034269092879356, -12.99596265175504506, 12.50000000000000000 ) ) ;
#150 = ORIENTED_EDGE ( 'NONE', *, *, #1294, .T. ) ;
#151 = CALENDAR_DATE ( 2026, 12, 9 ) ;
#152 = EDGE_LOOP ( 'NONE', ( #1186, #2068, #578, #259, #1142 ) ) ;
#153 = TOROIDAL_SURFACE ( 'NONE', #508, 1.999999999999999112, 1.000000000000000000 ) ;
#154 = ORIENTED_EDGE ( 'NONE', *, *, #78, .F. ) ;
#155 = CARTESIAN_POINT ( 'NONE',  ( -47.39611850454264186, 8.170788189791309719, 11.83148804205153581 ) ) ;
#156 = AXIS2_PLACEMENT_3D ( 'NONE', #528, #766, #2067 ) ;
#157 = CARTESIAN_POINT ( 'NONE',  ( -50.64106462089876004, -14.67330378764590115, 12.50000000000000000 ) ) ;
#158 = CARTESIAN_POINT ( 'NONE',  ( 115.8142692815020638, -0.2907460545597984058, 0.1058407776760439539 ) ) ;
#159 = CARTESIAN_POINT ( 'NONE',  ( -56.60834420425452862, 15.70109337401552629, 7.500000000000000888 ) ) ;
#160 = SECURITY_CLASSIFICATION ( '', '', #1703 ) ;
#161 = DIRECTION ( 'NONE',  ( -0.000000000000000000, -0.000000000000000000, -1.000000000000000000 ) ) ;
#162 = LINE ( 'NONE', #1713, #1832 ) ;
#163 = DIRECTION ( 'NONE',  ( -0.5446390350150247528, 0.8386705679454257156, 0.000000000000000000 ) ) ;
#164 = EDGE_LOOP ( 'NONE', ( #2790, #1312, #2051, #1155 ) ) ;
#165 = ORIENTED_EDGE ( 'NONE', *, *, #1477, .F. ) ;
#166 = VERTEX_POINT ( 'NONE', #2531 ) ;
#167 = EDGE_CURVE ( 'NONE', #861, #1987, #354, .T. ) ;
#168 = DIRECTION ( 'NONE',  ( 0.000000000000000000, 0.000000000000000000, 1.000000000000000000 ) ) ;
#169 = CIRCLE ( 'NONE', #126, 3.000000000000002665 ) ;
#170 = DIRECTION ( 'NONE',  ( 0.000000000000000000, 0.000000000000000000, -1.000000000000000000 ) ) ;
#171 = CARTESIAN_POINT ( 'NONE',  ( -68.63644643827441882, -14.42016019035689389, 12.36993840020068092 ) ) ;
#172 = EDGE_CURVE ( 'NONE', #835, #1007, #2054, .T. ) ;
#173 = EDGE_CURVE ( 'NONE', #1243, #535, #1697, .T. ) ;
#174 = CARTESIAN_POINT ( 'NONE',  ( 109.4932553710541612, -5.000000000000000000, -7.367627395104645593 ) ) ;
#175 = CARTESIAN_POINT ( 'NONE',  ( 97.86004937184274866, 1007.445704556437590, 7.500000000000000000 ) ) ;
#176 = CARTESIAN_POINT ( 'NONE',  ( -77.36898581851924916, 4.665462514913759406, 11.50000000000000000 ) ) ;
#177 = EDGE_LOOP ( 'NONE', ( #2775, #2218, #1512, #994 ) ) ;
#178 = CYLINDRICAL_SURFACE ( 'NONE', #2179, 3.000000000000002665 ) ;
#179 = ORIENTED_EDGE ( 'NONE', *, *, #374, .T. ) ;
#180 = AXIS2_PLACEMENT_3D ( 'NONE', #856, #2177, #1037 ) ;
#181 = EDGE_LOOP ( 'NONE', ( #154, #2121, #1357, #344 ) ) ;
#182 = DIRECTION ( 'NONE',  ( 1.000000000000000000, 0.000000000000000000, 0.000000000000000000 ) ) ;
#183 = AXIS2_PLACEMENT_3D ( 'NONE', #44, #1332, #891 ) ;
#184 = CARTESIAN_POINT ( 'NONE',  ( -8.757597686980208351, 426.7308025708727541, 5.000000000000219380 ) ) ;
#185 = EDGE_CURVE ( 'NONE', #123, #1792, #1173, .T. ) ;
#186 = AXIS2_PLACEMENT_3D ( 'NONE', #2348, #1650, #391 ) ;
#187 = DIRECTION ( 'NONE',  ( -0.3583679495453087060, -0.9335804264971984123, 0.000000000000000000 ) ) ;
#188 = DIRECTION ( 'NONE',  ( -0.000000000000000000, -0.000000000000000000, -1.000000000000000000 ) ) ;
#189 = CARTESIAN_POINT ( 'NONE',  ( -62.09131544642880129, 16.36244677214879317, 11.50000000000000000 ) ) ;
#190 = DIRECTION ( 'NONE',  ( 0.000000000000000000, 0.000000000000000000, -1.000000000000000000 ) ) ;
#191 = ORIENTED_EDGE ( 'NONE', *, *, #814, .T. ) ;
#192 = PLANE ( 'NONE',  #640 ) ;
#193 = CIRCLE ( 'NONE', #1115, 20.00000000000000355 ) ;
#194 = ORIENTED_EDGE ( 'NONE', *, *, #1762, .T. ) ;
#195 = CARTESIAN_POINT ( 'NONE',  ( -47.71734436244851452, 6.940473848300459103, 12.49999999999999645 ) ) ;
#196 = EDGE_CURVE ( 'NONE', #1611, #1556, #2692, .T. ) ;
#197 = DIRECTION ( 'NONE',  ( 0.000000000000000000, 0.000000000000000000, -1.000000000000000000 ) ) ;
#198 = AXIS2_PLACEMENT_3D ( 'NONE', #104, #2163, #2341 ) ;
#199 = CARTESIAN_POINT ( 'NONE',  ( 113.9097781391223236, -5.000000000000000000, 7.500000000000000000 ) ) ;
#200 = AXIS2_PLACEMENT_3D ( 'NONE', #45, #964, #278 ) ;
#201 = EDGE_CURVE ( 'NONE', #2274, #2474, #499, .T. ) ;
#202 = CARTESIAN_POINT ( 'NONE',  ( -74.62856351100293750, -9.760879709391970138, 12.21125264017294398 ) ) ;
#203 = DIRECTION ( 'NONE',  ( -0.000000000000000000, -0.000000000000000000, -1.000000000000000000 ) ) ;
#204 = CIRCLE ( 'NONE', #1086, 3.000000000000002665 ) ;
#205 = ORIENTED_EDGE ( 'NONE', *, *, #172, .T. ) ;
#206 = DIRECTION ( 'NONE',  ( -0.000000000000000000, -0.000000000000000000, -1.000000000000000000 ) ) ;
#207 = ORIENTED_EDGE ( 'NONE', *, *, #2141, .F. ) ;
#208 = CARTESIAN_POINT ( 'NONE',  ( 111.5722086208537860, -5.000000000000001776, 6.541781679142677497 ) ) ;
#209 = EDGE_CURVE ( 'NONE', #346, #1648, #1455, .T. ) ;
#210 = B_SPLINE_CURVE_WITH_KNOTS ( 'NONE', 3,
 ( #714, #2509, #523, #1603, #2078, #1787, #1577, #2397 ),
 .UNSPECIFIED., .F., .F.,
 ( 4, 2, 2, 4 ),
 ( 0.01046915340441311251, 0.01175620770199781867, 0.01304326199958252656, 0.01561737059475190245 ),
 .UNSPECIFIED. ) ;
#211 = EDGE_CURVE ( 'NONE', #1119, #2167, #2739, .T. ) ;
#212 = ORIENTED_EDGE ( 'NONE', *, *, #681, .F. ) ;
#213 = FACE_OUTER_BOUND ( 'NONE', #2584, .T. ) ;
#214 = AXIS2_PLACEMENT_3D ( 'NONE', #1379, #2725, #755 ) ;
#215 = AXIS2_PLACEMENT_3D ( 'NONE', #1239, #1458, #2119 ) ;
#216 = DIRECTION ( 'NONE',  ( 0.000000000000000000, 0.000000000000000000, 1.000000000000000000 ) ) ;
#217 = CIRCLE ( 'NONE', #1833, 3.000000000000002665 ) ;
#218 = CARTESIAN_POINT ( 'NONE',  ( 115.8182731294427867, -0.1565799769317699486, -0.02386303903815472152 ) ) ;
#219 = CARTESIAN_POINT ( 'NONE',  ( -56.55489337949343565, -15.68372614827075218, 7.500000000000000888 ) ) ;
#220 = ORIENTED_EDGE ( 'NONE', *, *, #2113, .F. ) ;
#221 = ADVANCED_FACE ( 'NONE', ( #1207 ), #1219, .T. ) ;
#222 = CARTESIAN_POINT ( 'NONE',  ( -78.18039180462716331, 0.000000000000000000, 12.50000000000000000 ) ) ;
#223 = VECTOR ( 'NONE', #1608, 999.9999999999998863 ) ;
#224 = ORIENTED_EDGE ( 'NONE', *, *, #209, .F. ) ;
#225 = VERTEX_POINT ( 'NONE', #1395 ) ;
#226 = CARTESIAN_POINT ( 'NONE',  ( -80.16972709801083852, 5.740566363549720386, 11.50000000000000000 ) ) ;
#227 = EDGE_CURVE ( 'NONE', #674, #837, #2599, .T. ) ;
#228 = CIRCLE ( 'NONE', #872, 20.00000000000001776 ) ;
#229 = CARTESIAN_POINT ( 'NONE',  ( -42.69229044428357156, 3.776457135307583091, 7.500000000000000888 ) ) ;
#230 = CARTESIAN_POINT ( 'NONE',  ( 108.3196081953728367, 0.000000000000000000, -4.999999999999886313 ) ) ;
#231 = DIRECTION ( 'NONE',  ( 0.000000000000000000, 0.000000000000000000, 1.000000000000000000 ) ) ;
#232 = VERTEX_POINT ( 'NONE', #1426 ) ;
#233 = CARTESIAN_POINT ( 'NONE',  ( -63.83422644895001241, -17.36695126741936335, 7.500000000000000000 ) ) ;
#234 = B_SPLINE_CURVE_WITH_KNOTS ( 'NONE', 3,
 ( #756, #1396, #2279, #2263 ),
 .UNSPECIFIED., .F., .F.,
 ( 4, 4 ),
 ( 0.0003869402024504719193, 0.0005610095072660606537 ),
 .UNSPECIFIED. ) ;
#235 = EDGE_LOOP ( 'NONE', ( #1841, #970, #269, #765 ) ) ;
#236 = ORIENTED_EDGE ( 'NONE', *, *, #636, .T. ) ;
#237 = DIRECTION ( 'NONE',  ( -0.000000000000000000, 0.000000000000000000, 1.000000000000000000 ) ) ;
#238 = CC_DESIGN_DATE_AND_TIME_ASSIGNMENT ( #595, #1209, ( #462 ) ) ;
#239 = PLANE ( 'NONE',  #1942 ) ;
#240 = DIRECTION ( 'NONE',  ( 0.000000000000000000, -0.000000000000000000, 1.000000000000000000 ) ) ;
#241 = LINE ( 'NONE', #2458, #357 ) ;
#242 = AXIS2_PLACEMENT_3D ( 'NONE', #1597, #2662, #2855 ) ;
#243 = ORIENTED_EDGE ( 'NONE', *, *, #43, .F. ) ;
#244 = LINE ( 'NONE', #222, #1083 ) ;
#245 = ORIENTED_EDGE ( 'NONE', *, *, #2578, .F. ) ;
#246 = DIRECTION ( 'NONE',  ( -0.000000000000000000, 0.000000000000000000, 1.000000000000000000 ) ) ;
#247 = DIRECTION ( 'NONE',  ( 0.000000000000000000, 0.000000000000000000, 1.000000000000000000 ) ) ;
#248 = DIRECTION ( 'NONE',  ( 0.8386705679454272699, 0.5446390350150221993, 0.000000000000000000 ) ) ;
#249 = ADVANCED_FACE ( 'NONE', ( #1612 ), #516, .T. ) ;
#250 = DIRECTION ( 'NONE',  ( -0.000000000000000000, 0.000000000000000000, 1.000000000000000000 ) ) ;
#251 = LINE ( 'NONE', #931, #705 ) ;
#252 = DIRECTION ( 'NONE',  ( -0.08702806186029315993, -0.7017308005558776651, 0.7071067811865814345 ) ) ;
#253 = DIRECTION ( 'NONE',  ( 0.000000000000000000, -0.000000000000000000, -1.000000000000000000 ) ) ;
#254 = AXIS2_PLACEMENT_3D ( 'NONE', #1886, #1614, #2103 ) ;
#255 = ORIENTED_EDGE ( 'NONE', *, *, #2554, .T. ) ;
#256 = DIRECTION ( 'NONE',  ( 1.000000000000000000, 0.000000000000000000, 0.000000000000000000 ) ) ;
#257 = EDGE_CURVE ( 'NONE', #1235, #380, #108, .T. ) ;
#258 = ORIENTED_EDGE ( 'NONE', *, *, #1419, .T. ) ;
#259 = ORIENTED_EDGE ( 'NONE', *, *, #2280, .F. ) ;
#260 = CARTESIAN_POINT ( 'NONE',  ( 0.000000000000000000, 0.000000000000000000, 7.500000000000000888 ) ) ;
#261 = ORIENTED_EDGE ( 'NONE', *, *, #1926, .T. ) ;
#262 = DIRECTION ( 'NONE',  ( 0.000000000000000000, 0.000000000000000000, 1.000000000000000000 ) ) ;
#263 = CARTESIAN_POINT ( 'NONE',  ( -52.22112162632284793, -16.89176809748915531, 7.500000000000000888 ) ) ;
#264 = AXIS2_PLACEMENT_3D ( 'NONE', #1373, #1970, #1790 ) ;
#265 = EDGE_CURVE ( 'NONE', #783, #2493, #1082, .T. ) ;
#266 = CARTESIAN_POINT ( 'NONE',  ( -56.94240583939969014, 15.50745979512454475, 12.21125592503877044 ) ) ;
#267 = CIRCLE ( 'NONE', #1896, 16.50000000000000000 ) ;
#268 = DIRECTION ( 'NONE',  ( 0.000000000000000000, 0.000000000000000000, 1.000000000000000000 ) ) ;
#269 = ORIENTED_EDGE ( 'NONE', *, *, #2063, .T. ) ;
#270 = CARTESIAN_POINT ( 'NONE',  ( -64.77145524907261631, 15.91776523326765869, 12.21125264017291556 ) ) ;
#271 = ORIENTED_EDGE ( 'NONE', *, *, #211, .T. ) ;
#272 = DIRECTION ( 'NONE',  ( 1.000000000000000000, 0.000000000000000000, 0.000000000000000000 ) ) ;
#273 = DIRECTION ( 'NONE',  ( -0.000000000000000000, -1.000000000000000000, 0.000000000000000000 ) ) ;
#274 = CARTESIAN_POINT ( 'NONE',  ( -78.08704195097766387, 1.752663965298819404, 7.500000000000000888 ) ) ;
#275 = ORIENTED_EDGE ( 'NONE', *, *, #2631, .F. ) ;
#276 = AXIS2_PLACEMENT_3D ( 'NONE', #2814, #1500, #163 ) ;
#277 = CARTESIAN_POINT ( 'NONE',  ( 137.5913932383248266, 5.000000000000000000, -18.34525935130896812 ) ) ;
#278 = DIRECTION ( 'NONE',  ( -1.000000000000000000, 0.000000000000000000, 0.000000000000000000 ) ) ;
#279 = EDGE_CURVE ( 'NONE', #1399, #1479, #1815, .T. ) ;
#280 = CARTESIAN_POINT ( 'NONE',  ( -8.757597686980208351, 426.7308025708727541, 7.500000000000000000 ) ) ;
#281 = CIRCLE ( 'NONE', #1402, 2.000000000000001776 ) ;
#282 = CARTESIAN_POINT ( 'NONE',  ( 128.2304804565601444, 5.000000000000000000, -13.10018083171022596 ) ) ;
#283 = ORIENTED_EDGE ( 'NONE', *, *, #863, .F. ) ;
#284 = CARTESIAN_POINT ( 'NONE',  ( -72.85351367225811714, -15.81047024906495935, 7.500000000000000888 ) ) ;
#285 = EDGE_CURVE ( 'NONE', #1460, #2767, #1730, .T. ) ;
#286 = VERTEX_POINT ( 'NONE', #2841 ) ;
#287 = CIRCLE ( 'NONE', #2508, 3.000000000000002665 ) ;
#288 = DIRECTION ( 'NONE',  ( -0.000000000000000000, -0.000000000000000000, 1.000000000000000000 ) ) ;
#289 = CARTESIAN_POINT ( 'NONE',  ( 128.2304804565601444, -5.000000000000000000, -0.6711734656911403363 ) ) ;
#290 = CARTESIAN_POINT ( 'NONE',  ( -8.757597686980208351, 426.7308025708727541, 7.500000000000000000 ) ) ;
#291 = EDGE_CURVE ( 'NONE', #1189, #2355, #465, .T. ) ;
#292 = ORIENTED_EDGE ( 'NONE', *, *, #2003, .T. ) ;
#293 = ORIENTED_EDGE ( 'NONE', *, *, #712, .T. ) ;
#294 = DIRECTION ( 'NONE',  ( 0.000000000000000000, 0.000000000000000000, 1.000000000000000000 ) ) ;
#295 = APPROVAL_PERSON_ORGANIZATION ( #72, #1293, #1193 ) ;
#296 = DIRECTION ( 'NONE',  ( 0.000000000000000000, 0.000000000000000000, 1.000000000000000000 ) ) ;
#297 = ADVANCED_FACE ( 'NONE', ( #2149 ), #607, .T. ) ;
#298 = FACE_OUTER_BOUND ( 'NONE', #780, .T. ) ;
#299 = ORIENTED_EDGE ( 'NONE', *, *, #2193, .T. ) ;
#300 = DIRECTION ( 'NONE',  ( 0.8386705679454272699, 0.5446390350150221993, -0.000000000000000000 ) ) ;
#301 = VERTEX_POINT ( 'NONE', #844 ) ;
#302 = EDGE_CURVE ( 'NONE', #2355, #2767, #162, .T. ) ;
#303 = CARTESIAN_POINT ( 'NONE',  ( -52.22112162632284793, -16.89176809748915531, 7.500000000000000888 ) ) ;
#304 = ADVANCED_FACE ( 'NONE', ( #1075 ), #135, .F. ) ;
#305 = LINE ( 'NONE', #1575, #2049 ) ;
#306 = VECTOR ( 'NONE', #506, 1000.000000000000000 ) ;
#307 = VERTEX_POINT ( 'NONE', #561 ) ;
#308 = ORIENTED_EDGE ( 'NONE', *, *, #185, .F. ) ;
#309 = CARTESIAN_POINT ( 'NONE',  ( 128.2304804565601444, 5.000000000000000000, -0.6711734656911403363 ) ) ;
#310 = DIRECTION ( 'NONE',  ( -0.000000000000000000, -0.000000000000000000, -1.000000000000000000 ) ) ;
#311 = DIRECTION ( 'NONE',  ( 0.000000000000000000, 0.000000000000000000, 1.000000000000000000 ) ) ;
#312 = DIRECTION ( 'NONE',  ( 0.000000000000000000, 0.000000000000000000, 1.000000000000000000 ) ) ;
#313 = ORIENTED_EDGE ( 'NONE', *, *, #1745, .F. ) ;
#314 = DIRECTION ( 'NONE',  ( 1.000000000000000000, 0.000000000000000000, 0.000000000000000000 ) ) ;
#315 = CIRCLE ( 'NONE', #782, 17.50000000000012790 ) ;
#316 = ORIENTED_EDGE ( 'NONE', *, *, #643, .F. ) ;
#317 = DIRECTION ( 'NONE',  ( -0.000000000000000000, -0.000000000000000000, -1.000000000000000000 ) ) ;
#318 = DIRECTION ( 'NONE',  ( -0.000000000000000000, 0.000000000000000000, 1.000000000000000000 ) ) ;
#319 = PERSON_AND_ORGANIZATION_ROLE ( 'creator' ) ;
#320 = ORIENTED_EDGE ( 'NONE', *, *, #1826, .F. ) ;
#321 = ORIENTED_EDGE ( 'NONE', *, *, #1162, .T. ) ;
#322 = PRODUCT_RELATED_PRODUCT_CATEGORY ( 'detail', '', ( #526 ) ) ;
#323 = DIRECTION ( 'NONE',  ( 0.000000000000000000, 0.000000000000000000, 1.000000000000000000 ) ) ;
#324 = DIRECTION ( 'NONE',  ( 0.000000000000000000, 1.000000000000000000, 0.000000000000000000 ) ) ;
#325 = EDGE_CURVE ( 'NONE', #706, #1189, #1914, .T. ) ;
#326 = CYLINDRICAL_SURFACE ( 'NONE', #2587, 450.0000000000000568 ) ;
#327 = AXIS2_PLACEMENT_3D ( 'NONE', #802, #1689, #364 ) ;
#328 = CARTESIAN_POINT ( 'NONE',  ( 115.8196081953728509, -5.000000000000000000, 1.678344963007560864E-13 ) ) ;
#329 = EDGE_LOOP ( 'NONE', ( #542, #1384, #137, #773 ) ) ;
#330 = CARTESIAN_POINT ( 'NONE',  ( 108.3196081953728367, 0.000000000000000000, -4.999999999999886313 ) ) ;
#331 = EDGE_LOOP ( 'NONE', ( #1677, #631, #672, #2621, #1733 ) ) ;
#332 = CARTESIAN_POINT ( 'NONE',  ( -50.92793147590716529, -11.16398660332878556, 12.50000000000000000 ) ) ;
#333 = DIRECTION ( 'NONE',  ( -1.000000000000000000, 0.000000000000000000, 0.000000000000000000 ) ) ;
#334 = ORIENTED_EDGE ( 'NONE', *, *, #1288, .F. ) ;
#335 = COORDINATED_UNIVERSAL_TIME_OFFSET ( 5, 30, .AHEAD. ) ;
#336 = VERTEX_POINT ( 'NONE', #1021 ) ;
#337 = CARTESIAN_POINT ( 'NONE',  ( -45.18041573351722207, 0.02810076154515818783, 11.50000000000000000 ) ) ;
#338 = AXIS2_PLACEMENT_3D ( 'NONE', #2244, #66, #1170 ) ;
#339 = LINE ( 'NONE', #2762, #1188 ) ;
#340 = CIRCLE ( 'NONE', #1964, 1.000000000000000888 ) ;
#341 = EDGE_CURVE ( 'NONE', #1119, #2099, #718, .T. ) ;
#342 = B_SPLINE_CURVE_WITH_KNOTS ( 'NONE', 3,
 ( #930, #1576, #1549, #2249 ),
 .UNSPECIFIED., .F., .F.,
 ( 4, 4 ),
 ( 2.467868062945552973E-05, 0.0001898712885028585511 ),
 .UNSPECIFIED. ) ;
#343 = CARTESIAN_POINT ( 'NONE',  ( 109.4050698236780050, 4.958262728368954875, -7.424360834176358281 ) ) ;
#344 = ORIENTED_EDGE ( 'NONE', *, *, #1746, .F. ) ;
#345 = CARTESIAN_POINT ( 'NONE',  ( -56.39844865559205545, -15.33072078570903152, 12.21125264017296708 ) ) ;
#346 = VERTEX_POINT ( 'NONE', #2178 ) ;
#347 = ADVANCED_FACE ( 'NONE', ( #1930 ), #1563, .F. ) ;
#348 = DIRECTION ( 'NONE',  ( 0.000000000000000000, 0.000000000000000000, 1.000000000000000000 ) ) ;
#349 = DIRECTION ( 'NONE',  ( 0.000000000000000000, 0.000000000000000000, 1.000000000000000000 ) ) ;
#350 = VERTEX_POINT ( 'NONE', #1957 ) ;
#351 = ADVANCED_FACE ( 'NONE', ( #833 ), #857, .T. ) ;
#352 = ORIENTED_EDGE ( 'NONE', *, *, #1466, .F. ) ;
#353 = ORIENTED_EDGE ( 'NONE', *, *, #1454, .T. ) ;
#354 = CIRCLE ( 'NONE', #1974, 16.50000000000000000 ) ;
#355 = CARTESIAN_POINT ( 'NONE',  ( 128.2304804565601444, -5.000000000000000000, 0.6711734656911403363 ) ) ;
#356 = VECTOR ( 'NONE', #1645, 1000.000000000000000 ) ;
#357 = VECTOR ( 'NONE', #2471, 1000.000000000000000 ) ;
#358 = FACE_OUTER_BOUND ( 'NONE', #910, .T. ) ;
#359 = CARTESIAN_POINT ( 'NONE',  ( -56.19610759462968019, -14.92660642316933384, 12.42226429100455398 ) ) ;
#360 = VERTEX_POINT ( 'NONE', #2592 ) ;
#361 = AXIS2_PLACEMENT_3D ( 'NONE', #2641, #1995, #668 ) ;
#362 = FACE_OUTER_BOUND ( 'NONE', #1299, .T. ) ;
#363 = DIRECTION ( 'NONE',  ( 0.9986295347545731671, -0.05233595624295869081, -0.000000000000000000 ) ) ;
#364 = DIRECTION ( 'NONE',  ( 1.000000000000000000, 8.881784197001252323E-16, 0.000000000000000000 ) ) ;
#365 = EDGE_LOOP ( 'NONE', ( #2044, #308, #818, #118 ) ) ;
#366 = COORDINATED_UNIVERSAL_TIME_OFFSET ( 5, 30, .AHEAD. ) ;
#367 = VERTEX_POINT ( 'NONE', #617 ) ;
#368 = ORIENTED_EDGE ( 'NONE', *, *, #1315, .T. ) ;
#369 = CARTESIAN_POINT ( 'NONE',  ( -64.14191711242469296, -19.84794430562198997, -4.999999999999886313 ) ) ;
#370 = CARTESIAN_POINT ( 'NONE',  ( -75.01263563972018744, -9.721176591422658220, 7.500000000000000888 ) ) ;
#371 = CARTESIAN_POINT ( 'NONE',  ( 109.4324186372044210, 5.000000000000000000, -7.500000000000000000 ) ) ;
#372 = CIRCLE ( 'NONE', #2829, 450.0000000000000568 ) ;
#373 = CARTESIAN_POINT ( 'NONE',  ( 128.2304804565601444, 5.000000000000000000, -0.6711734656911403363 ) ) ;
#374 = EDGE_CURVE ( 'NONE', #360, #1007, #2062, .T. ) ;
#375 = CARTESIAN_POINT ( 'NONE',  ( 110.2273444392838684, 5.000000000000000888, 7.152010693228655569 ) ) ;
#376 = CARTESIAN_POINT ( 'NONE',  ( -61.68039180462715620, 0.000000000000000000, 12.50000000000000000 ) ) ;
#377 = CARTESIAN_POINT ( 'NONE',  ( -75.01263563972018744, -9.721176591422658220, 7.500000000000000888 ) ) ;
#378 = EDGE_LOOP ( 'NONE', ( #121, #2153, #2057, #985 ) ) ;
#379 = EDGE_LOOP ( 'NONE', ( #283, #2827, #1743, #2305, #1478 ) ) ;
#380 = VERTEX_POINT ( 'NONE', #2604 ) ;
#381 = LINE ( 'NONE', #407, #2550 ) ;
#382 = VECTOR ( 'NONE', #2723, 1000.000000000000000 ) ;
#383 = DIRECTION ( 'NONE',  ( 0.7771459614569662389, -0.6293203910498432752, 0.000000000000000000 ) ) ;
#384 = EDGE_CURVE ( 'NONE', #2296, #1731, #1698, .T. ) ;
#385 = ADVANCED_FACE ( 'NONE', ( #1510 ), #824, .F. ) ;
#386 = CARTESIAN_POINT ( 'NONE',  ( -45.59006792315076950, 3.000000000000000000, 11.50000000000000000 ) ) ;
#387 = CARTESIAN_POINT ( 'NONE',  ( 113.2277715738164687, 5.000000000000000000, 5.508337680375229084 ) ) ;
#388 = CARTESIAN_POINT ( 'NONE',  ( -79.23614667151363733, 5.382198414004400355, 11.50000000000000000 ) ) ;
#389 = LINE ( 'NONE', #1282, #644 ) ;
#390 = VERTEX_POINT ( 'NONE', #2580 ) ;
#391 = DIRECTION ( 'NONE',  ( -1.000000000000000000, 0.000000000000000000, 0.000000000000000000 ) ) ;
#392 = VERTEX_POINT ( 'NONE', #1038 ) ;
#393 = EDGE_CURVE ( 'NONE', #2545, #593, #1927, .T. ) ;
#394 = ORIENTED_EDGE ( 'NONE', *, *, #509, .T. ) ;
#395 = EDGE_CURVE ( 'NONE', #1240, #101, #1945, .T. ) ;
#396 = DIRECTION ( 'NONE',  ( -0.000000000000000000, -0.000000000000000000, 1.000000000000000000 ) ) ;
#397 = AXIS2_PLACEMENT_3D ( 'NONE', #1965, #1951, #2833 ) ;
#398 = DIRECTION ( 'NONE',  ( 1.000000000000000000, 0.000000000000000000, 0.000000000000000000 ) ) ;
#399 = DIRECTION ( 'NONE',  ( 0.000000000000000000, -0.000000000000000000, -1.000000000000000000 ) ) ;
#400 = CARTESIAN_POINT ( 'NONE',  ( -50.92793147590716529, -11.16398660332878556, 12.50000000000000000 ) ) ;
#401 = CARTESIAN_POINT ( 'NONE',  ( 97.86004937184274866, 1007.445704556437590, 5.000000000000219380 ) ) ;
#402 = DIRECTION ( 'NONE',  ( 0.000000000000000000, 1.000000000000000000, -0.000000000000000000 ) ) ;
#403 = VERTEX_POINT ( 'NONE', #1986 ) ;
#404 = DIRECTION ( 'NONE',  ( -0.3583679495453087060, -0.9335804264971984123, 0.000000000000000000 ) ) ;
#405 = VERTEX_POINT ( 'NONE', #2868 ) ;
#406 = TOROIDAL_SURFACE ( 'NONE', #264, 15.50000000000000000, 1.000000000000000000 ) ;
#407 = CARTESIAN_POINT ( 'NONE',  ( -81.68039180462716331, 0.000000000000000000, 7.500000000000000000 ) ) ;
#408 = CIRCLE ( 'NONE', #2025, 17.50000000000012790 ) ;
#409 = CARTESIAN_POINT ( 'NONE',  ( 115.8047557662580829, 0.4800958980735270387, -0.9850234090922811436 ) ) ;
#410 = EDGE_CURVE ( 'NONE', #1975, #2530, #2616, .T. ) ;
#411 = CIRCLE ( 'NONE', #2029, 1.000000000000001554 ) ;
#412 = DIRECTION ( 'NONE',  ( 1.000000000000000000, 0.000000000000000000, 0.000000000000000000 ) ) ;
#413 = CARTESIAN_POINT ( 'NONE',  ( -74.99136953269629657, 9.428796170908375629, 12.10367703706564235 ) ) ;
#414 = DIRECTION ( 'NONE',  ( 0.000000000000000000, 0.000000000000000000, 1.000000000000000000 ) ) ;
#415 = ORIENTED_EDGE ( 'NONE', *, *, #2042, .F. ) ;
#416 = EDGE_CURVE ( 'NONE', #1461, #403, #1, .T. ) ;
#417 = CARTESIAN_POINT ( 'NONE',  ( 108.3196081953728367, 0.000000000000000000, 7.500000000000000000 ) ) ;
#418 = ORIENTED_EDGE ( 'NONE', *, *, #2252, .T. ) ;
#419 = DIRECTION ( 'NONE',  ( 0.000000000000000000, 0.000000000000000000, -1.000000000000000000 ) ) ;
#420 = CIRCLE ( 'NONE', #2789, 17.50000000000012790 ) ;
#421 = CARTESIAN_POINT ( 'NONE',  ( -68.41720800568671734, -15.06204858155561155, 7.500000000000000888 ) ) ;
#422 = FACE_OUTER_BOUND ( 'NONE', #1366, .T. ) ;
#423 = DIRECTION ( 'NONE',  ( -0.6293203910498487152, -0.7771459614569617980, 0.000000000000000000 ) ) ;
#424 = DIRECTION ( 'NONE',  ( -0.9659258262890692004, -0.2588190451025179084, 0.000000000000000000 ) ) ;
#425 = AXIS2_PLACEMENT_3D ( 'NONE', #41, #1631, #2477 ) ;
#426 = ORIENTED_EDGE ( 'NONE', *, *, #1025, .F. ) ;
#427 = CARTESIAN_POINT ( 'NONE',  ( 109.6914004960107718, -5.000000000000000000, 7.315232491606924015 ) ) ;
#428 = EDGE_CURVE ( 'NONE', #166, #514, #1755, .T. ) ;
#429 = ORIENTED_EDGE ( 'NONE', *, *, #1788, .T. ) ;
#430 = CARTESIAN_POINT ( 'NONE',  ( 113.9097781391223236, -5.000000000000000000, 5.000000000000222045 ) ) ;
#431 = DIRECTION ( 'NONE',  ( 0.000000000000000000, -0.000000000000000000, -1.000000000000000000 ) ) ;
#432 = DIRECTION ( 'NONE',  ( 0.000000000000000000, 0.000000000000000000, 1.000000000000000000 ) ) ;
#433 = CIRCLE ( 'NONE', #1604, 5.000000000000142997 ) ;
#434 = AXIS2_PLACEMENT_3D ( 'NONE', #1726, #2784, #1687 ) ;
#435 = DIRECTION ( 'NONE',  ( 0.000000000000000000, 0.000000000000000000, -1.000000000000000000 ) ) ;
#436 = CIRCLE ( 'NONE', #1700, 16.50000000000000000 ) ;
#437 = APPROVAL ( #1917, 'UNSPECIFIED' ) ;
#438 = DIRECTION ( 'NONE',  ( 1.000000000000000000, 0.000000000000000000, 0.000000000000000000 ) ) ;
#439 = DIRECTION ( 'NONE',  ( -0.000000000000000000, -0.000000000000000000, -1.000000000000000000 ) ) ;
#440 = ORIENTED_EDGE ( 'NONE', *, *, #1203, .F. ) ;
#441 = DIRECTION ( 'NONE',  ( -0.7771459614569639074, 0.6293203910498461617, 2.183393712530143448E-15 ) ) ;
#442 = ORIENTED_EDGE ( 'NONE', *, *, #2055, .F. ) ;
#443 = ORIENTED_EDGE ( 'NONE', *, *, #1720, .T. ) ;
#444 = CARTESIAN_POINT ( 'NONE',  ( -61.68039180462715620, 0.000000000000000000, 7.500000000000000000 ) ) ;
#445 = ORIENTED_EDGE ( 'NONE', *, *, #2467, .F. ) ;
#446 = AXIS2_PLACEMENT_3D ( 'NONE', #2006, #435, #412 ) ;
#447 = DIRECTION ( 'NONE',  ( -0.000000000000000000, 0.000000000000000000, 1.000000000000000000 ) ) ;
#448 = AXIS2_PLACEMENT_3D ( 'NONE', #2317, #762, #538 ) ;
#449 = PLANE ( 'NONE',  #1435 ) ;
#450 = LINE ( 'NONE', #2674, #778 ) ;
#451 = ORIENTED_EDGE ( 'NONE', *, *, #1305, .T. ) ;
#452 = CARTESIAN_POINT ( 'NONE',  ( -64.14191711242469296, -19.84794430562198997, 5.000000000000219380 ) ) ;
#453 = EDGE_CURVE ( 'NONE', #2233, #1674, #2407, .T. ) ;
#454 = EDGE_LOOP ( 'NONE', ( #2596, #805, #1103, #1641, #334, #1273, #972, #1275, #2817, #1671, #1161, #883, #1874, #899 ) ) ;
#455 = ORIENTED_EDGE ( 'NONE', *, *, #2554, .F. ) ;
#456 = CARTESIAN_POINT ( 'NONE',  ( 110.3039676171076451, -7.232725467302938860, 5.000000000000219380 ) ) ;
#457 = AXIS2_PLACEMENT_3D ( 'NONE', #1304, #1518, #1494 ) ;
#458 = DIRECTION ( 'NONE',  ( 0.000000000000000000, 0.000000000000000000, -1.000000000000000000 ) ) ;
#459 = ORIENTED_EDGE ( 'NONE', *, *, #291, .F. ) ;
#460 = FACE_OUTER_BOUND ( 'NONE', #116, .T. ) ;
#461 = FACE_OUTER_BOUND ( 'NONE', #873, .T. ) ;
#462 = PRODUCT_DEFINITION ( 'UNKNOWN', '', #1277, #679 ) ;
#463 = EDGE_CURVE ( 'NONE', #1365, #1654, #2417, .T. ) ;
#464 = CYLINDRICAL_SURFACE ( 'NONE', #1381, 16.50000000000000000 ) ;
#465 = CIRCLE ( 'NONE', #1590, 3.000000000000002665 ) ;
#466 = CARTESIAN_POINT ( 'NONE',  ( -74.76102817350795249, -9.745833853231914645, 12.10367703706567610 ) ) ;
#467 = TOROIDAL_SURFACE ( 'NONE', #2096, 2.000000000000000444, 1.000000000000000000 ) ;
#468 = ORIENTED_EDGE ( 'NONE', *, *, #2848, .T. ) ;
#469 = DIRECTION ( 'NONE',  ( 1.000000000000000000, 0.000000000000000000, 0.000000000000000000 ) ) ;
#470 = AXIS2_PLACEMENT_3D ( 'NONE', #1438, #1216, #2319 ) ;
#471 = ORIENTED_EDGE ( 'NONE', *, *, #428, .T. ) ;
#472 = CARTESIAN_POINT ( 'NONE',  ( 112.6114294423162931, -4.999999999999999112, 5.934670325081491171 ) ) ;
#473 = LINE ( 'NONE', #2001, #2299 ) ;
#474 = DIRECTION ( 'NONE',  ( 1.000000000000000000, 0.000000000000000000, -0.000000000000000000 ) ) ;
#475 = EDGE_CURVE ( 'NONE', #2209, #1810, #2401, .T. ) ;
#476 = ORIENTED_EDGE ( 'NONE', *, *, #1507, .T. ) ;
#477 = CARTESIAN_POINT ( 'NONE',  ( -61.68039180462715620, 0.000000000000000000, 11.50000000000000000 ) ) ;
#478 = DIRECTION ( 'NONE',  ( 0.000000000000000000, 0.000000000000000000, -1.000000000000000000 ) ) ;
#479 = DIRECTION ( 'NONE',  ( 0.000000000000000000, 0.000000000000000000, 1.000000000000000000 ) ) ;
#480 = CARTESIAN_POINT ( 'NONE',  ( 115.8196119725455731, -0.07806116049408043378, -1.342416776246450727 ) ) ;
#481 = AXIS2_PLACEMENT_3D ( 'NONE', #2388, #396, #1289 ) ;
#482 = EDGE_LOOP ( 'NONE', ( #426, #2084, #1848, #24, #1581 ) ) ;
#483 = ORIENTED_EDGE ( 'NONE', *, *, #2839, .T. ) ;
#484 = CARTESIAN_POINT ( 'NONE',  ( -59.56137782913938139, 16.22985835990198211, 11.50000000000000000 ) ) ;
#485 = ADVANCED_FACE ( 'NONE', ( #1308 ), #1555, .T. ) ;
#486 = CARTESIAN_POINT ( 'NONE',  ( 134.0478231524209320, 5.000000000000000000, -11.65474064869100701 ) ) ;
#487 = CARTESIAN_POINT ( 'NONE',  ( 135.8196081953728367, 5.000000000000000000, -15.00000000000000000 ) ) ;
#488 = CARTESIAN_POINT ( 'NONE',  ( -76.46109302661581353, 7.030604099015652864, 7.500000000000000888 ) ) ;
#489 = DIRECTION ( 'NONE',  ( 0.000000000000000000, 0.000000000000000000, 1.000000000000000000 ) ) ;
#490 = AXIS2_PLACEMENT_3D ( 'NONE', #1804, #2228, #1968 ) ;
#491 = EDGE_CURVE ( 'NONE', #1461, #1997, #1894, .T. ) ;
#492 = DIRECTION ( 'NONE',  ( 0.000000000000000000, 0.000000000000000000, 1.000000000000000000 ) ) ;
#493 = AXIS2_PLACEMENT_3D ( 'NONE', #488, #1146, #28 ) ;
#494 = FACE_OUTER_BOUND ( 'NONE', #2871, .T. ) ;
#495 = ORIENTED_EDGE ( 'NONE', *, *, #2141, .T. ) ;
#496 = DIRECTION ( 'NONE',  ( 1.000000000000000000, 0.000000000000000000, 0.000000000000000000 ) ) ;
#497 = ADVANCED_FACE ( 'NONE', ( #2203 ), #2768, .T. ) ;
#498 = ORIENTED_EDGE ( 'NONE', *, *, #1638, .T. ) ;
#499 = LINE ( 'NONE', #740, #700 ) ;
#500 = EDGE_CURVE ( 'NONE', #1975, #790, #1941, .T. ) ;
#501 = DIRECTION ( 'NONE',  ( -0.000000000000000000, 0.000000000000000000, 1.000000000000000000 ) ) ;
#502 = ORIENTED_EDGE ( 'NONE', *, *, #2259, .F. ) ;
#503 = ORIENTED_EDGE ( 'NONE', *, *, #1466, .T. ) ;
#504 = AXIS2_PLACEMENT_3D ( 'NONE', #2056, #1872, #70 ) ;
#505 = CYLINDRICAL_SURFACE ( 'NONE', #1846, 20.00000000000001776 ) ;
#506 = DIRECTION ( 'NONE',  ( -0.000000000000000000, -1.000000000000000000, -0.000000000000000000 ) ) ;
#507 = DIRECTION ( 'NONE',  ( 0.000000000000000000, 0.000000000000000000, 1.000000000000000000 ) ) ;
#508 = AXIS2_PLACEMENT_3D ( 'NONE', #582, #1046, #1517 ) ;
#509 = EDGE_CURVE ( 'NONE', #1341, #2107, #539, .T. ) ;
#510 = EDGE_CURVE ( 'NONE', #107, #1987, #2622, .T. ) ;
#511 = DIRECTION ( 'NONE',  ( 1.000000000000000000, 0.000000000000000000, 0.000000000000000000 ) ) ;
#512 = ORIENTED_EDGE ( 'NONE', *, *, #6, .T. ) ;
#513 = CARTESIAN_POINT ( 'NONE',  ( -61.68039180462715620, 0.000000000000000000, 11.50000000000000000 ) ) ;
#514 = VERTEX_POINT ( 'NONE', #1254 ) ;
#515 = CIRCLE ( 'NONE', #1125, 2.000000000000001776 ) ;
#516 = CYLINDRICAL_SURFACE ( 'NONE', #2836, 7.500000000000007105 ) ;
#517 = CARTESIAN_POINT ( 'NONE',  ( 110.3039676171076451, -7.232725467302938860, -4.999999999999886313 ) ) ;
#518 = APPROVAL_DATE_TIME ( #2727, #1293 ) ;
#519 = ORIENTED_EDGE ( 'NONE', *, *, #1928, .F. ) ;
#520 = ORIENTED_EDGE ( 'NONE', *, *, #1851, .F. ) ;
#521 = CARTESIAN_POINT ( 'NONE',  ( -56.56137782913938139, 16.22985835990198211, 7.500000000000000888 ) ) ;
#522 = CC_DESIGN_APPROVAL ( #1293, ( #462 ) ) ;
#523 = CARTESIAN_POINT ( 'NONE',  ( 110.2214317402392538, 5.000000000000000000, -7.162885634451014560 ) ) ;
#524 = CARTESIAN_POINT ( 'NONE',  ( -72.93438151286063942, -11.88470606526655793, 11.50000000000000000 ) ) ;
#525 = CARTESIAN_POINT ( 'NONE',  ( -50.09642558588374328, -15.51197435559133631, 7.500000000000000888 ) ) ;
#526 = PRODUCT ( 'Part3_Default_sldprt', 'Part3_Default_sldprt', '', ( #1160 ) ) ;
#527 = ORIENTED_EDGE ( 'NONE', *, *, #1339, .F. ) ;
#528 = CARTESIAN_POINT ( 'NONE',  ( -61.68039180462715620, 0.000000000000000000, 7.500000000000000000 ) ) ;
#529 = ORIENTED_EDGE ( 'NONE', *, *, #2732, .F. ) ;
#530 = CC_DESIGN_PERSON_AND_ORGANIZATION_ASSIGNMENT ( #550, #804, ( #1277 ) ) ;
#531 = AXIS2_PLACEMENT_3D ( 'NONE', #2726, #1158, #2041 ) ;
#532 = CARTESIAN_POINT ( 'NONE',  ( 97.86004937184274866, 1007.445704556437590, -7.500000000000000000 ) ) ;
#533 = CARTESIAN_POINT ( 'NONE',  ( -77.77427728960765307, 1.979083938428288114, 12.21125264017292089 ) ) ;
#534 = EDGE_LOOP ( 'NONE', ( #1257, #2323, #2520, #1780 ) ) ;
#535 = VERTEX_POINT ( 'NONE', #2812 ) ;
#536 = DIRECTION ( 'NONE',  ( -0.000000000000000000, 0.000000000000000000, 1.000000000000000000 ) ) ;
#537 = DIRECTION ( 'NONE',  ( 0.000000000000000000, 0.000000000000000000, 1.000000000000000000 ) ) ;
#538 = DIRECTION ( 'NONE',  ( 1.000000000000000000, 0.000000000000000000, 0.000000000000000000 ) ) ;
#539 = CIRCLE ( 'NONE', #635, 16.50000000000000000 ) ;
#540 = DIRECTION ( 'NONE',  ( 0.000000000000000000, 0.000000000000000000, 1.000000000000000000 ) ) ;
#541 = AXIS2_PLACEMENT_3D ( 'NONE', #868, #1566, #1306 ) ;
#542 = ORIENTED_EDGE ( 'NONE', *, *, #1472, .T. ) ;
#543 = DIRECTION ( 'NONE',  ( 0.000000000000000000, 0.000000000000000000, 1.000000000000000000 ) ) ;
#544 = AXIS2_PLACEMENT_3D ( 'NONE', #1346, #432, #2224 ) ;
#545 = ORIENTED_EDGE ( 'NONE', *, *, #2113, .T. ) ;
#546 = DIRECTION ( 'NONE',  ( -0.000000000000000000, 0.000000000000000000, 1.000000000000000000 ) ) ;
#547 = CARTESIAN_POINT ( 'NONE',  ( -80.16972709801083852, 5.740566363549720386, 7.500000000000000888 ) ) ;
#548 = ORIENTED_EDGE ( 'NONE', *, *, #227, .F. ) ;
#549 = EDGE_CURVE ( 'NONE', #1194, #2582, #30, .T. ) ;
#550 = PERSON_AND_ORGANIZATION ( #670, #1550 ) ;
#551 = VECTOR ( 'NONE', #537, 1000.000000000000000 ) ;
#552 = ORIENTED_EDGE ( 'NONE', *, *, #302, .F. ) ;
#553 = DIRECTION ( 'NONE',  ( 1.000000000000000000, 0.000000000000000000, 0.000000000000000000 ) ) ;
#554 = FACE_OUTER_BOUND ( 'NONE', #1471, .T. ) ;
#555 = DIRECTION ( 'NONE',  ( 0.000000000000000000, 0.000000000000000000, -1.000000000000000000 ) ) ;
#556 = DIRECTION ( 'NONE',  ( -0.000000000000000000, -1.000000000000000000, -0.000000000000000000 ) ) ;
#557 = EDGE_CURVE ( 'NONE', #403, #2845, #1867, .T. ) ;
#558 = VERTEX_POINT ( 'NONE', #815 ) ;
#559 = FACE_OUTER_BOUND ( 'NONE', #609, .T. ) ;
#560 = ORIENTED_EDGE ( 'NONE', *, *, #605, .F. ) ;
#561 = CARTESIAN_POINT ( 'NONE',  ( 109.4324186372044352, 4.874592590212226462, 7.500000000000000888 ) ) ;
#562 = DIRECTION ( 'NONE',  ( -0.9659258262890696445, -0.2588190451025162986, 0.000000000000000000 ) ) ;
#563 = ORIENTED_EDGE ( 'NONE', *, *, #982, .F. ) ;
#564 = PERSON_AND_ORGANIZATION_ROLE ( 'classification_officer' ) ;
#565 = ORIENTED_EDGE ( 'NONE', *, *, #2047, .F. ) ;
#566 = ORIENTED_EDGE ( 'NONE', *, *, #2544, .T. ) ;
#567 = AXIS2_PLACEMENT_3D ( 'NONE', #376, #2132, #2394 ) ;
#568 = DIRECTION ( 'NONE',  ( 0.000000000000000000, 0.000000000000000000, 1.000000000000000000 ) ) ;
#569 = PLANE ( 'NONE',  #1531 ) ;
#570 = AXIS2_PLACEMENT_3D ( 'NONE', #764, #268, #2304 ) ;
#571 = CARTESIAN_POINT ( 'NONE',  ( 115.8196081953728651, -0.07843071581506746992, -3.100818213308530691E-14 ) ) ;
#572 = CARTESIAN_POINT ( 'NONE',  ( -68.49363858088871382, -14.82106587514709517, 12.10367703706568854 ) ) ;
#573 = ORIENTED_EDGE ( 'NONE', *, *, #2794, .T. ) ;
#574 = DIRECTION ( 'NONE',  ( 1.000000000000000000, 0.000000000000000000, 0.000000000000000000 ) ) ;
#575 = DIRECTION ( 'NONE',  ( 1.000000000000000000, 0.000000000000000000, 0.000000000000000000 ) ) ;
#576 = DIRECTION ( 'NONE',  ( 0.000000000000000000, 0.000000000000000000, 1.000000000000000000 ) ) ;
#577 = ORIENTED_EDGE ( 'NONE', *, *, #1542, .F. ) ;
#578 = ORIENTED_EDGE ( 'NONE', *, *, #500, .F. ) ;
#579 = ADVANCED_FACE ( 'NONE', ( #362 ), #2170, .T. ) ;
#580 = ORIENTED_EDGE ( 'NONE', *, *, #1629, .F. ) ;
#581 = AXIS2_PLACEMENT_3D ( 'NONE', #2565, #2383, #575 ) ;
#582 = CARTESIAN_POINT ( 'NONE',  ( -51.73034269092880066, -12.99596265175504506, 11.50000000000000000 ) ) ;
#583 = AXIS2_PLACEMENT_3D ( 'NONE', #2700, #29, #1401 ) ;
#584 = CARTESIAN_POINT ( 'NONE',  ( 115.8196081953728367, 0.07930742474667651365, 1.473373577683860356E-13 ) ) ;
#585 = AXIS2_PLACEMENT_3D ( 'NONE', #1127, #64, #1168 ) ;
#586 = ADVANCED_FACE ( 'NONE', ( #2564 ), #2840, .T. ) ;
#587 = CARTESIAN_POINT ( 'NONE',  ( 108.2676997148590488, 4.999730543704319352, -7.500000000000000000 ) ) ;
#588 = LINE ( 'NONE', #830, #2465 ) ;
#589 = CARTESIAN_POINT ( 'NONE',  ( -75.03233460090112317, 9.619141614544936658, 11.83148599391329192 ) ) ;
#590 = DIRECTION ( 'NONE',  ( -0.000000000000000000, -0.000000000000000000, -1.000000000000000000 ) ) ;
#591 = DIRECTION ( 'NONE',  ( -1.000000000000000000, 0.000000000000000000, 0.000000000000000000 ) ) ;
#592 = CIRCLE ( 'NONE', #1064, 3.000000000000002665 ) ;
#593 = VERTEX_POINT ( 'NONE', #1020 ) ;
#594 = EDGE_CURVE ( 'NONE', #514, #728, #793, .T. ) ;
#595 = DATE_AND_TIME ( #1873, #2288 ) ;
#596 = ORIENTED_EDGE ( 'NONE', *, *, #2186, .F. ) ;
#597 = ADVANCED_FACE ( 'NONE', ( #2824, #1509 ), #1307, .F. ) ;
#598 = ORIENTED_EDGE ( 'NONE', *, *, #2612, .F. ) ;
#599 = CYLINDRICAL_SURFACE ( 'NONE', #2040, 16.50000000000000000 ) ;
#600 = ADVANCED_FACE ( 'NONE', ( #1929 ), #406, .T. ) ;
#601 = LINE ( 'NONE', #1533, #1627 ) ;
#602 = AXIS2_PLACEMENT_3D ( 'NONE', #176, #1256, #2581 ) ;
#603 = CARTESIAN_POINT ( 'NONE',  ( -56.45369194700452198, -15.45205274091489223, 12.10367703706569920 ) ) ;
#604 = EDGE_CURVE ( 'NONE', #232, #820, #1434, .T. ) ;
#605 = EDGE_CURVE ( 'NONE', #367, #2582, #450, .T. ) ;
#606 = CARTESIAN_POINT ( 'NONE',  ( 109.5923317027059198, -5.000000000000000000, -7.341444237392830807 ) ) ;
#607 = CYLINDRICAL_SURFACE ( 'NONE', #2350, 1.000000000000001776 ) ;
#608 = DIRECTION ( 'NONE',  ( 0.000000000000000000, 0.000000000000000000, 1.000000000000000000 ) ) ;
#609 = EDGE_LOOP ( 'NONE', ( #2744, #415, #1489, #1491 ) ) ;
#610 = ORIENTED_EDGE ( 'NONE', *, *, #1920, .F. ) ;
#611 = ORIENTED_EDGE ( 'NONE', *, *, #1639, .T. ) ;
#612 = CARTESIAN_POINT ( 'NONE',  ( -47.74011662478255147, 6.776335876431336835, 12.50000000000000000 ) ) ;
#613 = VECTOR ( 'NONE', #1973, 999.9999999999998863 ) ;
#614 = DIRECTION ( 'NONE',  ( 0.000000000000000000, 0.000000000000000000, -1.000000000000000000 ) ) ;
#615 = CARTESIAN_POINT ( 'NONE',  ( -7.774739950682665324, 11.97204965282590727, 7.500000000000000888 ) ) ;
#616 = CARTESIAN_POINT ( 'NONE',  ( 109.3915343322536984, 5.000000000000000000, 7.386388199821295686 ) ) ;
#617 = CARTESIAN_POINT ( 'NONE',  ( 137.5913932383248266, 5.000000000000000000, 18.34525935130894680 ) ) ;
#618 = DIRECTION ( 'NONE',  ( -0.9986295347545731671, 0.05233595624295869081, 0.000000000000000000 ) ) ;
#619 = VERTEX_POINT ( 'NONE', #921 ) ;
#620 = CARTESIAN_POINT ( 'NONE',  ( 135.8196081953728367, 5.000000000000000000, 11.21450368300953393 ) ) ;
#621 = ORIENTED_EDGE ( 'NONE', *, *, #2732, .T. ) ;
#622 = EDGE_CURVE ( 'NONE', #535, #225, #1014, .T. ) ;
#623 = ORIENTED_EDGE ( 'NONE', *, *, #2318, .F. ) ;
#624 = CIRCLE ( 'NONE', #2660, 20.00000000000001776 ) ;
#625 = DIRECTION ( 'NONE',  ( -1.000000000000000000, 0.000000000000000000, 0.000000000000000000 ) ) ;
#626 = AXIS2_PLACEMENT_3D ( 'NONE', #2483, #312, #1152 ) ;
#627 = CYLINDRICAL_SURFACE ( 'NONE', #1794, 7.500000000000007105 ) ;
#628 = CARTESIAN_POINT ( 'NONE',  ( -51.73034269092880066, -12.99596265175504506, 11.50000000000000000 ) ) ;
#629 = CARTESIAN_POINT ( 'NONE',  ( 109.4324186372044210, -4.879403565739742987, -7.500000000000005329 ) ) ;
#630 = CARTESIAN_POINT ( 'NONE',  ( 128.2304804565601444, 5.000000000000000000, 0.6711734656911403363 ) ) ;
#631 = ORIENTED_EDGE ( 'NONE', *, *, #1527, .T. ) ;
#632 = DIRECTION ( 'NONE',  ( 0.000000000000000000, -0.000000000000000000, 1.000000000000000000 ) ) ;
#633 = CIRCLE ( 'NONE', #2213, 12.42900736601907496 ) ;
#634 = ORIENTED_EDGE ( 'NONE', *, *, #2572, .T. ) ;
#635 = AXIS2_PLACEMENT_3D ( 'NONE', #2615, #188, #574 ) ;
#636 = EDGE_CURVE ( 'NONE', #2861, #390, #2655, .T. ) ;
#637 = DIRECTION ( 'NONE',  ( 1.000000000000000000, 0.000000000000000000, 0.000000000000000000 ) ) ;
#638 = CIRCLE ( 'NONE', #139, 20.00000000000001066 ) ;
#639 = CARTESIAN_POINT ( 'NONE',  ( 115.8196081866334168, 0.0003620654552766168727, -1.342346769779129811 ) ) ;
#640 = AXIS2_PLACEMENT_3D ( 'NONE', #2844, #860, #1742 ) ;
#641 = EDGE_CURVE ( 'NONE', #2474, #2297, #1791, .T. ) ;
#642 = CARTESIAN_POINT ( 'NONE',  ( 108.3196081953728367, 0.000000000000000000, 5.000000000000219380 ) ) ;
#643 = EDGE_CURVE ( 'NONE', #2697, #2090, #2211, .T. ) ;
#644 = VECTOR ( 'NONE', #1511, 1000.000000000000000 ) ;
#645 = CARTESIAN_POINT ( 'NONE',  ( 108.3196081953728367, 0.000000000000000000, -7.500000000000000000 ) ) ;
#646 = PLANE ( 'NONE',  #1592 ) ;
#647 = ORIENTED_EDGE ( 'NONE', *, *, #2562, .T. ) ;
#648 = CARTESIAN_POINT ( 'NONE',  ( 115.8142741945067087, 0.2906212256116712522, 1.236612243852326376 ) ) ;
#649 = EDGE_LOOP ( 'NONE', ( #2752, #2549, #2181, #680 ) ) ;
#650 = B_SPLINE_CURVE_WITH_KNOTS ( 'NONE', 3,
 ( #794, #343, #2145, #2114 ),
 .UNSPECIFIED., .F., .F.,
 ( 4, 4 ),
 ( 0.001403299887348338033, 0.001577369192163929207 ),
 .UNSPECIFIED. ) ;
#651 = CARTESIAN_POINT ( 'NONE',  ( -64.14191711242469296, -19.84794430562198997, 7.500000000000000000 ) ) ;
#652 = DIRECTION ( 'NONE',  ( -0.000000000000000000, -1.000000000000000000, -0.000000000000000000 ) ) ;
#653 = ORIENTED_EDGE ( 'NONE', *, *, #1717, .F. ) ;
#654 = DIRECTION ( 'NONE',  ( -0.000000000000000000, 0.000000000000000000, 1.000000000000000000 ) ) ;
#655 = VECTOR ( 'NONE', #2052, 1000.000000000000000 ) ;
#656 = CARTESIAN_POINT ( 'NONE',  ( -80.16972709801083852, 5.740566363549720386, 7.500000000000000888 ) ) ;
#657 = CARTESIAN_POINT ( 'NONE',  ( 115.8047974970723857, -0.4793013121891713801, -0.3561473105700433406 ) ) ;
#658 = CARTESIAN_POINT ( 'NONE',  ( -45.59006792315076950, 3.000000000000000000, 11.50000000000000000 ) ) ;
#659 = LOCAL_TIME ( 18, 24, 49.00000000000000000, #2072 ) ;
#660 = EDGE_LOOP ( 'NONE', ( #2678, #2650, #2012, #299 ) ) ;
#661 = CARTESIAN_POINT ( 'NONE',  ( 115.8196043157722812, 0.07966105235681930630, 1.342275192492662583 ) ) ;
#662 = ORIENTED_EDGE ( 'NONE', *, *, #463, .T. ) ;
#663 = CARTESIAN_POINT ( 'NONE',  ( -49.73034269092879356, -12.99596265175504506, 11.50000000000000000 ) ) ;
#664 = CARTESIAN_POINT ( 'NONE',  ( 135.8196081953728367, 5.000000000000000000, 15.00000000000000000 ) ) ;
#665 = CARTESIAN_POINT ( 'NONE',  ( -72.93438151286063942, -11.88470606526655793, 11.50000000000000000 ) ) ;
#666 = AXIS2_PLACEMENT_3D ( 'NONE', #664, #652, #419 ) ;
#667 = EDGE_CURVE ( 'NONE', #1425, #1792, #1607, .T. ) ;
#668 = DIRECTION ( 'NONE',  ( 1.000000000000000000, 0.000000000000000000, 0.000000000000000000 ) ) ;
#669 = AXIS2_PLACEMENT_3D ( 'NONE', #60, #478, #697 ) ;
#670 = PERSON ( 'UNSPECIFIED', 'UNSPECIFIED', 'UNSPECIFIED', ('UNSPECIFIED'), ('UNSPECIFIED'), ('UNSPECIFIED') ) ;
#671 = CARTESIAN_POINT ( 'NONE',  ( 115.8117018676196750, -0.3471016620747787162, -0.1629254363594517530 ) ) ;
#672 = ORIENTED_EDGE ( 'NONE', *, *, #393, .F. ) ;
#673 = DIRECTION ( 'NONE',  ( 0.000000000000000000, 0.000000000000000000, 1.000000000000000000 ) ) ;
#674 = VERTEX_POINT ( 'NONE', #1554 ) ;
#675 = DIRECTION ( 'NONE',  ( -0.3583679495453087616, -0.9335804264971985234, 0.000000000000000000 ) ) ;
#676 = DIRECTION ( 'NONE',  ( 1.000000000000000000, 0.000000000000000000, 0.000000000000000000 ) ) ;
#677 = B_SPLINE_CURVE_WITH_KNOTS ( 'NONE', 3,
 ( #1073, #1265, #1954, #572, #2838, #171, #2601, #1468, #2147, #1453 ),
 .UNSPECIFIED., .F., .F.,
 ( 4, 2, 2, 2, 4 ),
 ( 0.000000000000000000, 0.0004980977809551830884, 0.0009961955619103661768, 0.001494293342865549157, 0.001992391123820732354 ),
 .UNSPECIFIED. ) ;
#678 = ADVANCED_FACE ( 'NONE', ( #2429 ), #1595, .T. ) ;
#679 = DESIGN_CONTEXT ( 'detailed design', #1482, 'design' ) ;
#680 = ORIENTED_EDGE ( 'NONE', *, *, #1720, .F. ) ;
#681 = EDGE_CURVE ( 'NONE', #803, #1016, #241, .T. ) ;
#682 = CIRCLE ( 'NONE', #2862, 15.50000000000000000 ) ;
#683 = DIRECTION ( 'NONE',  ( 1.000000000000000000, 6.938893903907222067E-15, 0.000000000000000000 ) ) ;
#684 = CARTESIAN_POINT ( 'NONE',  ( -71.79431680125840387, 27.55925613994274670, 7.500000000000000888 ) ) ;
#685 = CIRCLE ( 'NONE', #1573, 16.50000000000000000 ) ;
#686 = FACE_OUTER_BOUND ( 'NONE', #39, .T. ) ;
#687 = CARTESIAN_POINT ( 'NONE',  ( 115.8047777832255463, -0.4796825434884870454, -0.9856549982170104141 ) ) ;
#688 = ORIENTED_EDGE ( 'NONE', *, *, #78, .T. ) ;
#689 = EDGE_CURVE ( 'NONE', #1341, #535, #1523, .T. ) ;
#690 = DIRECTION ( 'NONE',  ( 0.000000000000000000, -0.000000000000000000, -1.000000000000000000 ) ) ;
#691 = EDGE_LOOP ( 'NONE', ( #2738, #1027, #512, #1548, #1089, #1691 ) ) ;
#692 = CARTESIAN_POINT ( 'NONE',  ( 109.6914004960107718, -5.000000000000000000, 7.315232491606924015 ) ) ;
#693 = CARTESIAN_POINT ( 'NONE',  ( 110.3039676171076451, -7.232725467302938860, 7.500000000000000000 ) ) ;
#694 = AXIS2_PLACEMENT_3D ( 'NONE', #2402, #2598, #1070 ) ;
#695 =( NAMED_UNIT ( * ) SI_UNIT ( $, .STERADIAN. ) SOLID_ANGLE_UNIT ( ) );
#696 = CARTESIAN_POINT ( 'NONE',  ( -46.00974713769327451, 0.8440331826529194892, 12.48730452859748397 ) ) ;
#697 = DIRECTION ( 'NONE',  ( -1.000000000000000000, 0.000000000000000000, -0.000000000000000000 ) ) ;
#698 = DIRECTION ( 'NONE',  ( -0.000000000000000000, -1.000000000000000000, -0.000000000000000000 ) ) ;
#699 = EDGE_CURVE ( 'NONE', #837, #17, #1979, .T. ) ;
#700 = VECTOR ( 'NONE', #973, 999.9999999999998863 ) ;
#701 = CARTESIAN_POINT ( 'NONE',  ( 115.8196081953728935, -0.07930742474667901165, 1.473430752407800778E-13 ) ) ;
#702 = AXIS2_PLACEMENT_3D ( 'NONE', #373, #796, #1291 ) ;
#703 = EDGE_LOOP ( 'NONE', ( #1660, #1596, #2409, #2387 ) ) ;
#704 = CARTESIAN_POINT ( 'NONE',  ( -8.757597686980208351, 426.7308025708727541, -4.999999999999886313 ) ) ;
#705 = VECTOR ( 'NONE', #1135, 1000.000000000000000 ) ;
#706 = VERTEX_POINT ( 'NONE', #894 ) ;
#707 = CC_DESIGN_APPROVAL ( #437, ( #160 ) ) ;
#708 = DIRECTION ( 'NONE',  ( 0.000000000000000000, 0.000000000000000000, -1.000000000000000000 ) ) ;
#709 = CARTESIAN_POINT ( 'NONE',  ( -59.56137782913938139, 16.22985835990198211, 7.500000000000000888 ) ) ;
#710 = DIRECTION ( 'NONE',  ( 0.000000000000000000, 0.000000000000000000, -1.000000000000000000 ) ) ;
#711 = EDGE_CURVE ( 'NONE', #2243, #514, #2251, .T. ) ;
#712 = EDGE_CURVE ( 'NONE', #1556, #2843, #2354, .T. ) ;
#713 = DIRECTION ( 'NONE',  ( 1.000000000000000000, 0.000000000000000000, 0.000000000000000000 ) ) ;
#714 = CARTESIAN_POINT ( 'NONE',  ( 109.3915343322536842, 5.000000000000000000, -7.386388199821286804 ) ) ;
#715 = ADVANCED_FACE ( 'NONE', ( #1820 ), #1748, .T. ) ;
#716 = CARTESIAN_POINT ( 'NONE',  ( -57.95048130843539269, 15.04452617035174455, 12.50000000000000000 ) ) ;
#717 = ADVANCED_FACE ( 'NONE', ( #1653 ), #1406, .T. ) ;
#718 = CIRCLE ( 'NONE', #2809, 17.50000000000012790 ) ;
#719 = CARTESIAN_POINT ( 'NONE',  ( -48.73034269092879356, -12.99596265175504506, 7.500000000000000888 ) ) ;
#720 = AXIS2_PLACEMENT_3D ( 'NONE', #1444, #1825, #2503 ) ;
#721 = VERTEX_POINT ( 'NONE', #525 ) ;
#722 = LINE ( 'NONE', #284, #655 ) ;
#723 = EDGE_LOOP ( 'NONE', ( #103, #1992, #1935, #2101 ) ) ;
#724 = CARTESIAN_POINT ( 'NONE',  ( -62.09131544642880129, 16.36244677214879317, 7.500000000000000888 ) ) ;
#725 = AXIS2_PLACEMENT_3D ( 'NONE', #645, #253, #1538 ) ;
#726 = DIRECTION ( 'NONE',  ( -0.000000000000000000, -0.000000000000000000, -1.000000000000000000 ) ) ;
#727 = DIRECTION ( 'NONE',  ( 0.000000000000000000, 1.000000000000000000, -0.000000000000000000 ) ) ;
#728 = VERTEX_POINT ( 'NONE', #2704 ) ;
#729 = ORIENTED_EDGE ( 'NONE', *, *, #1327, .T. ) ;
#730 = DIRECTION ( 'NONE',  ( 0.000000000000000000, 0.000000000000000000, 1.000000000000000000 ) ) ;
#731 = CARTESIAN_POINT ( 'NONE',  ( -69.11657156106454636, -15.84150342076013196, 7.500000000000000888 ) ) ;
#732 = EDGE_CURVE ( 'NONE', #1875, #728, #2718, .T. ) ;
#733 = AXIS2_PLACEMENT_3D ( 'NONE', #524, #311, #2703 ) ;
#734 = CARTESIAN_POINT ( 'NONE',  ( -57.20078342617996014, 15.37077333806171531, 12.36994125422454438 ) ) ;
#735 = CARTESIAN_POINT ( 'NONE',  ( -46.24576256814913933, 5.447085729384788522, 7.500000000000000888 ) ) ;
#736 = EDGE_CURVE ( 'NONE', #1409, #392, #1854, .T. ) ;
#737 = ORIENTED_EDGE ( 'NONE', *, *, #453, .T. ) ;
#738 = LINE ( 'NONE', #102, #1042 ) ;
#739 = ORIENTED_EDGE ( 'NONE', *, *, #1507, .F. ) ;
#740 = CARTESIAN_POINT ( 'NONE',  ( -43.98606359307183311, 4.741180954897436628, 12.50000000000000000 ) ) ;
#741 = DIRECTION ( 'NONE',  ( 1.000000000000000000, 0.000000000000000000, 0.000000000000000000 ) ) ;
#742 = DIRECTION ( 'NONE',  ( -0.2588190451025184635, 0.9659258262890689783, 0.000000000000000000 ) ) ;
#743 = EDGE_LOOP ( 'NONE', ( #2199, #573, #2385, #1949, #2290 ) ) ;
#744 = ORIENTED_EDGE ( 'NONE', *, *, #1122, .T. ) ;
#745 = AXIS2_PLACEMENT_3D ( 'NONE', #2770, #1174, #2756 ) ;
#746 = DIRECTION ( 'NONE',  ( 0.000000000000000000, 0.000000000000000000, 1.000000000000000000 ) ) ;
#747 = DIRECTION ( 'NONE',  ( -1.000000000000000000, 0.000000000000000000, 0.000000000000000000 ) ) ;
#748 = CARTESIAN_POINT ( 'NONE',  ( -57.64061954806458488, 15.16448932228944457, 12.48730452859747686 ) ) ;
#749 = CC_DESIGN_DATE_AND_TIME_ASSIGNMENT ( #122, #2328, ( #160 ) ) ;
#750 = CYLINDRICAL_SURFACE ( 'NONE', #867, 20.00000000000001776 ) ;
#751 = ORIENTED_EDGE ( 'NONE', *, *, #2399, .T. ) ;
#752 = CARTESIAN_POINT ( 'NONE',  ( -63.81728825967685026, 15.35199249414863765, 12.50000000000000000 ) ) ;
#753 = ORIENTED_EDGE ( 'NONE', *, *, #622, .F. ) ;
#754 = AXIS2_PLACEMENT_3D ( 'NONE', #1424, #2306, #496 ) ;
#755 = DIRECTION ( 'NONE',  ( 1.000000000000000000, 0.000000000000000000, 0.000000000000000000 ) ) ;
#756 = CARTESIAN_POINT ( 'NONE',  ( 109.4324186372044352, 4.874592590212226462, 7.500000000000000888 ) ) ;
#757 = COORDINATED_UNIVERSAL_TIME_OFFSET ( 5, 30, .AHEAD. ) ;
#758 = VERTEX_POINT ( 'NONE', #328 ) ;
#759 = VERTEX_POINT ( 'NONE', #719 ) ;
#760 = CARTESIAN_POINT ( 'NONE',  ( -61.68039180462715620, 0.000000000000000000, 12.50000000000000000 ) ) ;
#761 = CARTESIAN_POINT ( 'NONE',  ( -79.18039180462729121, 0.000000000000000000, 7.500000000000000000 ) ) ;
#762 = DIRECTION ( 'NONE',  ( -0.000000000000000000, 0.000000000000000000, 1.000000000000000000 ) ) ;
#763 = ADVANCED_FACE ( 'NONE', ( #298 ), #750, .T. ) ;
#764 = CARTESIAN_POINT ( 'NONE',  ( -62.09131544642880129, 16.36244677214879317, 7.500000000000000888 ) ) ;
#765 = ORIENTED_EDGE ( 'NONE', *, *, #1427, .F. ) ;
#766 = DIRECTION ( 'NONE',  ( 0.000000000000000000, 0.000000000000000000, 1.000000000000000000 ) ) ;
#767 = EDGE_LOOP ( 'NONE', ( #2396, #165, #529, #1676 ) ) ;
#768 = CIRCLE ( 'NONE', #1004, 3.000000000000002665 ) ;
#769 = FACE_OUTER_BOUND ( 'NONE', #2257, .T. ) ;
#770 = CARTESIAN_POINT ( 'NONE',  ( -77.42106286757396560, 2.261023462137884632, 12.42226429100453267 ) ) ;
#771 = ORIENTED_EDGE ( 'NONE', *, *, #712, .F. ) ;
#772 = ORIENTED_EDGE ( 'NONE', *, *, #1800, .F. ) ;
#773 = ORIENTED_EDGE ( 'NONE', *, *, #2794, .F. ) ;
#774 = LINE ( 'NONE', #1849, #2774 ) ;
#775 = CARTESIAN_POINT ( 'NONE',  ( -42.69229044428357156, 3.776457135307583091, 7.500000000000000888 ) ) ;
#776 = EDGE_CURVE ( 'NONE', #301, #360, #2080, .T. ) ;
#777 = DIRECTION ( 'NONE',  ( 0.000000000000000000, 1.000000000000000000, 0.000000000000000000 ) ) ;
#778 = VECTOR ( 'NONE', #1985, 1000.000000000000000 ) ;
#779 = FACE_OUTER_BOUND ( 'NONE', #109, .T. ) ;
#780 = EDGE_LOOP ( 'NONE', ( #212, #1962, #1001, #2307 ) ) ;
#781 = LINE ( 'NONE', #2737, #382 ) ;
#782 = AXIS2_PLACEMENT_3D ( 'NONE', #1358, #447, #2698 ) ;
#783 = VERTEX_POINT ( 'NONE', #282 ) ;
#784 = DIRECTION ( 'NONE',  ( 0.9335804264971990785, -0.3583679495453076513, 0.000000000000000000 ) ) ;
#785 = ADVANCED_FACE ( 'NONE', ( #1640 ), #2720, .T. ) ;
#786 = CARTESIAN_POINT ( 'NONE',  ( 109.4324186372044352, -4.879403565739737658, 7.500000000000000000 ) ) ;
#787 = ORIENTED_EDGE ( 'NONE', *, *, #2657, .F. ) ;
#788 = ORIENTED_EDGE ( 'NONE', *, *, #1717, .T. ) ;
#789 = CIRCLE ( 'NONE', #2408, 3.000000000000002665 ) ;
#790 = VERTEX_POINT ( 'NONE', #2498 ) ;
#791 = CARTESIAN_POINT ( 'NONE',  ( -49.43732304649269338, -11.06152192890253616, 11.50000000000000000 ) ) ;
#792 = CARTESIAN_POINT ( 'NONE',  ( 108.3196081953728367, 0.000000000000000000, 7.500000000000000000 ) ) ;
#793 = B_SPLINE_CURVE_WITH_KNOTS ( 'NONE', 3,
 ( #1521, #2406, #589, #413, #2603, #1944, #2579, #1486, #1725, #2382 ),
 .UNSPECIFIED., .F., .F.,
 ( 4, 2, 2, 2, 4 ),
 ( 0.000000000000000000, 0.0004980977809551263846, 0.0009961955619102527693, 0.001494293342865379154, 0.001992391123820505539 ),
 .UNSPECIFIED. ) ;
#794 = CARTESIAN_POINT ( 'NONE',  ( 109.3915343322536842, 5.000000000000000000, -7.386388199821286804 ) ) ;
#795 = ORIENTED_EDGE ( 'NONE', *, *, #325, .T. ) ;
#796 = DIRECTION ( 'NONE',  ( -0.000000000000000000, -1.000000000000000000, 0.000000000000000000 ) ) ;
#797 = CIRCLE ( 'NONE', #2414, 3.785496316990467847 ) ;
#798 = EDGE_CURVE ( 'NONE', #2843, #2815, #2557, .T. ) ;
#799 = ORIENTED_EDGE ( 'NONE', *, *, #1980, .F. ) ;
#800 = CARTESIAN_POINT ( 'NONE',  ( 111.4163655086941418, 5.000000000000000000, 6.626582137010974982 ) ) ;
#801 = CARTESIAN_POINT ( 'NONE',  ( -59.45670591665350457, 18.22711742941113400, 11.50000000000000000 ) ) ;
#802 = CARTESIAN_POINT ( 'NONE',  ( -61.68039180462715620, 0.000000000000000000, 11.50000000000000000 ) ) ;
#803 = VERTEX_POINT ( 'NONE', #2513 ) ;
#804 = PERSON_AND_ORGANIZATION_ROLE ( 'creator' ) ;
#805 = ORIENTED_EDGE ( 'NONE', *, *, #6, .F. ) ;
#806 = EDGE_LOOP ( 'NONE', ( #2194, #2609, #1019, #1065 ) ) ;
#807 = DIRECTION ( 'NONE',  ( 0.000000000000000000, 0.000000000000000000, 1.000000000000000000 ) ) ;
#808 = ADVANCED_FACE ( 'NONE', ( #494 ), #1422, .T. ) ;
#809 = AXIS2_PLACEMENT_3D ( 'NONE', #1812, #2695, #2264 ) ;
#810 = CYLINDRICAL_SURFACE ( 'NONE', #457, 3.000000000000002665 ) ;
#811 = ADVANCED_FACE ( 'NONE', ( #984 ), #1390, .F. ) ;
#812 = CYLINDRICAL_SURFACE ( 'NONE', #1223, 5.000000000000004441 ) ;
#813 = CARTESIAN_POINT ( 'NONE',  ( -68.97528103863741933, -13.67605904723737176, 12.50000000000000000 ) ) ;
#814 = EDGE_CURVE ( 'NONE', #1648, #706, #2195, .T. ) ;
#815 = CARTESIAN_POINT ( 'NONE',  ( -81.68039180462716331, 0.000000000000000000, -4.999999999999886313 ) ) ;
#816 = DIRECTION ( 'NONE',  ( -0.9335804264971925281, 0.3583679495453243602, 0.000000000000000000 ) ) ;
#817 = PLANE ( 'NONE',  #1906 ) ;
#818 = ORIENTED_EDGE ( 'NONE', *, *, #142, .F. ) ;
#819 = DATE_AND_TIME ( #1026, #2653 ) ;
#820 = VERTEX_POINT ( 'NONE', #115 ) ;
#821 = VECTOR ( 'NONE', #2666, 1000.000000000000000 ) ;
#822 = ORIENTED_EDGE ( 'NONE', *, *, #1939, .F. ) ;
#823 = CIRCLE ( 'NONE', #2849, 3.000000000000002665 ) ;
#824 = CONICAL_SURFACE ( 'NONE', #952, 999.9999999999998863, 0.7853981633974815857 ) ;
#825 = FACE_OUTER_BOUND ( 'NONE', #1933, .T. ) ;
#826 = AXIS2_PLACEMENT_3D ( 'NONE', #417, #2191, #1877 ) ;
#827 = CARTESIAN_POINT ( 'NONE',  ( -61.68039180462715620, 0.000000000000000000, 12.50000000000000000 ) ) ;
#828 = EDGE_CURVE ( 'NONE', #1632, #2209, #1000, .T. ) ;
#829 = ADVANCED_FACE ( 'NONE', ( #779 ), #1667, .T. ) ;
#830 = CARTESIAN_POINT ( 'NONE',  ( -73.20860778808493308, -14.23616113789372228, 12.50000000000000000 ) ) ;
#831 = AXIS2_PLACEMENT_3D ( 'NONE', #1553, #1333, #2415 ) ;
#832 = CARTESIAN_POINT ( 'NONE',  ( -49.43732304649269338, -11.06152192890253616, 11.66876121442358638 ) ) ;
#833 = FACE_OUTER_BOUND ( 'NONE', #378, .T. ) ;
#834 = CARTESIAN_POINT ( 'NONE',  ( 108.2676997148590488, 4.999730543704319352, 7.500000000000000000 ) ) ;
#835 = VERTEX_POINT ( 'NONE', #935 ) ;
#836 = ORIENTED_EDGE ( 'NONE', *, *, #1836, .F. ) ;
#837 = VERTEX_POINT ( 'NONE', #587 ) ;
#838 = DIRECTION ( 'NONE',  ( 0.000000000000000000, 0.000000000000000000, 1.000000000000000000 ) ) ;
#839 = LINE ( 'NONE', #370, #2636 ) ;
#840 = CC_DESIGN_PERSON_AND_ORGANIZATION_ASSIGNMENT ( #1646, #2152, ( #1277 ) ) ;
#841 = CIRCLE ( 'NONE', #1535, 1.000000000000002665 ) ;
#842 = DIRECTION ( 'NONE',  ( -0.000000000000000000, 0.000000000000000000, 1.000000000000000000 ) ) ;
#843 = CARTESIAN_POINT ( 'NONE',  ( 110.4332412562034733, 5.000000000000000000, 7.074655422518284276 ) ) ;
#844 = CARTESIAN_POINT ( 'NONE',  ( -66.68039180462716331, 6.123233995736772199E-16, -17.50000000000000000 ) ) ;
#845 = CARTESIAN_POINT ( 'NONE',  ( -43.65821627057263754, 3.517638090205065016, 11.50000000000000000 ) ) ;
#846 = ORIENTED_EDGE ( 'NONE', *, *, #2405, .F. ) ;
#847 = DIRECTION ( 'NONE',  ( 1.000000000000000000, 0.000000000000000000, 0.000000000000000000 ) ) ;
#848 = EDGE_LOOP ( 'NONE', ( #577, #1153, #751 ) ) ;
#849 = EDGE_LOOP ( 'NONE', ( #451, #548, #131, #316 ) ) ;
#850 = CARTESIAN_POINT ( 'NONE',  ( 115.8196081953728509, 5.000000000000000000, 1.678344963007560864E-13 ) ) ;
#851 = AXIS2_PLACEMENT_3D ( 'NONE', #942, #88, #272 ) ;
#852 = AXIS2_PLACEMENT_3D ( 'NONE', #937, #2500, #1408 ) ;
#853 = CARTESIAN_POINT ( 'NONE',  ( 108.2417454746021406, 7.499595815556619804, -4.999999999999886313 ) ) ;
#854 = DIRECTION ( 'NONE',  ( 0.5446390350150221993, -0.8386705679454272699, 0.000000000000000000 ) ) ;
#855 = ADVANCED_FACE ( 'NONE', ( #358 ), #2366, .T. ) ;
#856 = CARTESIAN_POINT ( 'NONE',  ( -59.56137782913938139, 16.22985835990198211, 11.50000000000000000 ) ) ;
#857 = PLANE ( 'NONE',  #434 ) ;
#858 = DIRECTION ( 'NONE',  ( -0.000000000000000000, 0.000000000000000000, 1.000000000000000000 ) ) ;
#859 = ORIENTED_EDGE ( 'NONE', *, *, #2031, .F. ) ;
#860 = DIRECTION ( 'NONE',  ( -0.000000000000000000, 0.000000000000000000, 1.000000000000000000 ) ) ;
#861 = VERTEX_POINT ( 'NONE', #1451 ) ;
#862 = CYLINDRICAL_SURFACE ( 'NONE', #903, 3.000000000000002665 ) ;
#863 = EDGE_CURVE ( 'NONE', #1461, #17, #1897, .T. ) ;
#864 = AXIS2_PLACEMENT_3D ( 'NONE', #289, #273, #1659 ) ;
#865 = CARTESIAN_POINT ( 'NONE',  ( 115.8047648500088940, 0.4798747940551037483, -0.3571581916129513701 ) ) ;
#866 = EDGE_CURVE ( 'NONE', #2074, #17, #650, .T. ) ;
#867 = AXIS2_PLACEMENT_3D ( 'NONE', #2735, #1838, #2065 ) ;
#868 = CARTESIAN_POINT ( 'NONE',  ( -51.73034269092880066, -12.99596265175504506, 7.500000000000000888 ) ) ;
#869 = DIRECTION ( 'NONE',  ( 0.8386705679454246054, 0.5446390350150261961, -0.000000000000000000 ) ) ;
#870 = ORIENTED_EDGE ( 'NONE', *, *, #265, .T. ) ;
#871 = CARTESIAN_POINT ( 'NONE',  ( -61.68039180462715620, 0.000000000000000000, 11.50000000000000000 ) ) ;
#872 = AXIS2_PLACEMENT_3D ( 'NONE', #2428, #1778, #1361 ) ;
#873 = EDGE_LOOP ( 'NONE', ( #1564, #271, #885, #320, #1782, #2134 ) ) ;
#874 = ORIENTED_EDGE ( 'NONE', *, *, #2272, .F. ) ;
#875 = CARTESIAN_POINT ( 'NONE',  ( 128.2304804565601444, -5.000000000000000000, -0.6711734656911403363 ) ) ;
#876 = CIRCLE ( 'NONE', #1525, 3.000000000000002665 ) ;
#877 = EDGE_LOOP ( 'NONE', ( #445, #2492 ) ) ;
#878 = DIRECTION ( 'NONE',  ( -0.000000000000000000, -0.000000000000000000, -1.000000000000000000 ) ) ;
#879 = DIRECTION ( 'NONE',  ( 1.000000000000000000, 0.000000000000000000, 0.000000000000000000 ) ) ;
#880 = VECTOR ( 'NONE', #383, 1000.000000000000000 ) ;
#881 = DIRECTION ( 'NONE',  ( -0.2588190451025113581, 0.9659258262890709767, 0.000000000000000000 ) ) ;
#882 = CARTESIAN_POINT ( 'NONE',  ( 109.4068192711962695, -4.959797318165239055, -7.429220181577965931 ) ) ;
#883 = ORIENTED_EDGE ( 'NONE', *, *, #71, .F. ) ;
#884 = DIRECTION ( 'NONE',  ( 1.000000000000000000, -5.204170427930416550E-15, 0.000000000000000000 ) ) ;
#885 = ORIENTED_EDGE ( 'NONE', *, *, #2524, .F. ) ;
#886 = DIRECTION ( 'NONE',  ( 1.000000000000000000, 0.000000000000000000, 0.000000000000000000 ) ) ;
#887 = DIRECTION ( 'NONE',  ( 0.000000000000000000, 1.000000000000000000, -0.000000000000000000 ) ) ;
#888 = TOROIDAL_SURFACE ( 'NONE', #1266, 2.000000000000003553, 1.000000000000000000 ) ;
#889 = EDGE_CURVE ( 'NONE', #390, #619, #2110, .T. ) ;
#890 = EDGE_LOOP ( 'NONE', ( #42, #1972, #2260, #2758 ) ) ;
#891 = DIRECTION ( 'NONE',  ( 1.000000000000000000, 0.000000000000000000, 0.000000000000000000 ) ) ;
#892 = VECTOR ( 'NONE', #1912, 1000.000000000000000 ) ;
#893 = CARTESIAN_POINT ( 'NONE',  ( -64.97579809330498790, 17.18692227807372319, 7.500000000000000888 ) ) ;
#894 = CARTESIAN_POINT ( 'NONE',  ( -65.08344303553997179, 16.14525448296751620, 7.500000000000000888 ) ) ;
#895 = EDGE_LOOP ( 'NONE', ( #2432, #224, #275, #2728, #1363 ) ) ;
#896 = CC_DESIGN_PERSON_AND_ORGANIZATION_ASSIGNMENT ( #2711, #2491, ( #526 ) ) ;
#897 = CARTESIAN_POINT ( 'NONE',  ( 137.5913932383248266, 5.000000000000000000, -18.34525935130896812 ) ) ;
#898 = ADVANCED_FACE ( 'NONE', ( #1923 ), #812, .T. ) ;
#899 = ORIENTED_EDGE ( 'NONE', *, *, #2572, .F. ) ;
#900 = CARTESIAN_POINT ( 'NONE',  ( -51.73034269092880066, -12.99596265175504506, 11.50000000000000000 ) ) ;
#901 = LINE ( 'NONE', #1784, #821 ) ;
#902 = DIRECTION ( 'NONE',  ( -0.1106001253229167147, -0.6984036170285433665, -0.7071067811865496822 ) ) ;
#903 = AXIS2_PLACEMENT_3D ( 'NONE', #1747, #2624, #637 ) ;
#904 = ADVANCED_FACE ( 'NONE', ( #1034 ), #646, .F. ) ;
#905 = ADVANCED_FACE ( 'NONE', ( #77 ), #2717, .T. ) ;
#906 = CARTESIAN_POINT ( 'NONE',  ( -74.82234268601014548, -14.21614394963745553, 11.50000000000000000 ) ) ;
#907 = CARTESIAN_POINT ( 'NONE',  ( -75.01263563972018744, -9.721176591422658220, 11.50000000000000000 ) ) ;
#908 = ORIENTED_EDGE ( 'NONE', *, *, #1583, .T. ) ;
#909 = DIRECTION ( 'NONE',  ( 0.000000000000000000, 0.000000000000000000, 1.000000000000000000 ) ) ;
#910 = EDGE_LOOP ( 'NONE', ( #1323, #566, #580, #1091, #293 ) ) ;
#911 = ORIENTED_EDGE ( 'NONE', *, *, #416, .T. ) ;
#912 = DIRECTION ( 'NONE',  ( 1.000000000000000000, 0.000000000000000000, 0.000000000000000000 ) ) ;
#913 =( LENGTH_UNIT ( ) NAMED_UNIT ( * ) SI_UNIT ( .MILLI., .METRE. ) );
#914 = AXIS2_PLACEMENT_3D ( 'NONE', #1739, #1971, #1322 ) ;
#915 = CIRCLE ( 'NONE', #2311, 2.000000000000001776 ) ;
#916 = CARTESIAN_POINT ( 'NONE',  ( -46.21959142492043071, 1.101658576356757901, 12.50000000000000000 ) ) ;
#917 = CARTESIAN_POINT ( 'NONE',  ( 108.2417454746021406, 7.499595815556619804, 7.500000000000000000 ) ) ;
#918 = CIRCLE ( 'NONE', #1665, 15.50000000000000000 ) ;
#919 = DIRECTION ( 'NONE',  ( -0.000000000000000000, -0.000000000000000000, 1.000000000000000000 ) ) ;
#920 = VECTOR ( 'NONE', #1864, 999.9999999999998863 ) ;
#921 = CARTESIAN_POINT ( 'NONE',  ( 115.8196081864375060, 0.0003661013585040030381, 1.342346766156111038 ) ) ;
#922 = EDGE_CURVE ( 'NONE', #1235, #286, #340, .T. ) ;
#923 = VERTEX_POINT ( 'NONE', #948 ) ;
#924 = DIRECTION ( 'NONE',  ( -0.6293203910498469389, -0.7771459614569631302, 0.000000000000000000 ) ) ;
#925 = ADVANCED_FACE ( 'NONE', ( #2300 ), #1370, .T. ) ;
#926 = ORIENTED_EDGE ( 'NONE', *, *, #2743, .F. ) ;
#927 = DIRECTION ( 'NONE',  ( 0.000000000000000000, 1.000000000000000000, -0.000000000000000000 ) ) ;
#928 = DIRECTION ( 'NONE',  ( 1.000000000000000000, 0.000000000000000000, 0.000000000000000000 ) ) ;
#929 = ORIENTED_EDGE ( 'NONE', *, *, #2427, .F. ) ;
#930 = CARTESIAN_POINT ( 'NONE',  ( 109.3941714936404708, -5.000000000000000000, 7.393781936622056072 ) ) ;
#931 = CARTESIAN_POINT ( 'NONE',  ( 128.2304804565601444, 5.000000000000000000, -13.10018083171022596 ) ) ;
#932 = EDGE_CURVE ( 'NONE', #783, #1999, #251, .T. ) ;
#933 = DIRECTION ( 'NONE',  ( -0.000000000000000000, -1.000000000000000000, -0.000000000000000000 ) ) ;
#934 = AXIS2_PLACEMENT_3D ( 'NONE', #1885, #2755, #1842 ) ;
#935 = CARTESIAN_POINT ( 'NONE',  ( -56.68039180462715620, 0.000000000000000000, -17.50000000000000000 ) ) ;
#936 = ORIENTED_EDGE ( 'NONE', *, *, #993, .T. ) ;
#937 = CARTESIAN_POINT ( 'NONE',  ( -61.68039180462715620, 0.000000000000000000, -4.999999999999886313 ) ) ;
#938 = AXIS2_PLACEMENT_3D ( 'NONE', #2098, #540, #511 ) ;
#939 = EDGE_CURVE ( 'NONE', #728, #2292, #1317, .T. ) ;
#940 = ORIENTED_EDGE ( 'NONE', *, *, #1746, .T. ) ;
#941 =( GEOMETRIC_REPRESENTATION_CONTEXT ( 3 ) GLOBAL_UNCERTAINTY_ASSIGNED_CONTEXT ( ( #1587 ) ) GLOBAL_UNIT_ASSIGNED_CONTEXT ( ( #913, #944, #695 ) ) REPRESENTATION_CONTEXT ( 'NONE', 'WORKASPACE' ) );
#942 = CARTESIAN_POINT ( 'NONE',  ( -61.68039180462715620, 0.000000000000000000, 7.500000000000000000 ) ) ;
#943 = CARTESIAN_POINT ( 'NONE',  ( -70.96555249910856844, -13.47903236469408661, 7.500000000000000888 ) ) ;
#944 =( NAMED_UNIT ( * ) PLANE_ANGLE_UNIT ( ) SI_UNIT ( $, .RADIAN. ) );
#945 = ORIENTED_EDGE ( 'NONE', *, *, #410, .T. ) ;
#946 = ORIENTED_EDGE ( 'NONE', *, *, #1329, .F. ) ;
#947 = DIRECTION ( 'NONE',  ( 0.000000000000000000, 1.000000000000000000, 0.000000000000000000 ) ) ;
#948 = CARTESIAN_POINT ( 'NONE',  ( 135.8196081953728367, 5.000000000000000000, 11.21450368300953393 ) ) ;
#949 = ADVANCED_FACE ( 'NONE', ( #2669 ), #1180, .T. ) ;
#950 = EDGE_CURVE ( 'NONE', #1632, #1795, #217, .T. ) ;
#951 = FACE_OUTER_BOUND ( 'NONE', #2340, .T. ) ;
#952 = AXIS2_PLACEMENT_3D ( 'NONE', #401, #1474, #2357 ) ;
#953 = DIRECTION ( 'NONE',  ( 0.000000000000000000, 0.000000000000000000, 1.000000000000000000 ) ) ;
#954 = VERTEX_POINT ( 'NONE', #2250 ) ;
#955 = CARTESIAN_POINT ( 'NONE',  ( -59.56137782913938139, 16.22985835990198211, 11.50000000000000000 ) ) ;
#956 = AXIS2_PLACEMENT_3D ( 'NONE', #2286, #296, #94 ) ;
#957 = ORIENTED_EDGE ( 'NONE', *, *, #689, .F. ) ;
#958 = DIRECTION ( 'NONE',  ( -1.000000000000000000, 0.000000000000000000, 0.000000000000000000 ) ) ;
#959 = CARTESIAN_POINT ( 'NONE',  ( 109.6425144765293993, -4.821816978202028814, 7.500000000000000000 ) ) ;
#960 = APPROVAL_STATUS ( 'not_yet_approved' ) ;
#961 = VERTEX_POINT ( 'NONE', #263 ) ;
#962 = ORIENTED_EDGE ( 'NONE', *, *, #2839, .F. ) ;
#963 = CYLINDRICAL_SURFACE ( 'NONE', #1036, 3.000000000000002665 ) ;
#964 = DIRECTION ( 'NONE',  ( -0.000000000000000000, -0.000000000000000000, -1.000000000000000000 ) ) ;
#965 = TOROIDAL_SURFACE ( 'NONE', #733, 2.000000000000004441, 1.000000000000000000 ) ;
#966 = CIRCLE ( 'NONE', #2126, 3.000000000000002665 ) ;
#967 = DIRECTION ( 'NONE',  ( 1.000000000000000000, -9.251858538542962756E-15, 0.000000000000000000 ) ) ;
#968 = B_SPLINE_CURVE_WITH_KNOTS ( 'NONE', 3,
 ( #2706, #2529, #85, #1822, #270, #1154, #2753, #2275, #971, #752 ),
 .UNSPECIFIED., .F., .F.,
 ( 4, 2, 2, 2, 4 ),
 ( 0.000000000000000000, 0.0004980977809551307214, 0.0009961955619102614429, 0.001494293342865392164, 0.001992391123820520284 ),
 .UNSPECIFIED. ) ;
#969 = DIRECTION ( 'NONE',  ( -0.000000000000000000, -0.000000000000000000, -1.000000000000000000 ) ) ;
#970 = ORIENTED_EDGE ( 'NONE', *, *, #1123, .T. ) ;
#971 = CARTESIAN_POINT ( 'NONE',  ( -63.96664587988405515, 15.42451250586311851, 12.50000000000000178 ) ) ;
#972 = ORIENTED_EDGE ( 'NONE', *, *, #2252, .F. ) ;
#973 = DIRECTION ( 'NONE',  ( -0.2588190451025185190, 0.9659258262890689783, 0.000000000000000000 ) ) ;
#974 = B_SPLINE_CURVE_WITH_KNOTS ( 'NONE', 3,
 ( #430, #2651, #472, #208, #1313, #1092, #1783, #692 ),
 .UNSPECIFIED., .F., .F.,
 ( 4, 2, 2, 4 ),
 ( 0.01208714593249030599, 0.01449911994331010145, 0.01570510694871998097, 0.01691109395412986049 ),
 .UNSPECIFIED. ) ;
#975 = DIRECTION ( 'NONE',  ( 1.000000000000000000, 0.000000000000000000, 0.000000000000000000 ) ) ;
#976 = DIRECTION ( 'NONE',  ( 1.000000000000000000, 0.000000000000000000, 0.000000000000000000 ) ) ;
#977 = EDGE_LOOP ( 'NONE', ( #737, #261, #1692, #2165, #836 ) ) ;
#978 = VERTEX_POINT ( 'NONE', #731 ) ;
#979 = CIRCLE ( 'NONE', #1212, 20.00000000000001776 ) ;
#980 = DIRECTION ( 'NONE',  ( -0.000000000000000000, -1.000000000000000000, -0.000000000000000000 ) ) ;
#981 = DIRECTION ( 'NONE',  ( 0.000000000000000000, 0.000000000000000000, -1.000000000000000000 ) ) ;
#982 = EDGE_CURVE ( 'NONE', #2773, #1240, #436, .T. ) ;
#983 = DIRECTION ( 'NONE',  ( 1.000000000000000000, 0.000000000000000000, 0.000000000000000000 ) ) ;
#984 = FACE_OUTER_BOUND ( 'NONE', #1407, .T. ) ;
#985 = ORIENTED_EDGE ( 'NONE', *, *, #2631, .T. ) ;
#986 = FACE_OUTER_BOUND ( 'NONE', #2534, .T. ) ;
#987 = VECTOR ( 'NONE', #2502, 999.9999999999998863 ) ;
#988 = ORIENTED_EDGE ( 'NONE', *, *, #1105, .F. ) ;
#989 = VECTOR ( 'NONE', #187, 1000.000000000000114 ) ;
#990 = DIRECTION ( 'NONE',  ( 1.000000000000000000, 0.000000000000000000, 0.000000000000000000 ) ) ;
#991 = EDGE_CURVE ( 'NONE', #2493, #13, #1589, .T. ) ;
#992 = DIRECTION ( 'NONE',  ( -0.000000000000000000, 0.000000000000000000, 1.000000000000000000 ) ) ;
#993 = EDGE_CURVE ( 'NONE', #1409, #1887, #2810, .T. ) ;
#994 = ORIENTED_EDGE ( 'NONE', *, *, #1532, .T. ) ;
#995 = ORIENTED_EDGE ( 'NONE', *, *, #2639, .F. ) ;
#996 = DIRECTION ( 'NONE',  ( 0.000000000000000000, 1.000000000000000000, 0.000000000000000000 ) ) ;
#997 = FACE_OUTER_BOUND ( 'NONE', #848, .T. ) ;
#998 = CARTESIAN_POINT ( 'NONE',  ( -51.73034269092880066, -12.99596265175504506, 12.50000000000000000 ) ) ;
#999 = ADVANCED_FACE ( 'NONE', ( #1850 ), #2481, .T. ) ;
#1000 = LINE ( 'NONE', #1881, #2696 ) ;
#1001 = ORIENTED_EDGE ( 'NONE', *, *, #1928, .T. ) ;
#1002 = CARTESIAN_POINT ( 'NONE',  ( 109.6914004960107718, -5.000000000000000000, 7.315232491606924015 ) ) ;
#1003 = ORIENTED_EDGE ( 'NONE', *, *, #711, .F. ) ;
#1004 = AXIS2_PLACEMENT_3D ( 'NONE', #40, #431, #928 ) ;
#1005 = DIRECTION ( 'NONE',  ( -0.7071067811865613395, 0.000000000000000000, -0.7071067811865338060 ) ) ;
#1006 = FACE_OUTER_BOUND ( 'NONE', #2038, .T. ) ;
#1007 = VERTEX_POINT ( 'NONE', #2456 ) ;
#1008 = EDGE_LOOP ( 'NONE', ( #394, #2447, #1544, #2075 ) ) ;
#1009 = ORIENTED_EDGE ( 'NONE', *, *, #1980, .T. ) ;
#1010 = AXIS2_PLACEMENT_3D ( 'NONE', #1202, #953, #2050 ) ;
#1011 = DIRECTION ( 'NONE',  ( 0.000000000000000000, 0.000000000000000000, -1.000000000000000000 ) ) ;
#1012 = CARTESIAN_POINT ( 'NONE',  ( -45.18041573351722207, 0.02810076154515818783, 7.500000000000000888 ) ) ;
#1013 = EDGE_CURVE ( 'NONE', #1887, #2697, #2060, .T. ) ;
#1014 = CIRCLE ( 'NONE', #2670, 2.000000000000001776 ) ;
#1015 = DIRECTION ( 'NONE',  ( 0.000000000000000000, 0.000000000000000000, 1.000000000000000000 ) ) ;
#1016 = VERTEX_POINT ( 'NONE', #1197 ) ;
#1017 = CARTESIAN_POINT ( 'NONE',  ( -70.96555249910856844, -13.47903236469408661, 7.500000000000000888 ) ) ;
#1018 = AXIS2_PLACEMENT_3D ( 'NONE', #760, #730, #553 ) ;
#1019 = ORIENTED_EDGE ( 'NONE', *, *, #641, .F. ) ;
#1020 = CARTESIAN_POINT ( 'NONE',  ( -56.64255413430704778, 16.92301652257868838, 7.500000000000000888 ) ) ;
#1022 = ADVANCED_FACE ( 'NONE', ( #461 ), #1565, .T. ) ;
#1021 = CARTESIAN_POINT ( 'NONE',  ( -42.69229044428357156, 3.776457135307583091, 11.50000000000000000 ) ) ;
#1023 = CARTESIAN_POINT ( 'NONE',  ( -61.68039180462715620, 0.000000000000000000, 7.500000000000000000 ) ) ;
#1024 = ORIENTED_EDGE ( 'NONE', *, *, #491, .F. ) ;
#1025 = EDGE_CURVE ( 'NONE', #2074, #2530, #210, .T. ) ;
#1026 = CALENDAR_DATE ( 2026, 12, 9 ) ;
#1027 = ORIENTED_EDGE ( 'NONE', *, *, #681, .T. ) ;
#1028 = CIRCLE ( 'NONE', #2679, 2.000000000000001776 ) ;
#1029 = ORIENTED_EDGE ( 'NONE', *, *, #1506, .T. ) ;
#1030 = CARTESIAN_POINT ( 'NONE',  ( -45.59006792315076950, 3.000000000000000000, 12.50000000000000000 ) ) ;
#1031 = ADVANCED_FACE ( 'NONE', ( #2092 ), #2575, .T. ) ;
#1032 = AXIS2_PLACEMENT_3D ( 'NONE', #630, #2842, #614 ) ;
#1033 = ADVANCED_FACE ( 'NONE', ( #1465 ), #112, .T. ) ;
#1034 = FACE_OUTER_BOUND ( 'NONE', #895, .T. ) ;
#1035 = CARTESIAN_POINT ( 'NONE',  ( 97.86004937184274866, 1007.445704556437590, 7.500000000000000888 ) ) ;
#1036 = AXIS2_PLACEMENT_3D ( 'NONE', #2730, #746, #1080 ) ;
#1037 = DIRECTION ( 'NONE',  ( 1.000000000000000000, 0.000000000000000000, 0.000000000000000000 ) ) ;
#1038 = CARTESIAN_POINT ( 'NONE',  ( -58.94317835307005993, 17.28460767621353611, 7.500000000000000888 ) ) ;
#1039 = CARTESIAN_POINT ( 'NONE',  ( 137.5913932383248266, -5.000000000000000000, 18.34525935130894680 ) ) ;
#1040 = ORIENTED_EDGE ( 'NONE', *, *, #201, .T. ) ;
#1041 = ORIENTED_EDGE ( 'NONE', *, *, #2345, .T. ) ;
#1042 = VECTOR ( 'NONE', #1670, 1000.000000000000000 ) ;
#1043 = EDGE_CURVE ( 'NONE', #2736, #2243, #2747, .T. ) ;
#1044 = EDGE_LOOP ( 'NONE', ( #1442, #1128, #2663, #799, #1054 ) ) ;
#1045 = EDGE_CURVE ( 'NONE', #2736, #2411, #339, .T. ) ;
#1046 = DIRECTION ( 'NONE',  ( 0.000000000000000000, 0.000000000000000000, 1.000000000000000000 ) ) ;
#1047 = APPROVAL_PERSON_ORGANIZATION ( #2088, #2805, #2535 ) ;
#1048 = CARTESIAN_POINT ( 'NONE',  ( 115.8182763803123265, 0.1564158024228669286, -1.318542860794966298 ) ) ;
#1049 = CARTESIAN_POINT ( 'NONE',  ( 115.8014797068977515, -0.5211513159000198403, 0.8279881553247442350 ) ) ;
#1050 = DIRECTION ( 'NONE',  ( 1.000000000000000000, 0.000000000000000000, 0.000000000000000000 ) ) ;
#1051 = DIRECTION ( 'NONE',  ( 1.000000000000000000, 0.000000000000000000, 0.000000000000000000 ) ) ;
#1052 = DIRECTION ( 'NONE',  ( 1.000000000000000000, 0.000000000000000000, 0.000000000000000000 ) ) ;
#1053 = LINE ( 'NONE', #1727, #2085 ) ;
#1054 = ORIENTED_EDGE ( 'NONE', *, *, #2859, .F. ) ;
#1055 = ORIENTED_EDGE ( 'NONE', *, *, #291, .T. ) ;
#1056 = ORIENTED_EDGE ( 'NONE', *, *, #2220, .T. ) ;
#1057 = FACE_OUTER_BOUND ( 'NONE', #181, .T. ) ;
#1058 = VECTOR ( 'NONE', #2410, 1000.000000000000000 ) ;
#1059 = CARTESIAN_POINT ( 'NONE',  ( 115.8182743059527837, 0.1564910701667109050, -0.02384575228440624292 ) ) ;
#1060 = FACE_OUTER_BOUND ( 'NONE', #2329, .T. ) ;
#1061 = DIRECTION ( 'NONE',  ( -1.000000000000000000, 0.000000000000000000, 0.000000000000000000 ) ) ;
#1062 = DIRECTION ( 'NONE',  ( 1.000000000000000000, 0.000000000000000000, 0.000000000000000000 ) ) ;
#1063 = CARTESIAN_POINT ( 'NONE',  ( -38.88833497356155533, -10.42009795115670556, 7.500000000000000888 ) ) ;
#1064 = AXIS2_PLACEMENT_3D ( 'NONE', #2468, #1993, #683 ) ;
#1065 = ORIENTED_EDGE ( 'NONE', *, *, #201, .F. ) ;
#1066 = CARTESIAN_POINT ( 'NONE',  ( -77.36898581851924916, 4.665462514913759406, 7.500000000000000888 ) ) ;
#1067 = ORIENTED_EDGE ( 'NONE', *, *, #2467, .T. ) ;
#1068 = EDGE_LOOP ( 'NONE', ( #1916, #1041, #1609, #623 ) ) ;
#1069 = CARTESIAN_POINT ( 'NONE',  ( -74.82234268601014548, -14.21614394963745553, 7.500000000000000888 ) ) ;
#1070 = DIRECTION ( 'NONE',  ( 1.000000000000000000, -8.673617379884027583E-16, 0.000000000000000000 ) ) ;
#1071 = ADVANCED_FACE ( 'NONE', ( #1311 ), #1931, .T. ) ;
#1072 = CIRCLE ( 'NONE', #1994, 5.000000000000004441 ) ;
#1073 = CARTESIAN_POINT ( 'NONE',  ( -68.41720800568671734, -15.06204858155561155, 11.50000000000000000 ) ) ;
#1074 = CARTESIAN_POINT ( 'NONE',  ( 109.8130120656605584, 5.000000000000001776, 7.285425504530655516 ) ) ;
#1075 = FACE_OUTER_BOUND ( 'NONE', #2788, .T. ) ;
#1076 = FACE_OUTER_BOUND ( 'NONE', #2687, .T. ) ;
#1077 = EDGE_LOOP ( 'NONE', ( #739, #610, #1616, #1626 ) ) ;
#1078 = CARTESIAN_POINT ( 'NONE',  ( -79.26183430610741709, 8.105707947651557888, 7.500000000000000888 ) ) ;
#1079 = ORIENTED_EDGE ( 'NONE', *, *, #2525, .F. ) ;
#1080 = DIRECTION ( 'NONE',  ( 1.000000000000000000, 0.000000000000000000, 0.000000000000000000 ) ) ;
#1081 = ADVANCED_FACE ( 'NONE', ( #554 ), #1802, .T. ) ;
#1082 = CIRCLE ( 'NONE', #198, 12.42900736601908562 ) ;
#1083 = VECTOR ( 'NONE', #206, 1000.000000000000000 ) ;
#1084 = CARTESIAN_POINT ( 'NONE',  ( -70.96555249910856844, -13.47903236469408661, 11.50000000000000000 ) ) ;
#1085 = AXIS2_PLACEMENT_3D ( 'NONE', #1234, #1015, #130 ) ;
#1086 = AXIS2_PLACEMENT_3D ( 'NONE', #2682, #1133, #976 ) ;
#1087 = CARTESIAN_POINT ( 'NONE',  ( -79.04446277881910987, 2.176933440238457251, 7.500000000000000888 ) ) ;
#1088 = DIRECTION ( 'NONE',  ( 1.000000000000000000, 0.000000000000000000, 0.000000000000000000 ) ) ;
#1089 = ORIENTED_EDGE ( 'NONE', *, *, #863, .T. ) ;
#1090 = DIRECTION ( 'NONE',  ( 1.000000000000000000, 0.000000000000000000, 0.000000000000000000 ) ) ;
#1091 = ORIENTED_EDGE ( 'NONE', *, *, #1111, .T. ) ;
#1092 = CARTESIAN_POINT ( 'NONE',  ( 110.4747635132843158, -5.000000000000001776, 7.065379166799280242 ) ) ;
#1093 = CARTESIAN_POINT ( 'NONE',  ( 134.0478231524209320, 5.000000000000000000, 11.65474064869101767 ) ) ;
#1094 = AXIS2_PLACEMENT_3D ( 'NONE', #2475, #927, #2691 ) ;
#1095 = AXIS2_PLACEMENT_3D ( 'NONE', #175, #2546, #1062 ) ;
#1096 = CIRCLE ( 'NONE', #2478, 16.50000000000000000 ) ;
#1097 = CARTESIAN_POINT ( 'NONE',  ( -78.18039180462716331, 0.000000000000000000, 7.500000000000000000 ) ) ;
#1098 = ADVANCED_FACE ( 'NONE', ( #1664 ), #569, .T. ) ;
#1099 = AXIS2_PLACEMENT_3D ( 'NONE', #1185, #969, #2289 ) ;
#1100 = CARTESIAN_POINT ( 'NONE',  ( -42.59006792315076950, 3.000000000000000000, 7.500000000000000888 ) ) ;
#1101 = DIRECTION ( 'NONE',  ( -0.7771459614569617980, 0.6293203910498487152, 0.000000000000000000 ) ) ;
#1102 = DIRECTION ( 'NONE',  ( 0.000000000000000000, 0.000000000000000000, 1.000000000000000000 ) ) ;
#1103 = ORIENTED_EDGE ( 'NONE', *, *, #2332, .F. ) ;
#1104 = CARTESIAN_POINT ( 'NONE',  ( -61.68039180462715620, 0.000000000000000000, 7.500000000000000000 ) ) ;
#1105 = EDGE_CURVE ( 'NONE', #1919, #336, #1729, .T. ) ;
#1106 = AXIS2_PLACEMENT_3D ( 'NONE', #2627, #1536, #2850 ) ;
#1107 = ORIENTED_EDGE ( 'NONE', *, *, #622, .T. ) ;
#1108 = ORIENTED_EDGE ( 'NONE', *, *, #2018, .T. ) ;
#1109 = DIRECTION ( 'NONE',  ( 1.000000000000000000, 0.000000000000000000, 0.000000000000000000 ) ) ;
#1110 = DIRECTION ( 'NONE',  ( 1.000000000000000000, 0.000000000000000000, 0.000000000000000000 ) ) ;
#1111 = EDGE_CURVE ( 'NONE', #2411, #1556, #789, .T. ) ;
#1112 = EDGE_CURVE ( 'NONE', #820, #1445, #1028, .T. ) ;
#1113 = EDGE_CURVE ( 'NONE', #1887, #2545, #1528, .T. ) ;
#1114 = CARTESIAN_POINT ( 'NONE',  ( 115.8196081953728509, 5.000000000000000000, 1.678344963007560864E-13 ) ) ;
#1115 = AXIS2_PLACEMENT_3D ( 'NONE', #1208, #1428, #2518 ) ;
#1116 = CARTESIAN_POINT ( 'NONE',  ( -74.18170108668387286, -9.828439288238522309, 12.42226429100454332 ) ) ;
#1117 = ORIENTED_EDGE ( 'NONE', *, *, #279, .F. ) ;
#1118 = DIRECTION ( 'NONE',  ( -0.000000000000000000, -0.000000000000000000, 1.000000000000000000 ) ) ;
#1119 = VERTEX_POINT ( 'NONE', #761 ) ;
#1120 = ORIENTED_EDGE ( 'NONE', *, *, #1537, .T. ) ;
#1121 = CARTESIAN_POINT ( 'NONE',  ( -78.32825387961021590, 7.747339998106251180, 12.50000000000000000 ) ) ;
#1122 = EDGE_CURVE ( 'NONE', #1795, #1810, #2523, .T. ) ;
#1123 = EDGE_CURVE ( 'NONE', #923, #1502, #1433, .T. ) ;
#1124 = LINE ( 'NONE', #1385, #1298 ) ;
#1125 = AXIS2_PLACEMENT_3D ( 'NONE', #1187, #1610, #314 ) ;
#1126 = DIRECTION ( 'NONE',  ( 1.000000000000000000, 2.664535259100377669E-15, 0.000000000000000000 ) ) ;
#1127 = CARTESIAN_POINT ( 'NONE',  ( -77.36898581851924916, 4.665462514913759406, 7.500000000000000888 ) ) ;
#1128 = ORIENTED_EDGE ( 'NONE', *, *, #711, .T. ) ;
#1129 = CARTESIAN_POINT ( 'NONE',  ( 115.8196081953728793, 0.07843071581499874712, -4.430151720729440371E-14 ) ) ;
#1130 = ORIENTED_EDGE ( 'NONE', *, *, #393, .T. ) ;
#1131 = VERTEX_POINT ( 'NONE', #2776 ) ;
#1132 = CYLINDRICAL_SURFACE ( 'NONE', #1421, 3.000000000000002665 ) ;
#1133 = DIRECTION ( 'NONE',  ( 0.000000000000000000, -0.000000000000000000, -1.000000000000000000 ) ) ;
#1134 = CARTESIAN_POINT ( 'NONE',  ( 113.9097781391223236, 5.000000000000000000, 5.000000000000222045 ) ) ;
#1135 = DIRECTION ( 'NONE',  ( -0.000000000000000000, -1.000000000000000000, -0.000000000000000000 ) ) ;
#1136 = AXIS2_PLACEMENT_3D ( 'NONE', #2476, #318, #741 ) ;
#1137 = ADVANCED_FACE ( 'NONE', ( #997 ), #1899, .T. ) ;
#1138 = LINE ( 'NONE', #1753, #2071 ) ;
#1139 = DIRECTION ( 'NONE',  ( 0.000000000000000000, 0.000000000000000000, 1.000000000000000000 ) ) ;
#1140 = ORIENTED_EDGE ( 'NONE', *, *, #279, .T. ) ;
#1141 = DIRECTION ( 'NONE',  ( 1.000000000000000000, 0.000000000000000000, 0.000000000000000000 ) ) ;
#1142 = ORIENTED_EDGE ( 'NONE', *, *, #1113, .T. ) ;
#1143 = FACE_OUTER_BOUND ( 'NONE', #1839, .T. ) ;
#1144 = DIRECTION ( 'NONE',  ( -0.000000000000000000, 0.000000000000000000, 1.000000000000000000 ) ) ;
#1145 = AXIS2_PLACEMENT_3D ( 'NONE', #2853, #2217, #424 ) ;
#1146 = DIRECTION ( 'NONE',  ( 0.000000000000000000, -0.000000000000000000, -1.000000000000000000 ) ) ;
#1147 = DIRECTION ( 'NONE',  ( 1.000000000000000000, 0.000000000000000000, 0.000000000000000000 ) ) ;
#1148 = VECTOR ( 'NONE', #1981, 1000.000000000000000 ) ;
#1149 = ADVANCED_FACE ( 'NONE', ( #2166 ), #178, .T. ) ;
#1150 = CARTESIAN_POINT ( 'NONE',  ( -56.65802235460206049, 15.67093004455687932, 11.83148804205150384 ) ) ;
#1151 = CIRCLE ( 'NONE', #2777, 16.50000000000000000 ) ;
#1152 = DIRECTION ( 'NONE',  ( 1.000000000000000000, 0.000000000000000000, 0.000000000000000000 ) ) ;
#1153 = ORIENTED_EDGE ( 'NONE', *, *, #71, .T. ) ;
#1154 = CARTESIAN_POINT ( 'NONE',  ( -64.52878288779220384, 15.75482098340653536, 12.36993840020065960 ) ) ;
#1155 = ORIENTED_EDGE ( 'NONE', *, *, #2657, .T. ) ;
#1156 = CIRCLE ( 'NONE', #504, 20.00000000000000355 ) ;
#1157 = DIRECTION ( 'NONE',  ( -1.000000000000000000, 0.000000000000000000, 0.000000000000000000 ) ) ;
#1158 = DIRECTION ( 'NONE',  ( -0.000000000000000000, -0.000000000000000000, -1.000000000000000000 ) ) ;
#1159 = ADVANCED_FACE ( 'NONE', ( #2182 ), #192, .T. ) ;
#1160 = MECHANICAL_CONTEXT ( 'NONE', #1175, 'mechanical' ) ;
#1161 = ORIENTED_EDGE ( 'NONE', *, *, #1419, .F. ) ;
#1162 = EDGE_CURVE ( 'NONE', #2099, #2585, #1389, .T. ) ;
#1163 = DIRECTION ( 'NONE',  ( 1.000000000000000000, 0.000000000000000000, 0.000000000000000000 ) ) ;
#1164 = DIRECTION ( 'NONE',  ( 0.000000000000000000, 0.000000000000000000, -1.000000000000000000 ) ) ;
#1165 = VECTOR ( 'NONE', #838, 1000.000000000000000 ) ;
#1166 = CARTESIAN_POINT ( 'NONE',  ( -56.82639472029891436, 15.57314885571602581, 12.10368025391358415 ) ) ;
#1167 = VECTOR ( 'NONE', #300, 999.9999999999998863 ) ;
#1168 = DIRECTION ( 'NONE',  ( 1.000000000000000000, 0.000000000000000000, 0.000000000000000000 ) ) ;
#1169 = VERTEX_POINT ( 'NONE', #427 ) ;
#1170 = DIRECTION ( 'NONE',  ( 0.000000000000000000, 0.000000000000000000, -1.000000000000000000 ) ) ;
#1171 = ORIENTED_EDGE ( 'NONE', *, *, #1418, .F. ) ;
#1172 = CIRCLE ( 'NONE', #59, 3.000000000000002665 ) ;
#1173 = LINE ( 'NONE', #2102, #987 ) ;
#1174 = DIRECTION ( 'NONE',  ( 0.000000000000000000, 0.000000000000000000, 1.000000000000000000 ) ) ;
#1175 = APPLICATION_CONTEXT ( 'configuration controlled 3d designs of mechanical parts and assemblies' ) ;
#1176 = LINE ( 'NONE', #2015, #1777 ) ;
#1177 = ORIENTED_EDGE ( 'NONE', *, *, #2544, .F. ) ;
#1178 = EDGE_LOOP ( 'NONE', ( #1705, #56, #2832, #1204 ) ) ;
#1179 = CARTESIAN_POINT ( 'NONE',  ( 134.0478231524209320, -5.000000000000000000, 11.65474064869101767 ) ) ;
#1180 = PLANE ( 'NONE',  #669 ) ;
#1181 = CARTESIAN_POINT ( 'NONE',  ( -59.56137782913938139, 16.22985835990198211, 7.500000000000000888 ) ) ;
#1182 = CIRCLE ( 'NONE', #2431, 1.000000000000001776 ) ;
#1183 = AXIS2_PLACEMENT_3D ( 'NONE', #1353, #2422, #708 ) ;
#1184 = VECTOR ( 'NONE', #439, 1000.000000000000000 ) ;
#1185 = CARTESIAN_POINT ( 'NONE',  ( -61.68039180462715620, 0.000000000000000000, 12.50000000000000000 ) ) ;
#1186 = ORIENTED_EDGE ( 'NONE', *, *, #63, .F. ) ;
#1187 = CARTESIAN_POINT ( 'NONE',  ( -59.56137782913938139, 16.22985835990198211, 12.50000000000000000 ) ) ;
#1188 = VECTOR ( 'NONE', #404, 1000.000000000000114 ) ;
#1189 = VERTEX_POINT ( 'NONE', #1808 ) ;
#1190 = DIRECTION ( 'NONE',  ( 1.000000000000000000, 0.000000000000000000, 0.000000000000000000 ) ) ;
#1191 = CARTESIAN_POINT ( 'NONE',  ( -78.08704195097763545, 1.752663965298818960, 11.66876012631442627 ) ) ;
#1192 = ADVANCED_FACE ( 'NONE', ( #1781 ), #38, .T. ) ;
#1193 = APPROVAL_ROLE ( '' ) ;
#1194 = VERTEX_POINT ( 'NONE', #23 ) ;
#1195 = ORIENTED_EDGE ( 'NONE', *, *, #2011, .F. ) ;
#1196 = DIRECTION ( 'NONE',  ( -0.000000000000000000, -0.000000000000000000, -1.000000000000000000 ) ) ;
#1197 = CARTESIAN_POINT ( 'NONE',  ( 128.2304804565601444, -5.000000000000000000, -20.67117346569115810 ) ) ;
#1198 = AXIS2_PLACEMENT_3D ( 'NONE', #2866, #19, #879 ) ;
#1199 = AXIS2_PLACEMENT_3D ( 'NONE', #1786, #250, #1602 ) ;
#1200 = CARTESIAN_POINT ( 'NONE',  ( -51.73034269092880066, -12.99596265175504506, 11.50000000000000000 ) ) ;
#1201 = EDGE_CURVE ( 'NONE', #1674, #225, #411, .T. ) ;
#1202 = CARTESIAN_POINT ( 'NONE',  ( -61.68039180462715620, 0.000000000000000000, 12.50000000000000000 ) ) ;
#1203 = EDGE_CURVE ( 'NONE', #706, #166, #1151, .T. ) ;
#1204 = ORIENTED_EDGE ( 'NONE', *, *, #1329, .T. ) ;
#1205 = CARTESIAN_POINT ( 'NONE',  ( -75.01263563972018744, -9.721176591422658220, 11.50000000000000000 ) ) ;
#1206 = EDGE_LOOP ( 'NONE', ( #2183, #352, #455, #2705 ) ) ;
#1207 = FACE_OUTER_BOUND ( 'NONE', #534, .T. ) ;
#1208 = CARTESIAN_POINT ( 'NONE',  ( -61.68039180462715620, 0.000000000000000000, -4.999999999999886313 ) ) ;
#1209 = DATE_TIME_ROLE ( 'creation_date' ) ;
#1210 = ORIENTED_EDGE ( 'NONE', *, *, #2127, .F. ) ;
#1211 = VERTEX_POINT ( 'NONE', #233 ) ;
#1212 = AXIS2_PLACEMENT_3D ( 'NONE', #2395, #402, #2180 ) ;
#1213 = DIRECTION ( 'NONE',  ( 1.000000000000000000, 0.000000000000000000, 0.000000000000000000 ) ) ;
#1214 = EDGE_CURVE ( 'NONE', #2190, #2486, #2437, .T. ) ;
#1215 = FACE_OUTER_BOUND ( 'NONE', #890, .T. ) ;
#1216 = DIRECTION ( 'NONE',  ( -0.000000000000000000, 0.000000000000000000, 1.000000000000000000 ) ) ;
#1217 = ORIENTED_EDGE ( 'NONE', *, *, #2484, .T. ) ;
#1218 = DIRECTION ( 'NONE',  ( -1.000000000000000000, 0.000000000000000000, 0.000000000000000000 ) ) ;
#1219 = TOROIDAL_SURFACE ( 'NONE', #2463, 15.50000000000000000, 1.000000000000000000 ) ;
#1220 = ORIENTED_EDGE ( 'NONE', *, *, #1799, .T. ) ;
#1221 = TOROIDAL_SURFACE ( 'NONE', #1963, 15.50000000000000000, 1.000000000000000000 ) ;
#1222 = CARTESIAN_POINT ( 'NONE',  ( -56.55489337949343565, -15.68372614827075218, 11.50000000000000000 ) ) ;
#1223 = AXIS2_PLACEMENT_3D ( 'NONE', #2795, #1910, #2576 ) ;
#1224 = CARTESIAN_POINT ( 'NONE',  ( -77.05646629671771564, 2.592079658080611360, 12.50000000000000000 ) ) ;
#1225 = ORIENTED_EDGE ( 'NONE', *, *, #1252, .F. ) ;
#1226 = APPROVAL_DATE_TIME ( #819, #2805 ) ;
#1227 = VERTEX_POINT ( 'NONE', #897 ) ;
#1228 = ADVANCED_FACE ( 'NONE', ( #1582 ), #1324, .T. ) ;
#1229 = ORIENTED_EDGE ( 'NONE', *, *, #1788, .F. ) ;
#1230 = DIRECTION ( 'NONE',  ( -0.000000000000000000, -0.000000000000000000, -1.000000000000000000 ) ) ;
#1231 = CARTESIAN_POINT ( 'NONE',  ( -70.96555249910856844, -13.47903236469408661, 12.50000000000000000 ) ) ;
#1232 = ADVANCED_FACE ( 'NONE', ( #2473 ), #2837, .T. ) ;
#1233 = EDGE_CURVE ( 'NONE', #1460, #2514, #2649, .T. ) ;
#1234 = CARTESIAN_POINT ( 'NONE',  ( -77.36898581851924916, 4.665462514913759406, 7.500000000000000888 ) ) ;
#1235 = VERTEX_POINT ( 'NONE', #2870 ) ;
#1236 = DIRECTION ( 'NONE',  ( 0.3583679495453087060, 0.9335804264971984123, -0.000000000000000000 ) ) ;
#1237 = ORIENTED_EDGE ( 'NONE', *, *, #1429, .T. ) ;
#1238 = CIRCLE ( 'NONE', #1286, 12.42900736601907496 ) ;
#1239 = CARTESIAN_POINT ( 'NONE',  ( 128.2304804565601444, 5.000000000000000000, -0.6711734656911403363 ) ) ;
#1240 = VERTEX_POINT ( 'NONE', #2205 ) ;
#1241 = EDGE_CURVE ( 'NONE', #2107, #2815, #244, .T. ) ;
#1242 = CALENDAR_DATE ( 2026, 12, 9 ) ;
#1243 = VERTEX_POINT ( 'NONE', #1758 ) ;
#1244 = EDGE_CURVE ( 'NONE', #619, #390, #62, .T. ) ;
#1245 = ORIENTED_EDGE ( 'NONE', *, *, #1043, .F. ) ;
#1246 = AXIS2_PLACEMENT_3D ( 'NONE', #2852, #869, #1580 ) ;
#1247 = DIRECTION ( 'NONE',  ( -1.000000000000000000, 0.000000000000000000, 0.000000000000000000 ) ) ;
#1248 = B_SPLINE_CURVE_WITH_KNOTS ( 'NONE', 3,
 ( #716, #1817, #748, #1594, #734, #266, #1166, #1150, #2510, #1865 ),
 .UNSPECIFIED., .F., .F.,
 ( 4, 2, 2, 2, 4 ),
 ( -6.578102695093053237E-06, 0.0004905520520394967372, 0.0009876822067740864946, 0.001484812361508676144, 0.001981942516243264708 ),
 .UNSPECIFIED. ) ;
#1249 = CIRCLE ( 'NONE', #541, 3.000000000000002665 ) ;
#1250 = CARTESIAN_POINT ( 'NONE',  ( 115.8196120571027592, -0.07892884963981133817, 1.342418339819559936 ) ) ;
#1251 = LINE ( 'NONE', #2129, #2334 ) ;
#1252 = EDGE_CURVE ( 'NONE', #1556, #1119, #2694, .T. ) ;
#1253 = EDGE_LOOP ( 'NONE', ( #75, #2221, #2398, #2066 ) ) ;
#1254 = CARTESIAN_POINT ( 'NONE',  ( -75.04567006614981040, 9.675708604131786572, 11.50000000000000000 ) ) ;
#1255 = CARTESIAN_POINT ( 'NONE',  ( -65.08344303553997179, 16.14525448296751620, 7.500000000000000888 ) ) ;
#1256 = DIRECTION ( 'NONE',  ( -0.000000000000000000, -0.000000000000000000, -1.000000000000000000 ) ) ;
#1257 = ORIENTED_EDGE ( 'NONE', *, *, #167, .F. ) ;
#1258 = ORIENTED_EDGE ( 'NONE', *, *, #828, .T. ) ;
#1259 = VERTEX_POINT ( 'NONE', #452 ) ;
#1260 = CARTESIAN_POINT ( 'NONE',  ( 135.8196081953728367, -5.000000000000000000, 15.00000000000000000 ) ) ;
#1261 = EDGE_CURVE ( 'NONE', #1479, #286, #10, .T. ) ;
#1262 = AXIS2_PLACEMENT_3D ( 'NONE', #845, #1915, #562 ) ;
#1263 = CARTESIAN_POINT ( 'NONE',  ( -36.58569500162069943, -45.17957072735935498, 7.500000000000000888 ) ) ;
#1264 = CARTESIAN_POINT ( 'NONE',  ( 115.8014664963845490, -0.5213409370216685046, 0.5154093499479156515 ) ) ;
#1265 = CARTESIAN_POINT ( 'NONE',  ( -68.41720800568671734, -15.06204858155560977, 11.66876012631443693 ) ) ;
#1266 = AXIS2_PLACEMENT_3D ( 'NONE', #2364, #2377, #1276 ) ;
#1267 = AXIS2_PLACEMENT_3D ( 'NONE', #1796, #2024, #1990 ) ;
#1268 = CARTESIAN_POINT ( 'NONE',  ( -50.59960174379583009, -11.11294686023935085, 12.48730452859748219 ) ) ;
#1269 = DIRECTION ( 'NONE',  ( -0.05233595624296030063, -0.9986295347545730561, 0.000000000000000000 ) ) ;
#1270 = CARTESIAN_POINT ( 'NONE',  ( -61.68039180462715620, 0.000000000000000000, -17.50000000000000000 ) ) ;
#1271 = ORIENTED_EDGE ( 'NONE', *, *, #982, .T. ) ;
#1272 = COORDINATED_UNIVERSAL_TIME_OFFSET ( 5, 30, .AHEAD. ) ;
#1273 = ORIENTED_EDGE ( 'NONE', *, *, #2425, .F. ) ;
#1274 = CIRCLE ( 'NONE', #156, 16.50000000000000000 ) ;
#1275 = ORIENTED_EDGE ( 'NONE', *, *, #2063, .F. ) ;
#1276 = DIRECTION ( 'NONE',  ( 1.000000000000000000, 0.000000000000000000, 0.000000000000000000 ) ) ;
#1277 = PRODUCT_DEFINITION_FORMATION_WITH_SPECIFIED_SOURCE ( 'ANY', '', #526, .NOT_KNOWN. ) ;
#1278 = CARTESIAN_POINT ( 'NONE',  ( -43.59006792315076950, 3.000000000000000000, 11.50000000000000000 ) ) ;
#1279 = DIRECTION ( 'NONE',  ( -0.000000000000000000, -0.000000000000000000, -1.000000000000000000 ) ) ;
#1280 = CARTESIAN_POINT ( 'NONE',  ( -50.27492596829816307, -11.08134130490649660, 12.42226674930540931 ) ) ;
#1281 = DIRECTION ( 'NONE',  ( 0.3583679495453228614, 0.9335804264971931943, 1.619503882557119523E-15 ) ) ;
#1282 = CARTESIAN_POINT ( 'NONE',  ( -43.34798508928192717, 6.223542864692319654, 7.500000000000000888 ) ) ;
#1283 = EDGE_LOOP ( 'NONE', ( #1861, #1741, #1079, #520, #1526 ) ) ;
#1284 = CARTESIAN_POINT ( 'NONE',  ( 132.0250443259665190, 5.000000000000000000, 7.835586732845569280 ) ) ;
#1285 = ORIENTED_EDGE ( 'NONE', *, *, #2602, .F. ) ;
#1286 = AXIS2_PLACEMENT_3D ( 'NONE', #355, #2423, #2860 ) ;
#1287 = VERTEX_POINT ( 'NONE', #1364 ) ;
#1288 = EDGE_CURVE ( 'NONE', #1999, #13, #1591, .T. ) ;
#1289 = DIRECTION ( 'NONE',  ( 1.000000000000000000, 0.000000000000000000, 0.000000000000000000 ) ) ;
#1290 = CARTESIAN_POINT ( 'NONE',  ( 115.8014655718872632, 0.5213542070849016552, -0.5149821216994439066 ) ) ;
#1291 = DIRECTION ( 'NONE',  ( 0.000000000000000000, 0.000000000000000000, -1.000000000000000000 ) ) ;
#1292 = AXIS2_PLACEMENT_3D ( 'NONE', #1686, #161, #1061 ) ;
#1293 = APPROVAL ( #960, 'UNSPECIFIED' ) ;
#1294 = EDGE_CURVE ( 'NONE', #1189, #1875, #968, .T. ) ;
#1295 = DIRECTION ( 'NONE',  ( 0.000000000000000000, 1.000000000000000000, 0.000000000000000000 ) ) ;
#1296 = DIRECTION ( 'NONE',  ( -0.9986295347545730561, 0.05233595624296048104, 0.000000000000000000 ) ) ;
#1297 = FACE_OUTER_BOUND ( 'NONE', #365, .T. ) ;
#1298 = VECTOR ( 'NONE', #902, 1000.000000000000114 ) ;
#1299 = EDGE_LOOP ( 'NONE', ( #243, #688, #2506, #2714 ) ) ;
#1300 = DIRECTION ( 'NONE',  ( -0.000000000000000000, 0.000000000000000000, 1.000000000000000000 ) ) ;
#1301 = ORIENTED_EDGE ( 'NONE', *, *, #2318, .T. ) ;
#1302 = DIRECTION ( 'NONE',  ( 0.000000000000000000, 1.000000000000000000, 0.000000000000000000 ) ) ;
#1303 = AXIS2_PLACEMENT_3D ( 'NONE', #2688, #690, #884 ) ;
#1304 = CARTESIAN_POINT ( 'NONE',  ( -70.96555249910856844, -13.47903236469408661, 7.500000000000000888 ) ) ;
#1305 = EDGE_CURVE ( 'NONE', #2697, #837, #781, .T. ) ;
#1306 = DIRECTION ( 'NONE',  ( 1.000000000000000000, 0.000000000000000000, 0.000000000000000000 ) ) ;
#1307 = PLANE ( 'NONE',  #2021 ) ;
#1308 = FACE_OUTER_BOUND ( 'NONE', #806, .T. ) ;
#1309 = AXIS2_PLACEMENT_3D ( 'NONE', #2552, #568, #2059 ) ;
#1310 = VERTEX_POINT ( 'NONE', #1642 ) ;
#1311 = FACE_OUTER_BOUND ( 'NONE', #152, .T. ) ;
#1312 = ORIENTED_EDGE ( 'NONE', *, *, #1214, .T. ) ;
#1313 = CARTESIAN_POINT ( 'NONE',  ( 111.2165518558851147, -5.000000000000000000, 6.730884666734502808 ) ) ;
#1314 = CARTESIAN_POINT ( 'NONE',  ( -61.93430757769991857, 19.35833537641250857, 11.50000000000000000 ) ) ;
#1315 = EDGE_CURVE ( 'NONE', #1425, #2745, #2515, .T. ) ;
#1316 = DIRECTION ( 'NONE',  ( 1.000000000000000000, 2.891205793294675861E-15, 0.000000000000000000 ) ) ;
#1317 = CIRCLE ( 'NONE', #1688, 2.000000000000001776 ) ;
#1318 = AXIS2_PLACEMENT_3D ( 'NONE', #1278, #2847, #197 ) ;
#1319 = CARTESIAN_POINT ( 'NONE',  ( -61.68039180462715620, 0.000000000000000000, 12.50000000000000000 ) ) ;
#1320 = EDGE_CURVE ( 'NONE', #1365, #1476, #1274, .T. ) ;
#1321 = CARTESIAN_POINT ( 'NONE',  ( 115.8142766724634782, -0.2905813158657493123, -0.1056780089606620815 ) ) ;
#1322 = DIRECTION ( 'NONE',  ( 1.000000000000000000, 0.000000000000000000, 0.000000000000000000 ) ) ;
#1323 = ORIENTED_EDGE ( 'NONE', *, *, #2864, .T. ) ;
#1324 = CYLINDRICAL_SURFACE ( 'NONE', #242, 3.000000000000002665 ) ;
#1325 = ORIENTED_EDGE ( 'NONE', *, *, #950, .T. ) ;
#1326 = ORIENTED_EDGE ( 'NONE', *, *, #2011, .T. ) ;
#1327 = EDGE_CURVE ( 'NONE', #978, #1211, #2380, .T. ) ;
#1328 = FACE_OUTER_BOUND ( 'NONE', #1253, .T. ) ;
#1329 = EDGE_CURVE ( 'NONE', #2486, #2630, #1775, .T. ) ;
#1330 = AXIS2_PLACEMENT_3D ( 'NONE', #1824, #1871, #958 ) ;
#1331 = AXIS2_PLACEMENT_3D ( 'NONE', #148, #590, #1903 ) ;
#1332 = DIRECTION ( 'NONE',  ( 0.000000000000000000, 0.000000000000000000, 1.000000000000000000 ) ) ;
#1333 = DIRECTION ( 'NONE',  ( -0.000000000000000000, -1.000000000000000000, -0.000000000000000000 ) ) ;
#1334 = CARTESIAN_POINT ( 'NONE',  ( -74.95471635027664092, -9.725973971403018226, 11.83148599391331857 ) ) ;
#1335 = CARTESIAN_POINT ( 'NONE',  ( -74.82234268601014548, -14.21614394963745553, 7.500000000000000888 ) ) ;
#1336 = EDGE_LOOP ( 'NONE', ( #2608, #459, #150, #2771 ) ) ;
#1337 = EDGE_CURVE ( 'NONE', #835, #301, #2646, .T. ) ;
#1338 = DIRECTION ( 'NONE',  ( 0.000000000000000000, 0.000000000000000000, 1.000000000000000000 ) ) ;
#1339 = EDGE_CURVE ( 'NONE', #286, #1460, #515, .T. ) ;
#1340 = AXIS2_PLACEMENT_3D ( 'NONE', #1403, #2287, #2064 ) ;
#1341 = VERTEX_POINT ( 'NONE', #1205 ) ;
#1342 = DIRECTION ( 'NONE',  ( -0.000000000000000000, -1.000000000000000000, -0.000000000000000000 ) ) ;
#1343 = CIRCLE ( 'NONE', #448, 3.000000000000002665 ) ;
#1344 = DIRECTION ( 'NONE',  ( 0.000000000000000000, 0.000000000000000000, -1.000000000000000000 ) ) ;
#1345 = ORIENTED_EDGE ( 'NONE', *, *, #932, .F. ) ;
#1346 = CARTESIAN_POINT ( 'NONE',  ( -45.59006792315076950, 3.000000000000000000, 11.50000000000000000 ) ) ;
#1347 = DIRECTION ( 'NONE',  ( 0.000000000000000000, 1.000000000000000000, 0.000000000000000000 ) ) ;
#1348 = AXIS2_PLACEMENT_3D ( 'NONE', #1722, #2172, #398 ) ;
#1349 = DIRECTION ( 'NONE',  ( -0.000000000000000000, -0.000000000000000000, -1.000000000000000000 ) ) ;
#1350 = EDGE_LOOP ( 'NONE', ( #2023, #1862, #2715, #1393, #503, #2459, #1704, #1107, #1029, #2082, #2567, #1120, #368, #2327, #940, #292, #1599, #37, #495, #1040, #443, #1140, #2488, #1414 ) ) ;
#1351 = CARTESIAN_POINT ( 'NONE',  ( -59.56137782913938139, 16.22985835990198211, 12.50000000000000000 ) ) ;
#1352 = EDGE_LOOP ( 'NONE', ( #1959, #1890, #2122, #25 ) ) ;
#1353 = CARTESIAN_POINT ( 'NONE',  ( 135.8196081953728367, 5.000000000000000000, 15.00000000000000000 ) ) ;
#1354 = LINE ( 'NONE', #1811, #2247 ) ;
#1355 = CC_DESIGN_PERSON_AND_ORGANIZATION_ASSIGNMENT ( #2136, #564, ( #160 ) ) ;
#1356 = FACE_OUTER_BOUND ( 'NONE', #57, .T. ) ;
#1357 = ORIENTED_EDGE ( 'NONE', *, *, #510, .F. ) ;
#1358 = CARTESIAN_POINT ( 'NONE',  ( -61.68039180462715620, 0.000000000000000000, 7.500000000000000000 ) ) ;
#1359 = DIRECTION ( 'NONE',  ( 1.000000000000000000, 0.000000000000000000, 0.000000000000000000 ) ) ;
#1360 = CIRCLE ( 'NONE', #111, 3.000000000000002665 ) ;
#1361 = DIRECTION ( 'NONE',  ( 0.000000000000000000, 0.000000000000000000, -1.000000000000000000 ) ) ;
#1362 = CARTESIAN_POINT ( 'NONE',  ( -74.33919181671873844, -9.802168037516478805, 12.36993840020067736 ) ) ;
#1363 = ORIENTED_EDGE ( 'NONE', *, *, #1527, .F. ) ;
#1364 = CARTESIAN_POINT ( 'NONE',  ( -59.40436996041054130, 19.22574696416570816, 7.500000000000000888 ) ) ;
#1365 = VERTEX_POINT ( 'NONE', #2083 ) ;
#1366 = EDGE_LOOP ( 'NONE', ( #471, #2208, #51, #1572 ) ) ;
#1367 = LINE ( 'NONE', #693, #1652 ) ;
#1368 = EDGE_CURVE ( 'NONE', #232, #1674, #738, .T. ) ;
#1369 = CARTESIAN_POINT ( 'NONE',  ( -63.81728825967685026, 15.35199249414863765, 12.50000000000000000 ) ) ;
#1370 = CYLINDRICAL_SURFACE ( 'NONE', #200, 16.50000000000000000 ) ;
#1371 = CIRCLE ( 'NONE', #2806, 17.50000000000012790 ) ;
#1372 = DIRECTION ( 'NONE',  ( 1.000000000000000000, 0.000000000000000000, 0.000000000000000000 ) ) ;
#1373 = CARTESIAN_POINT ( 'NONE',  ( -61.68039180462715620, 0.000000000000000000, 11.50000000000000000 ) ) ;
#1374 = EDGE_CURVE ( 'NONE', #2053, #232, #722, .T. ) ;
#1375 = EDGE_LOOP ( 'NONE', ( #2786, #565, #35, #1177 ) ) ;
#1376 = DIRECTION ( 'NONE',  ( 0.000000000000000000, 0.000000000000000000, 1.000000000000000000 ) ) ;
#1377 = ADVANCED_FACE ( 'NONE', ( #986 ), #467, .T. ) ;
#1378 = ORIENTED_EDGE ( 'NONE', *, *, #889, .T. ) ;
#1379 = CARTESIAN_POINT ( 'NONE',  ( -51.73034269092880066, -12.99596265175504506, 12.50000000000000000 ) ) ;
#1380 = CYLINDRICAL_SURFACE ( 'NONE', #531, 1000.000000000000000 ) ;
#1381 = AXIS2_PLACEMENT_3D ( 'NONE', #1319, #32, #8 ) ;
#1382 = APPLICATION_PROTOCOL_DEFINITION ( 'international standard', 'config_control_design', 1994, #1175 ) ;
#1383 = AXIS2_PLACEMENT_3D ( 'NONE', #20, #1101, #423 ) ;
#1384 = ORIENTED_EDGE ( 'NONE', *, *, #1112, .F. ) ;
#1385 = CARTESIAN_POINT ( 'NONE',  ( -58.55214785999051941, 19.75383734424366011, -4.999999999999886313 ) ) ;
#1386 = CARTESIAN_POINT ( 'NONE',  ( -45.59006792315076950, 3.000000000000000000, 7.500000000000000888 ) ) ;
#1387 = CIRCLE ( 'NONE', #1018, 15.50000000000000000 ) ;
#1388 = DIRECTION ( 'NONE',  ( 0.000000000000000000, -0.000000000000000000, -1.000000000000000000 ) ) ;
#1389 = CIRCLE ( 'NONE', #1303, 3.000000000000002665 ) ;
#1390 = CYLINDRICAL_SURFACE ( 'NONE', #2335, 12.42900736601907496 ) ;
#1391 = VERTEX_POINT ( 'NONE', #1624 ) ;
#1392 = DIRECTION ( 'NONE',  ( 0.000000000000000000, 0.000000000000000000, -1.000000000000000000 ) ) ;
#1393 = ORIENTED_EDGE ( 'NONE', *, *, #939, .T. ) ;
#1394 = AXIS2_PLACEMENT_3D ( 'NONE', #1023, #576, #2605 ) ;
#1395 = CARTESIAN_POINT ( 'NONE',  ( -74.19302229496030066, -13.43899798818050506, 12.50000000000000000 ) ) ;
#1396 = CARTESIAN_POINT ( 'NONE',  ( 109.4186991202733026, 4.916462616329096313, 7.462233580527314558 ) ) ;
#1397 = APPLICATION_PROTOCOL_DEFINITION ( 'international standard', 'config_control_design', 1994, #1482 ) ;
#1398 = ORIENTED_EDGE ( 'NONE', *, *, #209, .T. ) ;
#1399 = VERTEX_POINT ( 'NONE', #1655 ) ;
#1400 = CARTESIAN_POINT ( 'NONE',  ( 108.3196081953728367, 0.000000000000000000, -4.999999999999886313 ) ) ;
#1401 = DIRECTION ( 'NONE',  ( 1.000000000000000000, 0.000000000000000000, 0.000000000000000000 ) ) ;
#1402 = AXIS2_PLACEMENT_3D ( 'NONE', #1030, #807, #1693 ) ;
#1403 = CARTESIAN_POINT ( 'NONE',  ( -61.68039180462715620, 0.000000000000000000, -17.50000000000000000 ) ) ;
#1404 = AXIS2_PLACEMENT_3D ( 'NONE', #2766, #1392, #1218 ) ;
#1405 = ADVANCED_FACE ( 'NONE', ( #559 ), #1221, .T. ) ;
#1406 = CYLINDRICAL_SURFACE ( 'NONE', #1099, 16.50000000000000000 ) ;
#1407 = EDGE_LOOP ( 'NONE', ( #2346, #1378, #2313, #1855, #653, #1950, #418 ) ) ;
#1408 = DIRECTION ( 'NONE',  ( 1.000000000000000000, 0.000000000000000000, 0.000000000000000000 ) ) ;
#1409 = VERTEX_POINT ( 'NONE', #117 ) ;
#1410 = CC_DESIGN_APPROVAL ( #2805, ( #1277 ) ) ;
#1411 = CARTESIAN_POINT ( 'NONE',  ( 108.3196081953728367, 0.000000000000000000, 7.500000000000000000 ) ) ;
#1412 = CARTESIAN_POINT ( 'NONE',  ( -61.98664353394287474, 18.35970584165793440, 12.50000000000000000 ) ) ;
#1413 = PERSON_AND_ORGANIZATION ( #670, #1550 ) ;
#1414 = ORIENTED_EDGE ( 'NONE', *, *, #1339, .T. ) ;
#1415 = ORIENTED_EDGE ( 'NONE', *, *, #2865, .F. ) ;
#1416 = CARTESIAN_POINT ( 'NONE',  ( -61.68039180462715620, 0.000000000000000000, -7.500000000000000000 ) ) ;
#1417 = CARTESIAN_POINT ( 'NONE',  ( -76.46109302661581353, 7.030604099015652864, 12.50000000000000000 ) ) ;
#1418 = EDGE_CURVE ( 'NONE', #558, #2190, #2146, .T. ) ;
#1419 = EDGE_CURVE ( 'NONE', #1169, #1194, #100, .T. ) ;
#1420 = CARTESIAN_POINT ( 'NONE',  ( -45.18041573351722207, 0.02810076154515818783, 7.500000000000000888 ) ) ;
#1421 = AXIS2_PLACEMENT_3D ( 'NONE', #709, #26, #912 ) ;
#1422 = CYLINDRICAL_SURFACE ( 'NONE', #570, 3.000000000000002665 ) ;
#1423 = ORIENTED_EDGE ( 'NONE', *, *, #1233, .F. ) ;
#1424 = CARTESIAN_POINT ( 'NONE',  ( -61.68039180462715620, 0.000000000000000000, 7.500000000000000000 ) ) ;
#1425 = VERTEX_POINT ( 'NONE', #50 ) ;
#1426 = CARTESIAN_POINT ( 'NONE',  ( -72.85351367225811714, -15.81047024906495935, 11.50000000000000000 ) ) ;
#1427 = EDGE_CURVE ( 'NONE', #2373, #2058, #2291, .T. ) ;
#1428 = DIRECTION ( 'NONE',  ( -0.000000000000000000, -0.000000000000000000, 1.000000000000000000 ) ) ;
#1429 = EDGE_CURVE ( 'NONE', #961, #1240, #287, .T. ) ;
#1430 = ORIENTED_EDGE ( 'NONE', *, *, #1751, .F. ) ;
#1431 = EDGE_LOOP ( 'NONE', ( #1882, #2857, #2265, #1220 ) ) ;
#1432 = CARTESIAN_POINT ( 'NONE',  ( -61.68039180462715620, 0.000000000000000000, 11.50000000000000000 ) ) ;
#1433 = LINE ( 'NONE', #620, #1440 ) ;
#1434 = CIRCLE ( 'NONE', #1383, 0.9999999999999987788 ) ;
#1435 = AXIS2_PLACEMENT_3D ( 'NONE', #2241, #1347, #240 ) ;
#1436 = VECTOR ( 'NONE', #2016, 1000.000000000000000 ) ;
#1437 = DIRECTION ( 'NONE',  ( -1.000000000000000000, 0.000000000000000000, 0.000000000000000000 ) ) ;
#1438 = CARTESIAN_POINT ( 'NONE',  ( -62.09131544642880129, 16.36244677214879317, 7.500000000000000888 ) ) ;
#1439 = ORIENTED_EDGE ( 'NONE', *, *, #1826, .T. ) ;
#1440 = VECTOR ( 'NONE', #2607, 1000.000000000000000 ) ;
#1441 = CARTESIAN_POINT ( 'NONE',  ( -51.70341264111866764, -15.36320065859504069, 12.50000000000000000 ) ) ;
#1442 = ORIENTED_EDGE ( 'NONE', *, *, #1043, .T. ) ;
#1443 = CARTESIAN_POINT ( 'NONE',  ( -50.09642558588374328, -15.51197435559133631, 11.50000000000000000 ) ) ;
#1444 = CARTESIAN_POINT ( 'NONE',  ( -45.59006792315076950, 3.000000000000000000, 7.500000000000000888 ) ) ;
#1445 = VERTEX_POINT ( 'NONE', #813 ) ;
#1446 = ORIENTED_EDGE ( 'NONE', *, *, #2368, .T. ) ;
#1447 = CIRCLE ( 'NONE', #602, 3.000000000000002665 ) ;
#1448 = CARTESIAN_POINT ( 'NONE',  ( 128.2304804565601444, -5.000000000000000000, -13.10018083171022596 ) ) ;
#1449 = DIRECTION ( 'NONE',  ( 0.000000000000000000, 0.000000000000000000, 1.000000000000000000 ) ) ;
#1450 = ADVANCED_FACE ( 'NONE', ( #2823 ), #2577, .T. ) ;
#1451 = CARTESIAN_POINT ( 'NONE',  ( -45.18039180462715620, 0.000000000000000000, 11.50000000000000000 ) ) ;
#1452 = EDGE_LOOP ( 'NONE', ( #1301, #87, #929, #84 ) ) ;
#1453 = CARTESIAN_POINT ( 'NONE',  ( -68.97528103863741933, -13.67605904723737176, 12.50000000000000000 ) ) ;
#1454 = EDGE_CURVE ( 'NONE', #2232, #783, #1866, .T. ) ;
#1455 = CIRCLE ( 'NONE', #2556, 3.000000000000002665 ) ;
#1456 = ORIENTED_EDGE ( 'NONE', *, *, #2399, .F. ) ;
#1457 = CIRCLE ( 'NONE', #2418, 1002.500000000000000 ) ;
#1458 = DIRECTION ( 'NONE',  ( -0.000000000000000000, -1.000000000000000000, -0.000000000000000000 ) ) ;
#1459 = CARTESIAN_POINT ( 'NONE',  ( 0.000000000000000000, 0.000000000000000000, 7.500000000000000000 ) ) ;
#1460 = VERTEX_POINT ( 'NONE', #2176 ) ;
#1461 = VERTEX_POINT ( 'NONE', #1684 ) ;
#1462 = AXIS2_PLACEMENT_3D ( 'NONE', #90, #2281, #474 ) ;
#1463 = ORIENTED_EDGE ( 'NONE', *, *, #557, .T. ) ;
#1464 = FACE_OUTER_BOUND ( 'NONE', #482, .T. ) ;
#1465 = FACE_OUTER_BOUND ( 'NONE', #2043, .T. ) ;
#1466 = EDGE_CURVE ( 'NONE', #2292, #1731, #1723, .T. ) ;
#1467 = CARTESIAN_POINT ( 'NONE',  ( 115.8182639946248145, -0.1569690049860222592, 0.02403863133475851385 ) ) ;
#1468 = CARTESIAN_POINT ( 'NONE',  ( -68.82527545177363493, -13.97255665999355223, 12.48730321279972166 ) ) ;
#1469 = VECTOR ( 'NONE', #1342, 1000.000000000000000 ) ;
#1470 = VECTOR ( 'NONE', #1102, 1000.000000000000000 ) ;
#1471 = EDGE_LOOP ( 'NONE', ( #1571, #1225, #138, #874, #822, #1907, #2729 ) ) ;
#1472 = EDGE_CURVE ( 'NONE', #1131, #1445, #677, .T. ) ;
#1473 = DIRECTION ( 'NONE',  ( 1.000000000000000000, 0.000000000000000000, 0.000000000000000000 ) ) ;
#1474 = DIRECTION ( 'NONE',  ( 0.000000000000000000, 0.000000000000000000, 1.000000000000000000 ) ) ;
#1475 = CARTESIAN_POINT ( 'NONE',  ( 109.6914004960107718, -5.000000000000000000, -7.315232491606949772 ) ) ;
#1476 = VERTEX_POINT ( 'NONE', #159 ) ;
#1477 = EDGE_CURVE ( 'NONE', #2053, #978, #1360, .T. ) ;
#1478 = ORIENTED_EDGE ( 'NONE', *, *, #699, .T. ) ;
#1479 = VERTEX_POINT ( 'NONE', #1900 ) ;
#1480 = DIRECTION ( 'NONE',  ( -0.000000000000000000, -0.000000000000000000, -1.000000000000000000 ) ) ;
#1481 = CARTESIAN_POINT ( 'NONE',  ( 115.8142853270674664, 0.2903404633463816387, -0.1054940511098570177 ) ) ;
#1482 = APPLICATION_CONTEXT ( 'configuration controlled 3d designs of mechanical parts and assemblies' ) ;
#1483 = CIRCLE ( 'NONE', #2819, 3.000000000000002665 ) ;
#1484 = CARTESIAN_POINT ( 'NONE',  ( 115.8182806415657353, -0.1562350320633354994, 1.318624902180227210 ) ) ;
#1485 = CARTESIAN_POINT ( 'NONE',  ( -56.55489337949343565, -15.68372614827075218, 11.50000000000000000 ) ) ;
#1486 = CARTESIAN_POINT ( 'NONE',  ( -74.85432088013729413, 8.528147199797908584, 12.48730321279971811 ) ) ;
#1487 = DIRECTION ( 'NONE',  ( -0.000000000000000000, -0.000000000000000000, -1.000000000000000000 ) ) ;
#1488 = CARTESIAN_POINT ( 'NONE',  ( -45.59006792315076950, 3.000000000000000000, 11.50000000000000000 ) ) ;
#1489 = ORIENTED_EDGE ( 'NONE', *, *, #1982, .F. ) ;
#1490 = ORIENTED_EDGE ( 'NONE', *, *, #2425, .T. ) ;
#1491 = ORIENTED_EDGE ( 'NONE', *, *, #1708, .F. ) ;
#1492 = CARTESIAN_POINT ( 'NONE',  ( -61.68039180462715620, 0.000000000000000000, 12.50000000000000000 ) ) ;
#1493 = TOROIDAL_SURFACE ( 'NONE', #1348, 2.000000000000000888, 1.000000000000000000 ) ;
#1494 = DIRECTION ( 'NONE',  ( 1.000000000000000000, 0.000000000000000000, 0.000000000000000000 ) ) ;
#1495 = CARTESIAN_POINT ( 'NONE',  ( -56.53243275526179445, -15.63012410256869167, 11.83148599391333455 ) ) ;
#1496 = ADVANCED_FACE ( 'NONE', ( #1696 ), #2781, .T. ) ;
#1497 = CONICAL_SURFACE ( 'NONE', #1267, 450.0000000000000568, 0.7853981633974037591 ) ;
#1498 = DIRECTION ( 'NONE',  ( 0.000000000000000000, 0.000000000000000000, 1.000000000000000000 ) ) ;
#1499 = DIRECTION ( 'NONE',  ( -0.9986295347545730561, 0.05233595624295869081, 0.000000000000000000 ) ) ;
#1500 = DIRECTION ( 'NONE',  ( 0.8386705679454271589, 0.5446390350150221993, -0.000000000000000000 ) ) ;
#1501 = EDGE_LOOP ( 'NONE', ( #1828, #2363, #205, #1067 ) ) ;
#1502 = VERTEX_POINT ( 'NONE', #1924 ) ;
#1503 = ORIENTED_EDGE ( 'NONE', *, *, #2689, .T. ) ;
#1504 = CARTESIAN_POINT ( 'NONE',  ( -47.37694298443796725, 8.225652062191089797, 11.66876121442357750 ) ) ;
#1505 = DIRECTION ( 'NONE',  ( 0.000000000000000000, 0.000000000000000000, -1.000000000000000000 ) ) ;
#1506 = EDGE_CURVE ( 'NONE', #225, #820, #588, .T. ) ;
#1507 = EDGE_CURVE ( 'NONE', #101, #1310, #1661, .T. ) ;
#1508 = CARTESIAN_POINT ( 'NONE',  ( -53.85503873136794084, -14.37575639365289071, 7.500000000000000888 ) ) ;
#1509 = FACE_OUTER_BOUND ( 'NONE', #379, .T. ) ;
#1510 = FACE_OUTER_BOUND ( 'NONE', #331, .T. ) ;
#1511 = DIRECTION ( 'NONE',  ( 0.000000000000000000, 0.000000000000000000, 1.000000000000000000 ) ) ;
#1512 = ORIENTED_EDGE ( 'NONE', *, *, #1105, .T. ) ;
#1513 = DIRECTION ( 'NONE',  ( 1.000000000000000000, 0.000000000000000000, 0.000000000000000000 ) ) ;
#1514 = ORIENTED_EDGE ( 'NONE', *, *, #1851, .T. ) ;
#1515 = AXIS2_PLACEMENT_3D ( 'NONE', #1978, #2210, #1109 ) ;
#1516 = EDGE_CURVE ( 'NONE', #2296, #2243, #1251, .T. ) ;
#1517 = DIRECTION ( 'NONE',  ( 1.000000000000000000, 0.000000000000000000, 0.000000000000000000 ) ) ;
#1518 = DIRECTION ( 'NONE',  ( 0.000000000000000000, 0.000000000000000000, 1.000000000000000000 ) ) ;
#1519 = CARTESIAN_POINT ( 'NONE',  ( 108.3196081953728367, 0.000000000000000000, 7.500000000000000000 ) ) ;
#1520 = AXIS2_PLACEMENT_3D ( 'NONE', #658, #203, #1088 ) ;
#1521 = CARTESIAN_POINT ( 'NONE',  ( -75.04567006614981040, 9.675708604131786572, 11.50000000000000000 ) ) ;
#1522 = DIRECTION ( 'NONE',  ( 0.000000000000000000, 0.000000000000000000, 1.000000000000000000 ) ) ;
#1523 = B_SPLINE_CURVE_WITH_KNOTS ( 'NONE', 3,
 ( #907, #2242, #1334, #466, #202, #1362, #1116, #2628, #1567, #1996 ),
 .UNSPECIFIED., .F., .F.,
 ( 4, 2, 2, 2, 4 ),
 ( 0.000000000000000000, 0.0004980977809551710538, 0.0009961955619103421075, 0.001494293342865513161, 0.001992391123820684215 ),
 .UNSPECIFIED. ) ;
#1524 = FACE_OUTER_BOUND ( 'NONE', #1870, .T. ) ;
#1525 = AXIS2_PLACEMENT_3D ( 'NONE', #665, #2455, #1776 ) ;
#1526 = ORIENTED_EDGE ( 'NONE', *, *, #509, .F. ) ;
#1527 = EDGE_CURVE ( 'NONE', #392, #593, #1457, .T. ) ;
#1528 = LINE ( 'NONE', #127, #920 ) ;
#1529 = ORIENTED_EDGE ( 'NONE', *, *, #2612, .T. ) ;
#1530 = CARTESIAN_POINT ( 'NONE',  ( -79.26183430610741709, 8.105707947651557888, 11.50000000000000000 ) ) ;
#1531 = AXIS2_PLACEMENT_3D ( 'NONE', #1284, #324, #632 ) ;
#1532 = EDGE_CURVE ( 'NONE', #336, #2209, #2792, .T. ) ;
#1533 = CARTESIAN_POINT ( 'NONE',  ( -68.41720800568671734, -15.06204858155561155, 7.500000000000000888 ) ) ;
#1534 = ADVANCED_FACE ( 'NONE', ( #1060 ), #1943, .T. ) ;
#1535 = AXIS2_PLACEMENT_3D ( 'NONE', #2800, #2593, #2342 ) ;
#1536 = DIRECTION ( 'NONE',  ( -0.000000000000000000, -0.000000000000000000, -1.000000000000000000 ) ) ;
#1537 = EDGE_CURVE ( 'NONE', #1310, #1425, #134, .T. ) ;
#1538 = DIRECTION ( 'NONE',  ( 1.000000000000000000, 1.421085471520198321E-14, 0.000000000000000000 ) ) ;
#1539 = CARTESIAN_POINT ( 'NONE',  ( -75.04567006614981040, 9.675708604131786572, 7.500000000000000888 ) ) ;
#1540 = CONICAL_SURFACE ( 'NONE', #1769, 7.500000000000007105, 0.7853981633974009835 ) ;
#1541 = ORIENTED_EDGE ( 'NONE', *, *, #2037, .F. ) ;
#1542 = EDGE_CURVE ( 'NONE', #2196, #2344, #2255, .T. ) ;
#1543 = CARTESIAN_POINT ( 'NONE',  ( 115.8014852252256333, 0.5210721067769574777, 0.5134342660062229946 ) ) ;
#1544 = ORIENTED_EDGE ( 'NONE', *, *, #2227, .T. ) ;
#1545 = CARTESIAN_POINT ( 'NONE',  ( -78.78220027556167793, 6.564769206055958151, 11.50000000000000000 ) ) ;
#1546 = CARTESIAN_POINT ( 'NONE',  ( -43.34798508928192717, 6.223542864692319654, 11.50000000000000000 ) ) ;
#1547 = AXIS2_PLACEMENT_3D ( 'NONE', #386, #1279, #2160 ) ;
#1548 = ORIENTED_EDGE ( 'NONE', *, *, #416, .F. ) ;
#1549 = CARTESIAN_POINT ( 'NONE',  ( 109.4195683001968860, -4.919598513136024032, 7.464626216780622769 ) ) ;
#1550 = ORGANIZATION ( 'UNSPECIFIED', 'UNSPECIFIED', '' ) ;
#1551 = EDGE_CURVE ( 'NONE', #2167, #1409, #2443, .T. ) ;
#1552 = EDGE_CURVE ( 'NONE', #759, #2359, #1249, .T. ) ;
#1553 = CARTESIAN_POINT ( 'NONE',  ( 135.8196081953728367, 5.000000000000000000, -15.00000000000000000 ) ) ;
#1554 = CARTESIAN_POINT ( 'NONE',  ( -58.94317835307012388, 17.28460767621307781, -7.500000000000000000 ) ) ;
#1555 = CYLINDRICAL_SURFACE ( 'NONE', #1145, 1.000000000000002220 ) ;
#1556 = VERTEX_POINT ( 'NONE', #1087 ) ;
#1557 = CARTESIAN_POINT ( 'NONE',  ( 115.8117327991821242, 0.3464881694601003037, 0.1620996664965947409 ) ) ;
#1558 = ORIENTED_EDGE ( 'NONE', *, *, #63, .T. ) ;
#1559 = LINE ( 'NONE', #2438, #1469 ) ;
#1560 = DIRECTION ( 'NONE',  ( -0.9986295347545730561, 0.05233595624296029369, 0.000000000000000000 ) ) ;
#1561 = CIRCLE ( 'NONE', #397, 3.785496316990467847 ) ;
#1562 = AXIS2_PLACEMENT_3D ( 'NONE', #2308, #52, #2489 ) ;
#1563 = CONICAL_SURFACE ( 'NONE', #1331, 1002.500000000000000, 0.7853981633974149723 ) ;
#1564 = ORIENTED_EDGE ( 'NONE', *, *, #341, .F. ) ;
#1565 = CONICAL_SURFACE ( 'NONE', #2302, 17.50000000000012790, 0.7853981633974678189 ) ;
#1566 = DIRECTION ( 'NONE',  ( -0.000000000000000000, 0.000000000000000000, 1.000000000000000000 ) ) ;
#1567 = CARTESIAN_POINT ( 'NONE',  ( -73.70042309621805998, -9.932844078576271940, 12.50000000000000355 ) ) ;
#1568 = ORIENTED_EDGE ( 'NONE', *, *, #2831, .F. ) ;
#1569 = CARTESIAN_POINT ( 'NONE',  ( -61.68039180462715620, 0.000000000000000000, 7.500000000000000000 ) ) ;
#1570 = VECTOR ( 'NONE', #479, 1000.000000000000000 ) ;
#1571 = ORIENTED_EDGE ( 'NONE', *, *, #211, .F. ) ;
#1572 = ORIENTED_EDGE ( 'NONE', *, *, #1203, .T. ) ;
#1573 = AXIS2_PLACEMENT_3D ( 'NONE', #477, #878, #1110 ) ;
#1574 = CARTESIAN_POINT ( 'NONE',  ( -43.65821627057263754, 3.517638090205065016, 12.50000000000000000 ) ) ;
#1575 = CARTESIAN_POINT ( 'NONE',  ( -38.88833497356155533, -10.42009795115670556, 7.500000000000000888 ) ) ;
#1576 = CARTESIAN_POINT ( 'NONE',  ( 109.4068192711962979, -4.959797318165177771, 7.429220181578027216 ) ) ;
#1577 = CARTESIAN_POINT ( 'NONE',  ( 113.2240535029797570, 4.999999999999999112, -5.511108966753615057 ) ) ;
#1578 = DIRECTION ( 'NONE',  ( -0.000000000000000000, -0.000000000000000000, -1.000000000000000000 ) ) ;
#1579 = CIRCLE ( 'NONE', #327, 16.50000000000000000 ) ;
#1580 = DIRECTION ( 'NONE',  ( -0.5446390350150254189, 0.8386705679454250495, 0.000000000000000000 ) ) ;
#1581 = ORIENTED_EDGE ( 'NONE', *, *, #1639, .F. ) ;
#1582 = FACE_OUTER_BOUND ( 'NONE', #1068, .T. ) ;
#1583 = EDGE_CURVE ( 'NONE', #1997, #2190, #1138, .T. ) ;
#1584 = ORIENTED_EDGE ( 'NONE', *, *, #2750, .T. ) ;
#1585 = LINE ( 'NONE', #651, #2434 ) ;
#1586 = FACE_OUTER_BOUND ( 'NONE', #767, .T. ) ;
#1587 = UNCERTAINTY_MEASURE_WITH_UNIT (LENGTH_MEASURE( 1.000000000000000082E-05 ), #913, 'distance_accuracy_value', 'NONE');
#1588 = CARTESIAN_POINT ( 'NONE',  ( -45.78961425957848519, 0.6032951792222295273, 12.42226674930540220 ) ) ;
#1589 = LINE ( 'NONE', #2495, #306 ) ;
#1590 = AXIS2_PLACEMENT_3D ( 'NONE', #189, #1487, #1699 ) ;
#1591 = CIRCLE ( 'NONE', #338, 12.42900736601908562 ) ;
#1592 = AXIS2_PLACEMENT_3D ( 'NONE', #2046, #1635, #1147 ) ;
#1593 = EDGE_CURVE ( 'NONE', #514, #1189, #2671, .T. ) ;
#1594 = CARTESIAN_POINT ( 'NONE',  ( -57.34363930082386673, 15.29945599621935415, 12.42226674930538799 ) ) ;
#1595 = CYLINDRICAL_SURFACE ( 'NONE', #1837, 3.000000000000002665 ) ;
#1596 = ORIENTED_EDGE ( 'NONE', *, *, #1111, .F. ) ;
#1597 = CARTESIAN_POINT ( 'NONE',  ( -51.73034269092880066, -12.99596265175504506, 7.500000000000000888 ) ) ;
#1598 = ORIENTED_EDGE ( 'NONE', *, *, #2310, .T. ) ;
#1599 = ORIENTED_EDGE ( 'NONE', *, *, #1708, .T. ) ;
#1600 = LINE ( 'NONE', #303, #356 ) ;
#1601 = DIRECTION ( 'NONE',  ( -1.000000000000000000, 0.000000000000000000, 0.000000000000000000 ) ) ;
#1602 = DIRECTION ( 'NONE',  ( 1.000000000000000000, 0.000000000000000000, 0.000000000000000000 ) ) ;
#1603 = CARTESIAN_POINT ( 'NONE',  ( 111.0218154937649899, 5.000000000000000888, -6.828158919836972096 ) ) ;
#1604 = AXIS2_PLACEMENT_3D ( 'NONE', #1977, #246, #2013 ) ;
#1605 = CIRCLE ( 'NONE', #2392, 7.500000000000007105 ) ;
#1606 = DIRECTION ( 'NONE',  ( 0.000000000000000000, 0.000000000000000000, 1.000000000000000000 ) ) ;
#1607 = CIRCLE ( 'NONE', #1246, 0.9999999999999995559 ) ;
#1608 = DIRECTION ( 'NONE',  ( -0.1106001253229191711, -0.6984036170285589096, 0.7071067811865339170 ) ) ;
#1609 = ORIENTED_EDGE ( 'NONE', *, *, #43, .T. ) ;
#1610 = DIRECTION ( 'NONE',  ( 0.000000000000000000, 0.000000000000000000, 1.000000000000000000 ) ) ;
#1611 = VERTEX_POINT ( 'NONE', #2187 ) ;
#1612 = FACE_OUTER_BOUND ( 'NONE', #2647, .T. ) ;
#1613 = ADVANCED_FACE ( 'NONE', ( #686 ), #2457, .T. ) ;
#1614 = DIRECTION ( 'NONE',  ( 0.000000000000000000, -0.000000000000000000, -1.000000000000000000 ) ) ;
#1615 = AXIS2_PLACEMENT_3D ( 'NONE', #230, #919, #2658 ) ;
#1616 = ORIENTED_EDGE ( 'NONE', *, *, #667, .F. ) ;
#1617 = ORIENTED_EDGE ( 'NONE', *, *, #2487, .T. ) ;
#1618 = DIRECTION ( 'NONE',  ( 1.000000000000000000, 0.000000000000000000, 0.000000000000000000 ) ) ;
#1619 = DIRECTION ( 'NONE',  ( 1.000000000000000000, 0.000000000000000000, 0.000000000000000000 ) ) ;
#1620 = EDGE_CURVE ( 'NONE', #2196, #2630, #1789, .T. ) ;
#1621 = FACE_OUTER_BOUND ( 'NONE', #1934, .T. ) ;
#1622 = DIRECTION ( 'NONE',  ( 0.000000000000000000, 0.000000000000000000, 1.000000000000000000 ) ) ;
#1623 = ORIENTED_EDGE ( 'NONE', *, *, #776, .T. ) ;
#1624 = CARTESIAN_POINT ( 'NONE',  ( -46.21959142492043071, 1.101658576356757901, 12.50000000000000000 ) ) ;
#1625 = ADVANCED_FACE ( 'NONE', ( #422 ), #464, .T. ) ;
#1626 = ORIENTED_EDGE ( 'NONE', *, *, #1537, .F. ) ;
#1627 = VECTOR ( 'NONE', #2143, 1000.000000000000000 ) ;
#1628 = DIRECTION ( 'NONE',  ( 1.000000000000000000, 0.000000000000000000, 0.000000000000000000 ) ) ;
#1629 = EDGE_CURVE ( 'NONE', #2411, #2296, #2201, .T. ) ;
#1630 = FACE_OUTER_BOUND ( 'NONE', #2801, .T. ) ;
#1631 = DIRECTION ( 'NONE',  ( -0.000000000000000000, -0.000000000000000000, -1.000000000000000000 ) ) ;
#1632 = VERTEX_POINT ( 'NONE', #1100 ) ;
#1633 = ORIENTED_EDGE ( 'NONE', *, *, #2042, .T. ) ;
#1634 = CARTESIAN_POINT ( 'NONE',  ( 128.2304804565601444, 5.000000000000000000, 0.6711734656911403363 ) ) ;
#1635 = DIRECTION ( 'NONE',  ( -0.000000000000000000, 0.000000000000000000, 1.000000000000000000 ) ) ;
#1636 = DIRECTION ( 'NONE',  ( -1.000000000000000000, 0.000000000000000000, 0.000000000000000000 ) ) ;
#1637 = AXIS2_PLACEMENT_3D ( 'NONE', #704, #1118, #256 ) ;
#1638 = EDGE_CURVE ( 'NONE', #390, #758, #2019, .T. ) ;
#1639 = EDGE_CURVE ( 'NONE', #2530, #2697, #2485, .T. ) ;
#1640 = FACE_OUTER_BOUND ( 'NONE', #1716, .T. ) ;
#1641 = ORIENTED_EDGE ( 'NONE', *, *, #2237, .F. ) ;
#1642 = CARTESIAN_POINT ( 'NONE',  ( -55.85500217288211644, -14.36366372616531883, 12.50000000000000000 ) ) ;
#1643 = ORIENTED_EDGE ( 'NONE', *, *, #2198, .T. ) ;
#1644 = CYLINDRICAL_SURFACE ( 'NONE', #1330, 16.50000000000000000 ) ;
#1645 = DIRECTION ( 'NONE',  ( 0.000000000000000000, 0.000000000000000000, 1.000000000000000000 ) ) ;
#1646 = PERSON_AND_ORGANIZATION ( #670, #1550 ) ;
#1647 = ORIENTED_EDGE ( 'NONE', *, *, #549, .T. ) ;
#1648 = VERTEX_POINT ( 'NONE', #893 ) ;
#1649 = DIRECTION ( 'NONE',  ( 1.000000000000000000, 0.000000000000000000, 0.000000000000000000 ) ) ;
#1650 = DIRECTION ( 'NONE',  ( 0.000000000000000000, 0.000000000000000000, -1.000000000000000000 ) ) ;
#1651 = LINE ( 'NONE', #61, #1844 ) ;
#1652 = VECTOR ( 'NONE', #2412, 1000.000000000000000 ) ;
#1653 = FACE_OUTER_BOUND ( 'NONE', #1008, .T. ) ;
#1654 = VERTEX_POINT ( 'NONE', #1766 ) ;
#1655 = CARTESIAN_POINT ( 'NONE',  ( -47.74011662478255147, 6.776335876431336835, 12.50000000000000000 ) ) ;
#1656 = ORIENTED_EDGE ( 'NONE', *, *, #1201, .T. ) ;
#1658 = EDGE_CURVE ( 'NONE', #1227, #803, #228, .T. ) ;
#1657 = DIRECTION ( 'NONE',  ( -0.000000000000000000, -0.000000000000000000, -1.000000000000000000 ) ) ;
#1659 = DIRECTION ( 'NONE',  ( 0.000000000000000000, 0.000000000000000000, -1.000000000000000000 ) ) ;
#1660 = ORIENTED_EDGE ( 'NONE', *, *, #196, .T. ) ;
#1661 = B_SPLINE_CURVE_WITH_KNOTS ( 'NONE', 3,
 ( #1485, #2338, #1495, #603, #345, #2353, #359, #2811, #1711, #2381 ),
 .UNSPECIFIED., .F., .F.,
 ( 4, 2, 2, 2, 4 ),
 ( 0.000000000000000000, 0.0004980977809551917620, 0.0009961955619103861261, 0.001494293342865580382, 0.001992391123820774854 ),
 .UNSPECIFIED. ) ;
#1662 = ORIENTED_EDGE ( 'NONE', *, *, #395, .T. ) ;
#1663 = CARTESIAN_POINT ( 'NONE',  ( 109.3915343322536842, 5.000000000000000000, -7.386388199821286804 ) ) ;
#1664 = FACE_OUTER_BOUND ( 'NONE', #1857, .T. ) ;
#1665 = AXIS2_PLACEMENT_3D ( 'NONE', #2522, #323, #2284 ) ;
#1666 = CARTESIAN_POINT ( 'NONE',  ( -48.73034269092879356, -12.99596265175504506, 11.50000000000000000 ) ) ;
#1667 = PLANE ( 'NONE',  #113 ) ;
#1668 = ORIENTED_EDGE ( 'NONE', *, *, #798, .F. ) ;
#1669 = AXIS2_PLACEMENT_3D ( 'NONE', #871, #673, #1771 ) ;
#1670 = DIRECTION ( 'NONE',  ( -0.7771459614569662389, 0.6293203910498432752, -0.000000000000000000 ) ) ;
#1671 = ORIENTED_EDGE ( 'NONE', *, *, #549, .F. ) ;
#1672 = CARTESIAN_POINT ( 'NONE',  ( -61.68039180462715620, 0.000000000000000000, 11.50000000000000000 ) ) ;
#1673 = CARTESIAN_POINT ( 'NONE',  ( 112.6053953366520801, -5.000000000000000888, -5.938789422005386953 ) ) ;
#1674 = VERTEX_POINT ( 'NONE', #906 ) ;
#1675 = ADVANCED_FACE ( 'NONE', ( #2214 ), #2174, .T. ) ;
#1676 = ORIENTED_EDGE ( 'NONE', *, *, #1836, .T. ) ;
#1677 = ORIENTED_EDGE ( 'NONE', *, *, #736, .T. ) ;
#1678 = CARTESIAN_POINT ( 'NONE',  ( -75.62965166127342798, -10.56731514869133370, 7.500000000000000888 ) ) ;
#1679 = DIRECTION ( 'NONE',  ( 0.000000000000000000, 0.000000000000000000, -1.000000000000000000 ) ) ;
#1680 = VECTOR ( 'NONE', #947, 1000.000000000000000 ) ;
#1681 = ADVANCED_FACE ( 'NONE', ( #2444 ), #449, .F. ) ;
#1682 = CARTESIAN_POINT ( 'NONE',  ( 115.8117018036033414, -0.3471241231546235984, 0.1628872394131791190 ) ) ;
#1683 = ADVANCED_FACE ( 'NONE', ( #2672 ), #627, .T. ) ;
#1684 = CARTESIAN_POINT ( 'NONE',  ( 109.4324186372044210, -4.879403565739742987, -7.500000000000005329 ) ) ;
#1685 = ORIENTED_EDGE ( 'NONE', *, *, #500, .T. ) ;
#1686 = CARTESIAN_POINT ( 'NONE',  ( 108.3196081953728367, 0.000000000000000000, 7.500000000000000000 ) ) ;
#1687 = DIRECTION ( 'NONE',  ( -0.9986295347545731671, 0.05233595624295869081, 0.000000000000000000 ) ) ;
#1688 = AXIS2_PLACEMENT_3D ( 'NONE', #1417, #489, #1359 ) ;
#1689 = DIRECTION ( 'NONE',  ( -0.000000000000000000, -0.000000000000000000, -1.000000000000000000 ) ) ;
#1690 = EDGE_LOOP ( 'NONE', ( #2386, #2138, #2248, #1884 ) ) ;
#1691 = ORIENTED_EDGE ( 'NONE', *, *, #866, .F. ) ;
#1692 = ORIENTED_EDGE ( 'NONE', *, *, #2702, .F. ) ;
#1693 = DIRECTION ( 'NONE',  ( 1.000000000000000000, 0.000000000000000000, 0.000000000000000000 ) ) ;
#1694 = FACE_OUTER_BOUND ( 'NONE', #1350, .T. ) ;
#1695 = CARTESIAN_POINT ( 'NONE',  ( 115.8048068015312140, -0.4791691210617795016, 0.9865462679454859440 ) ) ;
#1696 = FACE_OUTER_BOUND ( 'NONE', #1452, .T. ) ;
#1697 = CIRCLE ( 'NONE', #934, 15.50000000000000000 ) ;
#1698 = CIRCLE ( 'NONE', #2207, 0.9999999999999952260 ) ;
#1699 = DIRECTION ( 'NONE',  ( 1.000000000000000000, 0.000000000000000000, 0.000000000000000000 ) ) ;
#1700 = AXIS2_PLACEMENT_3D ( 'NONE', #2684, #2030, #1619 ) ;
#1701 = CARTESIAN_POINT ( 'NONE',  ( 111.2067422449560894, -5.000000000000000888, -6.735836284982140043 ) ) ;
#1702 = ORIENTED_EDGE ( 'NONE', *, *, #2864, .F. ) ;
#1703 = SECURITY_CLASSIFICATION_LEVEL ( 'unclassified' ) ;
#1704 = ORIENTED_EDGE ( 'NONE', *, *, #173, .T. ) ;
#1705 = ORIENTED_EDGE ( 'NONE', *, *, #1620, .F. ) ;
#1706 = CARTESIAN_POINT ( 'NONE',  ( -42.59006792315076950, 3.000000000000000000, 11.50000000000000000 ) ) ;
#1707 = DIRECTION ( 'NONE',  ( -0.000000000000000000, -0.000000000000000000, -1.000000000000000000 ) ) ;
#1708 = EDGE_CURVE ( 'NONE', #350, #1391, #682, .T. ) ;
#1709 = AXIS2_PLACEMENT_3D ( 'NONE', #79, #2470, #967 ) ;
#1710 = VECTOR ( 'NONE', #294, 1000.000000000000000 ) ;
#1711 = CARTESIAN_POINT ( 'NONE',  ( -55.94808966037376052, -14.50114670869596800, 12.49999999999999645 ) ) ;
#1712 = CARTESIAN_POINT ( 'NONE',  ( 109.3941714936403997, -5.000000000000000000, -7.393781936621866890 ) ) ;
#1713 = CARTESIAN_POINT ( 'NONE',  ( 0.8421072155562251416, 16.06836288574596239, 11.50000000000000000 ) ) ;
#1714 = CARTESIAN_POINT ( 'NONE',  ( 113.9097781391223236, -5.000000000000000000, -4.999999999999886313 ) ) ;
#1715 = EDGE_LOOP ( 'NONE', ( #1773, #1009, #440, #2830 ) ) ;
#1716 = EDGE_LOOP ( 'NONE', ( #662, #2854, #995, #1918 ) ) ;
#1717 = EDGE_CURVE ( 'NONE', #2373, #2232, #633, .T. ) ;
#1718 = ORIENTED_EDGE ( 'NONE', *, *, #1552, .F. ) ;
#1719 = FACE_OUTER_BOUND ( 'NONE', #2551, .T. ) ;
#1720 = EDGE_CURVE ( 'NONE', #2474, #1399, #1940, .T. ) ;
#1721 = CIRCLE ( 'NONE', #1318, 1.000000000000000888 ) ;
#1722 = CARTESIAN_POINT ( 'NONE',  ( -53.85503873136794084, -14.37575639365289071, 11.50000000000000000 ) ) ;
#1723 = LINE ( 'NONE', #2560, #989 ) ;
#1724 = EDGE_CURVE ( 'NONE', #1479, #380, #1248, .T. ) ;
#1725 = CARTESIAN_POINT ( 'NONE',  ( -74.84148183292120393, 8.362311463182912519, 12.50000000000000000 ) ) ;
#1726 = CARTESIAN_POINT ( 'NONE',  ( 0.8421072155562251416, 16.06836288574596239, 7.500000000000000888 ) ) ;
#1727 = CARTESIAN_POINT ( 'NONE',  ( 0.8421072155562251416, 16.06836288574596239, 7.500000000000000888 ) ) ;
#1728 = ORIENTED_EDGE ( 'NONE', *, *, #2487, .F. ) ;
#1729 = LINE ( 'NONE', #775, #2267 ) ;
#1730 = CIRCLE ( 'NONE', #2192, 1.000000000000001776 ) ;
#1731 = VERTEX_POINT ( 'NONE', #1835 ) ;
#1732 = AXIS2_PLACEMENT_3D ( 'NONE', #615, #854, #1737 ) ;
#1733 = ORIENTED_EDGE ( 'NONE', *, *, #993, .F. ) ;
#1734 = CARTESIAN_POINT ( 'NONE',  ( -81.68039180462716331, 0.000000000000000000, 5.000000000000219380 ) ) ;
#1735 = DIRECTION ( 'NONE',  ( 0.1870872004560040769, -0.6819078965853729857, 0.7071067811865808794 ) ) ;
#1736 = ADVANCED_FACE ( 'NONE', ( #1621 ), #965, .T. ) ;
#1737 = DIRECTION ( 'NONE',  ( 0.8386705679454272699, 0.5446390350150221993, 0.000000000000000000 ) ) ;
#1738 = CARTESIAN_POINT ( 'NONE',  ( 109.6036003692238552, 5.000000000000000888, 7.341934467966823696 ) ) ;
#1739 = CARTESIAN_POINT ( 'NONE',  ( -8.757597686980208351, 426.7308025708727541, -7.500000000000000000 ) ) ;
#1740 = DIRECTION ( 'NONE',  ( 1.000000000000000000, 0.000000000000000000, 0.000000000000000000 ) ) ;
#1741 = ORIENTED_EDGE ( 'NONE', *, *, #173, .F. ) ;
#1742 = DIRECTION ( 'NONE',  ( 1.000000000000000000, 0.000000000000000000, 0.000000000000000000 ) ) ;
#1743 = ORIENTED_EDGE ( 'NONE', *, *, #2127, .T. ) ;
#1744 = CIRCLE ( 'NONE', #864, 12.42900736601908562 ) ;
#1745 = EDGE_CURVE ( 'NONE', #1287, #593, #1483, .T. ) ;
#1746 = EDGE_CURVE ( 'NONE', #2563, #107, #915, .T. ) ;
#1747 = CARTESIAN_POINT ( 'NONE',  ( -59.56137782913938139, 16.22985835990198211, 7.500000000000000888 ) ) ;
#1748 = TOROIDAL_SURFACE ( 'NONE', #626, 1.999999999999999556, 1.000000000000000000 ) ;
#1749 = DIRECTION ( 'NONE',  ( 0.000000000000000000, 0.000000000000000000, 1.000000000000000000 ) ) ;
#1750 = ADVANCED_FACE ( 'NONE', ( #2482 ), #326, .T. ) ;
#1751 = EDGE_CURVE ( 'NONE', #346, #2355, #2270, .T. ) ;
#1752 = VECTOR ( 'NONE', #1578, 1000.000000000000000 ) ;
#1753 = CARTESIAN_POINT ( 'NONE',  ( -63.83422644895001241, -17.36695126741936690, -7.500000000000000000 ) ) ;
#1754 = CARTESIAN_POINT ( 'NONE',  ( 115.8117130244918371, -0.3468861554638745237, -1.179730184966937268 ) ) ;
#1755 = LINE ( 'NONE', #1539, #2709 ) ;
#1756 = CIRCLE ( 'NONE', #1797, 2.000000000000001776 ) ;
#1757 = ORIENTED_EDGE ( 'NONE', *, *, #1629, .T. ) ;
#1758 = CARTESIAN_POINT ( 'NONE',  ( -76.94134162413159572, 2.711717279985081497, 12.50000000000000000 ) ) ;
#1759 = ORIENTED_EDGE ( 'NONE', *, *, #341, .T. ) ;
#1760 = DIRECTION ( 'NONE',  ( 0.000000000000000000, -1.000000000000000000, 0.000000000000000000 ) ) ;
#1761 = CARTESIAN_POINT ( 'NONE',  ( -61.98664353394287474, 18.35970584165793440, 11.50000000000000000 ) ) ;
#1762 = EDGE_CURVE ( 'NONE', #2297, #336, #1651, .T. ) ;
#1763 = CARTESIAN_POINT ( 'NONE',  ( -45.22445415725852769, 0.06602650874102503065, 11.83148804205153581 ) ) ;
#1764 = AXIS2_PLACEMENT_3D ( 'NONE', #1488, #349, #1946 ) ;
#1765 = ADVANCED_FACE ( 'NONE', ( #951 ), #2496, .T. ) ;
#1766 = CARTESIAN_POINT ( 'NONE',  ( -47.37694298443796725, 8.225652062191089797, 11.50000000000000000 ) ) ;
#1767 = DIRECTION ( 'NONE',  ( -0.000000000000000000, -0.000000000000000000, -1.000000000000000000 ) ) ;
#1768 = CARTESIAN_POINT ( 'NONE',  ( 113.9097781391223236, 5.000000000000000000, 7.500000000000000000 ) ) ;
#1769 = AXIS2_PLACEMENT_3D ( 'NONE', #1400, #2347, #1163 ) ;
#1770 = ORIENTED_EDGE ( 'NONE', *, *, #2750, .F. ) ;
#1771 = DIRECTION ( 'NONE',  ( 1.000000000000000000, 0.000000000000000000, 0.000000000000000000 ) ) ;
#1772 = EDGE_LOOP ( 'NONE', ( #1770, #634, #946 ) ) ;
#1773 = ORIENTED_EDGE ( 'NONE', *, *, #2272, .T. ) ;
#1774 = DIRECTION ( 'NONE',  ( 1.000000000000000000, 0.000000000000000000, 0.000000000000000000 ) ) ;
#1775 = CIRCLE ( 'NONE', #1911, 7.500000000000007105 ) ;
#1776 = DIRECTION ( 'NONE',  ( 1.000000000000000000, 5.204170427930416550E-15, 0.000000000000000000 ) ) ;
#1777 = VECTOR ( 'NONE', #2454, 1000.000000000000000 ) ;
#1778 = DIRECTION ( 'NONE',  ( 0.000000000000000000, 1.000000000000000000, -0.000000000000000000 ) ) ;
#1779 = CARTESIAN_POINT ( 'NONE',  ( 115.8196081953728509, -5.637851296924623057E-14, 1.678344963007560864E-13 ) ) ;
#1780 = ORIENTED_EDGE ( 'NONE', *, *, #510, .T. ) ;
#1781 = FACE_OUTER_BOUND ( 'NONE', #1901, .T. ) ;
#1782 = ORIENTED_EDGE ( 'NONE', *, *, #1327, .F. ) ;
#1783 = CARTESIAN_POINT ( 'NONE',  ( 110.0858357230723925, -5.000000000000000888, 7.210872323729143218 ) ) ;
#1784 = CARTESIAN_POINT ( 'NONE',  ( -50.09642558588374328, -15.51197435559133631, 7.500000000000000888 ) ) ;
#1785 = B_SPLINE_CURVE_WITH_KNOTS ( 'NONE', 3,
 ( #916, #2683, #696, #1588, #2480, #2266, #2863, #1763, #2638, #337 ),
 .UNSPECIFIED., .F., .F.,
 ( 4, 2, 2, 2, 4 ),
 ( -6.578102695091725089E-06, 0.0004905520520395360937, 0.0009876822067741639066, 0.001484812361508791720, 0.001981942516243419532 ),
 .UNSPECIFIED. ) ;
#1786 = CARTESIAN_POINT ( 'NONE',  ( -46.24576256814913933, 5.447085729384788522, 7.500000000000000888 ) ) ;
#1787 = CARTESIAN_POINT ( 'NONE',  ( 112.5218146499168057, 5.000000000000000000, -5.997387550723142446 ) ) ;
#1788 = EDGE_CURVE ( 'NONE', #593, #1827, #83, .T. ) ;
#1789 = LINE ( 'NONE', #199, #1752 ) ;
#1790 = DIRECTION ( 'NONE',  ( 1.000000000000000000, 0.000000000000000000, 0.000000000000000000 ) ) ;
#1791 = CIRCLE ( 'NONE', #2620, 1.000000000000000444 ) ;
#1792 = VERTEX_POINT ( 'NONE', #1853 ) ;
#1793 = CARTESIAN_POINT ( 'NONE',  ( 115.8142955645069918, 0.2900952155431759660, 0.1052710530929390348 ) ) ;
#1794 = AXIS2_PLACEMENT_3D ( 'NONE', #1519, #2303, #1636 ) ;
#1795 = VERTEX_POINT ( 'NONE', #1420 ) ;
#1796 = CARTESIAN_POINT ( 'NONE',  ( -8.757597686980208351, 426.7308025708727541, -4.999999999999886313 ) ) ;
#1797 = AXIS2_PLACEMENT_3D ( 'NONE', #2442, #262, #713 ) ;
#1798 = CARTESIAN_POINT ( 'NONE',  ( -49.43732304649269338, -11.06152192890253616, 7.500000000000000888 ) ) ;
#1799 = EDGE_CURVE ( 'NONE', #1987, #1821, #2536, .T. ) ;
#1800 = EDGE_CURVE ( 'NONE', #721, #759, #1343, .T. ) ;
#1801 = CARTESIAN_POINT ( 'NONE',  ( -53.85503873136794084, -14.37575639365289071, 11.50000000000000000 ) ) ;
#1802 = CONICAL_SURFACE ( 'NONE', #186, 17.50000000000012790, 0.7853981633974678189 ) ;
#1803 = DIRECTION ( 'NONE',  ( 0.000000000000000000, 0.000000000000000000, -1.000000000000000000 ) ) ;
#1804 = CARTESIAN_POINT ( 'NONE',  ( -61.68039180462715620, 0.000000000000000000, 7.500000000000000000 ) ) ;
#1805 = DIRECTION ( 'NONE',  ( 1.000000000000000000, 0.000000000000000000, 0.000000000000000000 ) ) ;
#1806 = ORIENTED_EDGE ( 'NONE', *, *, #2479, .F. ) ;
#1807 = ADVANCED_FACE ( 'NONE', ( #1215 ), #2095, .F. ) ;
#1808 = CARTESIAN_POINT ( 'NONE',  ( -65.08344303553997179, 16.14525448296751620, 11.50000000000000000 ) ) ;
#1809 = EDGE_LOOP ( 'NONE', ( #1757, #2505, #1245, #2004 ) ) ;
#1810 = VERTEX_POINT ( 'NONE', #2763 ) ;
#1811 = CARTESIAN_POINT ( 'NONE',  ( -48.73034269092879356, -12.99596265175504506, 7.500000000000000888 ) ) ;
#1812 = CARTESIAN_POINT ( 'NONE',  ( 0.000000000000000000, 0.000000000000000000, 0.000000000000000000 ) ) ;
#1813 = CARTESIAN_POINT ( 'NONE',  ( 108.2417454746021406, 7.499595815556619804, 5.000000000000219380 ) ) ;
#1814 = DIRECTION ( 'NONE',  ( -0.9335804264971985234, 0.3583679495453087616, 0.000000000000000000 ) ) ;
#1815 = CIRCLE ( 'NONE', #567, 15.50000000000000000 ) ;
#1816 = AXIS2_PLACEMENT_3D ( 'NONE', #735, #1622, #99 ) ;
#1817 = CARTESIAN_POINT ( 'NONE',  ( -57.79466476462779667, 15.10092700737547133, 12.49999999999999822 ) ) ;
#1818 = CIRCLE ( 'NONE', #425, 3.000000000000002665 ) ;
#1819 = EDGE_CURVE ( 'NONE', #923, #2373, #2445, .T. ) ;
#1820 = FACE_OUTER_BOUND ( 'NONE', #329, .T. ) ;
#1821 = VERTEX_POINT ( 'NONE', #1666 ) ;
#1822 = CARTESIAN_POINT ( 'NONE',  ( -64.87996332042733627, 15.99522014306053030, 12.10367703706564413 ) ) ;
#1823 = ORIENTED_EDGE ( 'NONE', *, *, #1429, .F. ) ;
#1824 = CARTESIAN_POINT ( 'NONE',  ( -61.68039180462715620, 0.000000000000000000, 12.50000000000000000 ) ) ;
#1825 = DIRECTION ( 'NONE',  ( 0.000000000000000000, -0.000000000000000000, -1.000000000000000000 ) ) ;
#1826 = EDGE_CURVE ( 'NONE', #1211, #1259, #2239, .T. ) ;
#1827 = VERTEX_POINT ( 'NONE', #2668 ) ;
#1828 = ORIENTED_EDGE ( 'NONE', *, *, #776, .F. ) ;
#1829 = CARTESIAN_POINT ( 'NONE',  ( 109.4324186372044352, 5.000000000000000000, 7.500000000000000000 ) ) ;
#1830 = DIRECTION ( 'NONE',  ( 0.000000000000000000, -0.000000000000000000, -1.000000000000000000 ) ) ;
#1831 = AXIS2_PLACEMENT_3D ( 'NONE', #2325, #2039, #990 ) ;
#1832 = VECTOR ( 'NONE', #363, 999.9999999999998863 ) ;
#1833 = AXIS2_PLACEMENT_3D ( 'NONE', #1386, #1830, #2017 ) ;
#1834 = ADVANCED_FACE ( 'NONE', ( #18 ), #239, .F. ) ;
#1835 = CARTESIAN_POINT ( 'NONE',  ( -79.23614667151362312, 5.382198414004395026, 12.50000000000000000 ) ) ;
#1836 = EDGE_CURVE ( 'NONE', #2233, #2099, #592, .T. ) ;
#1837 = AXIS2_PLACEMENT_3D ( 'NONE', #2202, #1139, #438 ) ;
#1838 = DIRECTION ( 'NONE',  ( -0.000000000000000000, -1.000000000000000000, -0.000000000000000000 ) ) ;
#1839 = EDGE_LOOP ( 'NONE', ( #1024, #911, #1463, #1584, #2361, #2375 ) ) ;
#1840 = DIRECTION ( 'NONE',  ( 1.000000000000000000, 0.000000000000000000, 0.000000000000000000 ) ) ;
#1841 = ORIENTED_EDGE ( 'NONE', *, *, #1819, .F. ) ;
#1842 = DIRECTION ( 'NONE',  ( 1.000000000000000000, 0.000000000000000000, 0.000000000000000000 ) ) ;
#1843 = CARTESIAN_POINT ( 'NONE',  ( -78.08704195097766387, 1.752663965298819404, 11.50000000000000000 ) ) ;
#1844 = VECTOR ( 'NONE', #2253, 999.9999999999998863 ) ;
#1845 = CALENDAR_DATE ( 2026, 12, 9 ) ;
#1846 = AXIS2_PLACEMENT_3D ( 'NONE', #309, #980, #1011 ) ;
#1847 = ORIENTED_EDGE ( 'NONE', *, *, #2171, .F. ) ;
#1848 = ORIENTED_EDGE ( 'NONE', *, *, #699, .F. ) ;
#1849 = CARTESIAN_POINT ( 'NONE',  ( -58.55214785999048388, 19.75383734424388038, 7.500000000000000000 ) ) ;
#1850 = FACE_OUTER_BOUND ( 'NONE', #1044, .T. ) ;
#1851 = EDGE_CURVE ( 'NONE', #2107, #954, #685, .T. ) ;
#1852 = EDGE_CURVE ( 'NONE', #2514, #1875, #2673, .T. ) ;
#1853 = CARTESIAN_POINT ( 'NONE',  ( -52.22112162632284793, -16.89176809748915531, 11.50000000000000000 ) ) ;
#1854 = LINE ( 'NONE', #2751, #223 ) ;
#1855 = ORIENTED_EDGE ( 'NONE', *, *, #80, .F. ) ;
#1856 = DIRECTION ( 'NONE',  ( -0.000000000000000000, -0.000000000000000000, 1.000000000000000000 ) ) ;
#1857 = EDGE_LOOP ( 'NONE', ( #2027, #2548, #2230, #2757, #1685, #2754, #647, #2765, #788, #353, #870, #2521 ) ) ;
#1858 = AXIS2_PLACEMENT_3D ( 'NONE', #827, #1707, #625 ) ;
#1859 = DIRECTION ( 'NONE',  ( 1.000000000000000000, 0.000000000000000000, 0.000000000000000000 ) ) ;
#1860 = CARTESIAN_POINT ( 'NONE',  ( -77.88147212436065558, 1.899821513519500016, 12.10367703706565479 ) ) ;
#1861 = ORIENTED_EDGE ( 'NONE', *, *, #689, .T. ) ;
#1862 = ORIENTED_EDGE ( 'NONE', *, *, #1852, .T. ) ;
#1863 = CARTESIAN_POINT ( 'NONE',  ( -61.68039180462715620, 0.000000000000000000, 7.500000000000000000 ) ) ;
#1864 = DIRECTION ( 'NONE',  ( 0.007340967714481670334, -0.7070686743118071993, 0.7071067811865181518 ) ) ;
#1865 = CARTESIAN_POINT ( 'NONE',  ( -56.60834420425452862, 15.70109337401552629, 11.50000000000000000 ) ) ;
#1866 = CIRCLE ( 'NONE', #702, 12.42900736601908562 ) ;
#1867 = B_SPLINE_CURVE_WITH_KNOTS ( 'NONE', 3,
 ( #1712, #174, #606, #2188 ),
 .UNSPECIFIED., .F., .F.,
 ( 4, 4 ),
 ( 0.004557810533087604254, 0.004865243561557942506 ),
 .UNSPECIFIED. ) ;
#1868 = CARTESIAN_POINT ( 'NONE',  ( 128.2304804565601444, 5.000000000000000000, 0.6711734656911403363 ) ) ;
#1869 = ORIENTED_EDGE ( 'NONE', *, *, #1551, .T. ) ;
#1870 = EDGE_LOOP ( 'NONE', ( #2780, #1647, #560, #859, #1806, #220 ) ) ;
#1871 = DIRECTION ( 'NONE',  ( -0.000000000000000000, -0.000000000000000000, -1.000000000000000000 ) ) ;
#1872 = DIRECTION ( 'NONE',  ( 0.000000000000000000, 0.000000000000000000, -1.000000000000000000 ) ) ;
#1873 = CALENDAR_DATE ( 2026, 12, 9 ) ;
#1874 = ORIENTED_EDGE ( 'NONE', *, *, #1620, .T. ) ;
#1875 = VERTEX_POINT ( 'NONE', #1369 ) ;
#1876 = DIRECTION ( 'NONE',  ( 0.000000000000000000, 0.000000000000000000, 1.000000000000000000 ) ) ;
#1877 = DIRECTION ( 'NONE',  ( -1.000000000000000000, 0.000000000000000000, 0.000000000000000000 ) ) ;
#1878 = CARTESIAN_POINT ( 'NONE',  ( 135.8196081953728367, 5.000000000000000000, 15.00000000000000000 ) ) ;
#1879 = CIRCLE ( 'NONE', #2225, 447.5000000000001705 ) ;
#1880 = EDGE_CURVE ( 'NONE', #1194, #2569, #342, .T. ) ;
#1881 = CARTESIAN_POINT ( 'NONE',  ( -42.59006792315076950, 3.000000000000000000, 7.500000000000000888 ) ) ;
#1882 = ORIENTED_EDGE ( 'NONE', *, *, #2345, .F. ) ;
#1883 = CARTESIAN_POINT ( 'NONE',  ( 109.5923317027059340, -5.000000000000000000, 7.341444237392842354 ) ) ;
#1884 = ORIENTED_EDGE ( 'NONE', *, *, #1724, .T. ) ;
#1885 = CARTESIAN_POINT ( 'NONE',  ( -61.68039180462715620, 0.000000000000000000, 12.50000000000000000 ) ) ;
#1886 = CARTESIAN_POINT ( 'NONE',  ( -61.68039180462715620, 0.000000000000000000, -7.500000000000000000 ) ) ;
#1887 = VERTEX_POINT ( 'NONE', #1813 ) ;
#1888 = DATE_AND_TIME ( #1242, #1966 ) ;
#1889 = ORIENTED_EDGE ( 'NONE', *, *, #167, .T. ) ;
#1890 = ORIENTED_EDGE ( 'NONE', *, *, #1506, .F. ) ;
#1891 = CARTESIAN_POINT ( 'NONE',  ( -77.36898581851924916, 4.665462514913759406, 12.50000000000000000 ) ) ;
#1892 = AXIS2_PLACEMENT_3D ( 'NONE', #642, #2404, #1126 ) ;
#1893 = CARTESIAN_POINT ( 'NONE',  ( 108.3196081953728367, 0.000000000000000000, 7.500000000000000000 ) ) ;
#1894 = CIRCLE ( 'NONE', #914, 447.5000000000001705 ) ;
#1895 = EDGE_CURVE ( 'NONE', #1391, #2869, #1756, .T. ) ;
#1896 = AXIS2_PLACEMENT_3D ( 'NONE', #2716, #1230, #125 ) ;
#1897 = LINE ( 'NONE', #371, #2097 ) ;
#1898 = ORIENTED_EDGE ( 'NONE', *, *, #2227, .F. ) ;
#1899 = CONICAL_SURFACE ( 'NONE', #2540, 5.000000000000142997, 0.7853981633974675969 ) ;
#1900 = CARTESIAN_POINT ( 'NONE',  ( -57.95048130843539269, 15.04452617035174455, 12.50000000000000000 ) ) ;
#1901 = EDGE_LOOP ( 'NONE', ( #1989, #2676, #2245, #2499 ) ) ;
#1902 = CARTESIAN_POINT ( 'NONE',  ( -50.76478997212785060, -11.13492288908321726, 12.50000000000000178 ) ) ;
#1903 = DIRECTION ( 'NONE',  ( -1.000000000000000000, 0.000000000000000000, 0.000000000000000000 ) ) ;
#1904 = DIRECTION ( 'NONE',  ( 0.000000000000000000, 1.000000000000000000, 0.000000000000000000 ) ) ;
#1905 = ORIENTED_EDGE ( 'NONE', *, *, #2578, .T. ) ;
#1906 = AXIS2_PLACEMENT_3D ( 'NONE', #1063, #2358, #1958 ) ;
#1907 = ORIENTED_EDGE ( 'NONE', *, *, #736, .F. ) ;
#1908 = ORIENTED_EDGE ( 'NONE', *, *, #1241, .F. ) ;
#1909 = LINE ( 'NONE', #2158, #47 ) ;
#1910 = DIRECTION ( 'NONE',  ( -0.000000000000000000, -0.000000000000000000, 1.000000000000000000 ) ) ;
#1911 = AXIS2_PLACEMENT_3D ( 'NONE', #330, #1856, #2100 ) ;
#1912 = DIRECTION ( 'NONE',  ( -0.000000000000000000, -1.000000000000000000, -0.000000000000000000 ) ) ;
#1913 = CARTESIAN_POINT ( 'NONE',  ( -49.49542725143601984, -11.06023879450240699, 11.83148804205155180 ) ) ;
#1914 = LINE ( 'NONE', #1255, #2301 ) ;
#1915 = DIRECTION ( 'NONE',  ( -0.2588190451025166872, 0.9659258262890694224, 0.000000000000000000 ) ) ;
#1916 = ORIENTED_EDGE ( 'NONE', *, *, #1800, .T. ) ;
#1917 = APPROVAL_STATUS ( 'not_yet_approved' ) ;
#1918 = ORIENTED_EDGE ( 'NONE', *, *, #1969, .T. ) ;
#1919 = VERTEX_POINT ( 'NONE', #229 ) ;
#1920 = EDGE_CURVE ( 'NONE', #1792, #101, #966, .T. ) ;
#1921 = CARTESIAN_POINT ( 'NONE',  ( -47.37694298443796725, 8.225652062191089797, 11.50000000000000000 ) ) ;
#1922 = FACE_OUTER_BOUND ( 'NONE', #1077, .T. ) ;
#1923 = FACE_OUTER_BOUND ( 'NONE', #1501, .T. ) ;
#1924 = CARTESIAN_POINT ( 'NONE',  ( 135.8196081953728367, -5.000000000000000000, 11.21450368300953393 ) ) ;
#1925 = TOROIDAL_SURFACE ( 'NONE', #21, 2.000000000000002220, 1.000000000000000000 ) ;
#1926 = EDGE_CURVE ( 'NONE', #1674, #1341, #876, .T. ) ;
#1927 = CIRCLE ( 'NONE', #1095, 1002.500000000000000 ) ;
#1928 = EDGE_CURVE ( 'NONE', #1227, #405, #2654, .T. ) ;
#1929 = FACE_OUTER_BOUND ( 'NONE', #74, .T. ) ;
#1930 = FACE_OUTER_BOUND ( 'NONE', #849, .T. ) ;
#1931 = CONICAL_SURFACE ( 'NONE', #2713, 5.000000000000142997, 0.7853981633974675969 ) ;
#1932 = CARTESIAN_POINT ( 'NONE',  ( 111.5631768863190700, -4.999999999999999112, -6.546755837361295072 ) ) ;
#1933 = EDGE_LOOP ( 'NONE', ( #255, #2168, #2419, #1003 ) ) ;
#1934 = EDGE_LOOP ( 'NONE', ( #1656, #753, #957, #2118 ) ) ;
#1935 = ORIENTED_EDGE ( 'NONE', *, *, #1895, .F. ) ;
#1936 = LINE ( 'NONE', #2818, #1165 ) ;
#1937 = CARTESIAN_POINT ( 'NONE',  ( 115.8142843773649275, 0.2903779918516750103, -1.236834218366503535 ) ) ;
#1938 = ADVANCED_FACE ( 'NONE', ( #460 ), #33, .T. ) ;
#1939 = EDGE_CURVE ( 'NONE', #392, #1648, #315, .T. ) ;
#1940 = CIRCLE ( 'NONE', #1983, 2.000000000000001776 ) ;
#1941 = B_SPLINE_CURVE_WITH_KNOTS ( 'NONE', 3,
 ( #2393, #387, #147, #800, #2162, #843, #375, #1074, #1738, #616 ),
 .UNSPECIFIED., .F., .F.,
 ( 4, 2, 2, 2, 4 ),
 ( 0.01208714593249031466, 0.01465105928165398932, 0.01593301595623584574, 0.01657399429352679129, 0.01721497263081773685 ),
 .UNSPECIFIED. ) ;
#1942 = AXIS2_PLACEMENT_3D ( 'NONE', #2028, #654, #2426 ) ;
#1943 = CYLINDRICAL_SURFACE ( 'NONE', #490, 20.00000000000000355 ) ;
#1944 = CARTESIAN_POINT ( 'NONE',  ( -74.91459192265722322, 9.010197734665684521, 12.36993840020066138 ) ) ;
#1945 = LINE ( 'NONE', #219, #2435 ) ;
#1946 = DIRECTION ( 'NONE',  ( 1.000000000000000000, 0.000000000000000000, 0.000000000000000000 ) ) ;
#1947 = ORIENTED_EDGE ( 'NONE', *, *, #82, .F. ) ;
#1948 = CARTESIAN_POINT ( 'NONE',  ( -51.73034269092880066, -12.99596265175504506, 7.500000000000000888 ) ) ;
#1949 = ORIENTED_EDGE ( 'NONE', *, *, #1477, .T. ) ;
#1950 = ORIENTED_EDGE ( 'NONE', *, *, #1427, .T. ) ;
#1951 = DIRECTION ( 'NONE',  ( 0.000000000000000000, 1.000000000000000000, -0.000000000000000000 ) ) ;
#1952 = CIRCLE ( 'NONE', #1394, 16.50000000000000000 ) ;
#1953 = DIRECTION ( 'NONE',  ( 0.000000000000000000, -1.000000000000000000, 0.000000000000000000 ) ) ;
#1954 = CARTESIAN_POINT ( 'NONE',  ( -68.43394264880352296, -15.00639239893341070, 11.83148599391332745 ) ) ;
#1955 = EDGE_CURVE ( 'NONE', #2090, #674, #1124, .T. ) ;
#1956 = CARTESIAN_POINT ( 'NONE',  ( -49.82344569840378057, -11.06086114812988619, 12.21125592503882196 ) ) ;
#1957 = CARTESIAN_POINT ( 'NONE',  ( -46.18039180462715620, 0.000000000000000000, 12.50000000000000000 ) ) ;
#1958 = DIRECTION ( 'NONE',  ( -0.2588190451025185190, 0.9659258262890689783, 0.000000000000000000 ) ) ;
#1959 = ORIENTED_EDGE ( 'NONE', *, *, #604, .T. ) ;
#1960 = DIRECTION ( 'NONE',  ( 0.000000000000000000, 0.000000000000000000, 1.000000000000000000 ) ) ;
#1961 = AXIS2_PLACEMENT_3D ( 'NONE', #532, #546, #1628 ) ;
#1962 = ORIENTED_EDGE ( 'NONE', *, *, #1658, .F. ) ;
#1963 = AXIS2_PLACEMENT_3D ( 'NONE', #513, #2322, #2543 ) ;
#1964 = AXIS2_PLACEMENT_3D ( 'NONE', #2469, #2268, #1164 ) ;
#1965 = CARTESIAN_POINT ( 'NONE',  ( 135.8196081953728367, -5.000000000000000000, -15.00000000000000000 ) ) ;
#1966 = LOCAL_TIME ( 18, 24, 49.00000000000000000, #1272 ) ;
#1967 = DIRECTION ( 'NONE',  ( -0.000000000000000000, -0.000000000000000000, -1.000000000000000000 ) ) ;
#1968 = DIRECTION ( 'NONE',  ( -1.000000000000000000, 0.000000000000000000, 0.000000000000000000 ) ) ;
#1969 = EDGE_CURVE ( 'NONE', #2321, #1365, #2175, .T. ) ;
#1970 = DIRECTION ( 'NONE',  ( 0.000000000000000000, 0.000000000000000000, 1.000000000000000000 ) ) ;
#1971 = DIRECTION ( 'NONE',  ( 0.000000000000000000, -0.000000000000000000, -1.000000000000000000 ) ) ;
#1972 = ORIENTED_EDGE ( 'NONE', *, *, #932, .T. ) ;
#1973 = DIRECTION ( 'NONE',  ( -0.9986295347545731671, 0.05233595624295869081, 0.000000000000000000 ) ) ;
#1974 = AXIS2_PLACEMENT_3D ( 'NONE', #2069, #1657, #2277 ) ;
#1975 = VERTEX_POINT ( 'NONE', #1134 ) ;
#1976 = VECTOR ( 'NONE', #53, 1000.000000000000000 ) ;
#1977 = CARTESIAN_POINT ( 'NONE',  ( 108.3196081953728367, 0.000000000000000000, 7.500000000000000000 ) ) ;
#1978 = CARTESIAN_POINT ( 'NONE',  ( -61.68039180462715620, 0.000000000000000000, 11.50000000000000000 ) ) ;
#1979 = CIRCLE ( 'NONE', #725, 5.000000000000142997 ) ;
#1980 = EDGE_CURVE ( 'NONE', #1611, #166, #2820, .T. ) ;
#1981 = DIRECTION ( 'NONE',  ( -0.000000000000000000, -1.000000000000000000, -0.000000000000000000 ) ) ;
#1982 = EDGE_CURVE ( 'NONE', #1391, #1810, #1785, .T. ) ;
#1983 = AXIS2_PLACEMENT_3D ( 'NONE', #2032, #2526, #2733 ) ;
#1984 = DIRECTION ( 'NONE',  ( -0.000000000000000000, -1.000000000000000000, -0.000000000000000000 ) ) ;
#1985 = DIRECTION ( 'NONE',  ( -0.000000000000000000, -1.000000000000000000, -0.000000000000000000 ) ) ;
#1986 = CARTESIAN_POINT ( 'NONE',  ( 109.3941714936403997, -5.000000000000000000, -7.393781936621866890 ) ) ;
#1987 = VERTEX_POINT ( 'NONE', #791 ) ;
#1988 = CARTESIAN_POINT ( 'NONE',  ( -60.72167472529797294, 18.29341163553452176, 12.50000000000000000 ) ) ;
#1989 = ORIENTED_EDGE ( 'NONE', *, *, #594, .T. ) ;
#1990 = DIRECTION ( 'NONE',  ( 1.000000000000000000, 0.000000000000000000, 0.000000000000000000 ) ) ;
#1991 = CARTESIAN_POINT ( 'NONE',  ( -62.09131544642880129, 16.36244677214879317, 11.50000000000000000 ) ) ;
#1992 = ORIENTED_EDGE ( 'NONE', *, *, #2778, .T. ) ;
#1993 = DIRECTION ( 'NONE',  ( 0.000000000000000000, -0.000000000000000000, -1.000000000000000000 ) ) ;
#1994 = AXIS2_PLACEMENT_3D ( 'NONE', #1270, #190, #591 ) ;
#1995 = DIRECTION ( 'NONE',  ( 0.000000000000000000, 0.000000000000000000, 1.000000000000000000 ) ) ;
#1996 = CARTESIAN_POINT ( 'NONE',  ( -73.54090339420405087, -9.978890962101553797, 12.50000000000000000 ) ) ;
#1997 = VERTEX_POINT ( 'NONE', #93 ) ;
#1998 = CARTESIAN_POINT ( 'NONE',  ( 115.8014610298611160, 0.5214194025541664113, 0.8269945374074255673 ) ) ;
#1999 = VERTEX_POINT ( 'NONE', #1448 ) ;
#2000 = ORIENTED_EDGE ( 'NONE', *, *, #2558, .T. ) ;
#2001 = CARTESIAN_POINT ( 'NONE',  ( -56.60834420425452862, 15.70109337401552629, 7.500000000000000888 ) ) ;
#2002 = AXIS2_PLACEMENT_3D ( 'NONE', #2449, #1376, #1090 ) ;
#2003 = EDGE_CURVE ( 'NONE', #107, #350, #918, .T. ) ;
#2004 = ORIENTED_EDGE ( 'NONE', *, *, #1045, .T. ) ;
#2005 = CARTESIAN_POINT ( 'NONE',  ( -63.83422644895001241, -17.36695126741936335, 7.500000000000000000 ) ) ;
#2006 = CARTESIAN_POINT ( 'NONE',  ( -61.68039180462715620, 0.000000000000000000, 5.000000000000219380 ) ) ;
#2007 = CARTESIAN_POINT ( 'NONE',  ( -72.93438151286063942, -11.88470606526655793, 12.50000000000000000 ) ) ;
#2008 = ORIENTED_EDGE ( 'NONE', *, *, #636, .F. ) ;
#2009 = EDGE_CURVE ( 'NONE', #2099, #978, #408, .T. ) ;
#2010 = CARTESIAN_POINT ( 'NONE',  ( 115.8047558471764233, 0.4800007849325471643, 0.9848490756044008254 ) ) ;
#2011 = EDGE_CURVE ( 'NONE', #1409, #2090, #774, .T. ) ;
#2012 = ORIENTED_EDGE ( 'NONE', *, *, #605, .T. ) ;
#2013 = DIRECTION ( 'NONE',  ( 1.000000000000000000, 0.000000000000000000, 0.000000000000000000 ) ) ;
#2014 = CARTESIAN_POINT ( 'NONE',  ( 108.3196081953728367, 0.000000000000000000, 5.000000000000219380 ) ) ;
#2015 = CARTESIAN_POINT ( 'NONE',  ( -78.08704195097766387, 1.752663965298819404, 7.500000000000000888 ) ) ;
#2016 = DIRECTION ( 'NONE',  ( -0.08702806186029889146, -0.7017308005559249606, -0.7071067811865339170 ) ) ;
#2017 = DIRECTION ( 'NONE',  ( 1.000000000000000000, 0.000000000000000000, 0.000000000000000000 ) ) ;
#2018 = EDGE_CURVE ( 'NONE', #380, #1654, #267, .T. ) ;
#2019 = LINE ( 'NONE', #1114, #2721 ) ;
#2020 = CARTESIAN_POINT ( 'NONE',  ( 115.8142803198044390, -0.2904686004360916840, -1.236744908656436825 ) ) ;
#2021 = AXIS2_PLACEMENT_3D ( 'NONE', #2131, #2370, #1051 ) ;
#2022 = EDGE_LOOP ( 'NONE', ( #442, #1229, #313, #1643, #483 ) ) ;
#2023 = ORIENTED_EDGE ( 'NONE', *, *, #1233, .T. ) ;
#2024 = DIRECTION ( 'NONE',  ( -0.000000000000000000, -0.000000000000000000, 1.000000000000000000 ) ) ;
#2025 = AXIS2_PLACEMENT_3D ( 'NONE', #1863, #536, #1649 ) ;
#2026 = DIRECTION ( 'NONE',  ( 1.000000000000000000, 0.000000000000000000, 0.000000000000000000 ) ) ;
#2027 = ORIENTED_EDGE ( 'NONE', *, *, #1658, .T. ) ;
#2028 = CARTESIAN_POINT ( 'NONE',  ( 0.000000000000000000, 0.000000000000000000, 7.500000000000000888 ) ) ;
#2029 = AXIS2_PLACEMENT_3D ( 'NONE', #36, #441, #924 ) ;
#2030 = DIRECTION ( 'NONE',  ( 0.000000000000000000, 0.000000000000000000, 1.000000000000000000 ) ) ;
#2031 = EDGE_CURVE ( 'NONE', #790, #367, #638, .T. ) ;
#2032 = CARTESIAN_POINT ( 'NONE',  ( -46.24576256814913933, 5.447085729384788522, 12.50000000000000000 ) ) ;
#2033 = DIRECTION ( 'NONE',  ( -0.6293203910498432752, -0.7771459614569662389, 0.000000000000000000 ) ) ;
#2034 = ADVANCED_FACE ( 'NONE', ( #2760 ), #505, .T. ) ;
#2035 = ORIENTED_EDGE ( 'NONE', *, *, #1013, .F. ) ;
#2036 = CARTESIAN_POINT ( 'NONE',  ( 109.3941714936404708, -5.000000000000000000, 7.393781936622056072 ) ) ;
#2037 = EDGE_CURVE ( 'NONE', #1445, #1310, #1387, .T. ) ;
#2038 = EDGE_LOOP ( 'NONE', ( #1847, #1869, #1326, #1617 ) ) ;
#2039 = DIRECTION ( 'NONE',  ( 0.000000000000000000, 0.000000000000000000, 1.000000000000000000 ) ) ;
#2040 = AXIS2_PLACEMENT_3D ( 'NONE', #1492, #1480, #1247 ) ;
#2041 = DIRECTION ( 'NONE',  ( -1.000000000000000000, 0.000000000000000000, 0.000000000000000000 ) ) ;
#2042 = EDGE_CURVE ( 'NONE', #1810, #861, #2215, .T. ) ;
#2043 = EDGE_LOOP ( 'NONE', ( #2276, #2008 ) ) ;
#2044 = ORIENTED_EDGE ( 'NONE', *, *, #667, .T. ) ;
#2045 = CARTESIAN_POINT ( 'NONE',  ( -78.18039180462716331, 0.000000000000000000, 11.50000000000000000 ) ) ;
#2046 = CARTESIAN_POINT ( 'NONE',  ( 0.000000000000000000, 0.000000000000000000, 7.500000000000000888 ) ) ;
#2047 = EDGE_CURVE ( 'NONE', #1731, #1243, #86, .T. ) ;
#2048 = CARTESIAN_POINT ( 'NONE',  ( -61.93430757769991857, 19.35833537641250857, 7.500000000000000888 ) ) ;
#2049 = VECTOR ( 'NONE', #742, 1000.000000000000000 ) ;
#2050 = DIRECTION ( 'NONE',  ( 1.000000000000000000, 0.000000000000000000, 0.000000000000000000 ) ) ;
#2051 = ORIENTED_EDGE ( 'NONE', *, *, #2360, .F. ) ;
#2052 = DIRECTION ( 'NONE',  ( 0.000000000000000000, 0.000000000000000000, 1.000000000000000000 ) ) ;
#2053 = VERTEX_POINT ( 'NONE', #2507 ) ;
#2054 = LINE ( 'NONE', #2261, #69 ) ;
#2055 = EDGE_CURVE ( 'NONE', #1827, #1235, #2091, .T. ) ;
#2056 = CARTESIAN_POINT ( 'NONE',  ( -61.68039180462715620, 0.000000000000000000, 5.000000000000219380 ) ) ;
#2057 = ORIENTED_EDGE ( 'NONE', *, *, #2198, .F. ) ;
#2058 = VERTEX_POINT ( 'NONE', #1179 ) ;
#2059 = DIRECTION ( 'NONE',  ( 1.000000000000000000, 0.000000000000000000, 0.000000000000000000 ) ) ;
#2060 = LINE ( 'NONE', #917, #2664 ) ;
#2061 = AXIS2_PLACEMENT_3D ( 'NONE', #1545, #675, #784 ) ;
#2062 = CIRCLE ( 'NONE', #581, 5.000000000000004441 ) ;
#2063 = EDGE_CURVE ( 'NONE', #1502, #2058, #2640, .T. ) ;
#2064 = DIRECTION ( 'NONE',  ( 1.000000000000000000, 0.000000000000000000, 0.000000000000000000 ) ) ;
#2065 = DIRECTION ( 'NONE',  ( 0.000000000000000000, 0.000000000000000000, -1.000000000000000000 ) ) ;
#2066 = ORIENTED_EDGE ( 'NONE', *, *, #2310, .F. ) ;
#2067 = DIRECTION ( 'NONE',  ( 1.000000000000000000, 0.000000000000000000, 0.000000000000000000 ) ) ;
#2068 = ORIENTED_EDGE ( 'NONE', *, *, #2479, .T. ) ;
#2069 = CARTESIAN_POINT ( 'NONE',  ( -61.68039180462715620, 0.000000000000000000, 11.50000000000000000 ) ) ;
#2070 = CARTESIAN_POINT ( 'NONE',  ( -78.03928106494059591, 1.785778262955188822, 11.83148599391329725 ) ) ;
#2071 = VECTOR ( 'NONE', #252, 1000.000000000000114 ) ;
#2072 = COORDINATED_UNIVERSAL_TIME_OFFSET ( 5, 30, .AHEAD. ) ;
#2073 = AXIS2_PLACEMENT_3D ( 'NONE', #1200, #2079, #2748 ) ;
#2074 = VERTEX_POINT ( 'NONE', #1663 ) ;
#2075 = ORIENTED_EDGE ( 'NONE', *, *, #2702, .T. ) ;
#2076 = CC_DESIGN_PERSON_AND_ORGANIZATION_ASSIGNMENT ( #1413, #319, ( #462 ) ) ;
#2077 = DIRECTION ( 'NONE',  ( 0.000000000000000000, 1.000000000000000000, 0.000000000000000000 ) ) ;
#2078 = CARTESIAN_POINT ( 'NONE',  ( 111.4056103454058473, 5.000000000000000888, -6.632311642160320986 ) ) ;
#2079 = DIRECTION ( 'NONE',  ( -0.000000000000000000, -0.000000000000000000, -1.000000000000000000 ) ) ;
#2080 = LINE ( 'NONE', #81, #2117 ) ;
#2081 = PRODUCT_DEFINITION_SHAPE ( 'NONE', 'NONE',  #462 ) ;
#2082 = ORIENTED_EDGE ( 'NONE', *, *, #1112, .T. ) ;
#2083 = CARTESIAN_POINT ( 'NONE',  ( -47.37694298443796725, 8.225652062191089797, 7.500000000000000888 ) ) ;
#2084 = ORIENTED_EDGE ( 'NONE', *, *, #866, .T. ) ;
#2085 = VECTOR ( 'NONE', #618, 999.9999999999998863 ) ;
#2086 = DIRECTION ( 'NONE',  ( 1.000000000000000000, 0.000000000000000000, 0.000000000000000000 ) ) ;
#2087 = CYLINDRICAL_SURFACE ( 'NONE', #2761, 20.00000000000000355 ) ;
#2088 = PERSON_AND_ORGANIZATION ( #670, #1550 ) ;
#2089 = ORIENTED_EDGE ( 'NONE', *, *, #285, .F. ) ;
#2090 = VERTEX_POINT ( 'NONE', #2330 ) ;
#2091 = LINE ( 'NONE', #521, #1710 ) ;
#2092 = FACE_OUTER_BOUND ( 'NONE', #2337, .T. ) ;
#2093 = ADVANCED_FACE ( 'NONE', ( #2538 ), #2142, .T. ) ;
#2094 = VECTOR ( 'NONE', #1005, 1000.000000000000000 ) ;
#2095 = CYLINDRICAL_SURFACE ( 'NONE', #2312, 12.42900736601908562 ) ;
#2096 = AXIS2_PLACEMENT_3D ( 'NONE', #955, #543, #1840 ) ;
#2097 = VECTOR ( 'NONE', #2336, 1000.000000000000000 ) ;
#2098 = CARTESIAN_POINT ( 'NONE',  ( -61.68039180462715620, 0.000000000000000000, 7.500000000000000000 ) ) ;
#2099 = VERTEX_POINT ( 'NONE', #1678 ) ;
#2100 = DIRECTION ( 'NONE',  ( 1.000000000000000000, 0.000000000000000000, 0.000000000000000000 ) ) ;
#2101 = ORIENTED_EDGE ( 'NONE', *, *, #1982, .T. ) ;
#2102 = CARTESIAN_POINT ( 'NONE',  ( -7.774739950682665324, 11.97204965282590727, 11.50000000000000000 ) ) ;
#2103 = DIRECTION ( 'NONE',  ( 1.000000000000000000, 0.000000000000000000, 0.000000000000000000 ) ) ;
#2104 = ORIENTED_EDGE ( 'NONE', *, *, #475, .T. ) ;
#2105 = ADVANCED_FACE ( 'NONE', ( #1464 ), #1540, .T. ) ;
#2106 = PERSON_AND_ORGANIZATION ( #670, #1550 ) ;
#2107 = VERTEX_POINT ( 'NONE', #2045 ) ;
#2108 = ORIENTED_EDGE ( 'NONE', *, *, #1880, .T. ) ;
#2109 = DIRECTION ( 'NONE',  ( 1.000000000000000000, -5.329070518200751394E-13, 0.000000000000000000 ) ) ;
#2110 = B_SPLINE_CURVE_WITH_KNOTS ( 'NONE', 3,
 ( #2779, #571, #1467, #158, #1682, #2559, #1264, #1049, #1695, #144, #2352, #1484, #1250, #2128 ),
 .UNSPECIFIED., .F., .F.,
 ( 4, 2, 2, 2, 2, 2, 4 ),
 ( 0.001875556063349715459, 0.002109955482648770940, 0.002344354901947826204, 0.002813153740545938034, 0.003281952579144049864, 0.003516351998443105562, 0.003750751417742161260 ),
 .UNSPECIFIED. ) ;
#2111 = DIRECTION ( 'NONE',  ( 1.000000000000000000, 0.000000000000000000, 0.000000000000000000 ) ) ;
#2112 = CIRCLE ( 'NONE', #254, 5.000000000000004441 ) ;
#2113 = EDGE_CURVE ( 'NONE', #2569, #307, #58, .T. ) ;
#2114 = CARTESIAN_POINT ( 'NONE',  ( 109.4324186372044210, 4.874592590212229126, -7.500000000000000000 ) ) ;
#2115 = ORIENTED_EDGE ( 'NONE', *, *, #2237, .T. ) ;
#2116 = DIRECTION ( 'NONE',  ( -0.000000000000000000, 0.000000000000000000, 1.000000000000000000 ) ) ;
#2117 = VECTOR ( 'NONE', #2273, 1000.000000000000000 ) ;
#2118 = ORIENTED_EDGE ( 'NONE', *, *, #1926, .F. ) ;
#2119 = DIRECTION ( 'NONE',  ( 0.000000000000000000, 0.000000000000000000, -1.000000000000000000 ) ) ;
#2120 = FACE_OUTER_BOUND ( 'NONE', #723, .T. ) ;
#2121 = ORIENTED_EDGE ( 'NONE', *, *, #1799, .F. ) ;
#2122 = ORIENTED_EDGE ( 'NONE', *, *, #1201, .F. ) ;
#2123 = ORIENTED_EDGE ( 'NONE', *, *, #2639, .T. ) ;
#2124 = CARTESIAN_POINT ( 'NONE',  ( -47.45675635656520086, 7.985765311952959244, 12.10368025391361968 ) ) ;
#2125 = VECTOR ( 'NONE', #216, 1000.000000000000000 ) ;
#2126 = AXIS2_PLACEMENT_3D ( 'NONE', #1801, #7, #2212 ) ;
#2127 = EDGE_CURVE ( 'NONE', #1997, #674, #420, .T. ) ;
#2128 = CARTESIAN_POINT ( 'NONE',  ( 115.8196081864375060, 0.0003661013585040030381, 1.342346766156111038 ) ) ;
#2129 = CARTESIAN_POINT ( 'NONE',  ( -71.79431680125840387, 27.55925613994274670, 11.50000000000000000 ) ) ;
#2130 = ORIENTED_EDGE ( 'NONE', *, *, #1244, .F. ) ;
#2131 = CARTESIAN_POINT ( 'NONE',  ( 0.000000000000000000, 0.000000000000000000, -7.500000000000000000 ) ) ;
#2132 = DIRECTION ( 'NONE',  ( 0.000000000000000000, 0.000000000000000000, 1.000000000000000000 ) ) ;
#2133 = CARTESIAN_POINT ( 'NONE',  ( 135.8196081953728367, 5.000000000000000000, 15.00000000000000000 ) ) ;
#2134 = ORIENTED_EDGE ( 'NONE', *, *, #2009, .F. ) ;
#2135 = ADVANCED_FACE ( 'NONE', ( #76 ), #963, .T. ) ;
#2136 = PERSON_AND_ORGANIZATION ( #670, #1550 ) ;
#2137 = AXIS2_PLACEMENT_3D ( 'NONE', #1459, #858, #1740 ) ;
#2138 = ORIENTED_EDGE ( 'NONE', *, *, #922, .T. ) ;
#2139 = EDGE_LOOP ( 'NONE', ( #133, #1529 ) ) ;
#2140 = CARTESIAN_POINT ( 'NONE',  ( 113.9097781391223236, -5.000000000000000000, 5.000000000000222045 ) ) ;
#2141 = EDGE_CURVE ( 'NONE', #2869, #2274, #281, .T. ) ;
#2142 = TOROIDAL_SURFACE ( 'NONE', #1309, 1.999999999999998224, 1.000000000000000000 ) ;
#2143 = DIRECTION ( 'NONE',  ( 0.000000000000000000, 0.000000000000000000, 1.000000000000000000 ) ) ;
#2144 = ADVANCED_FACE ( 'NONE', ( #1057 ), #153, .T. ) ;
#2145 = CARTESIAN_POINT ( 'NONE',  ( 109.4186991202732884, 4.916462616329099866, -7.462233580527309229 ) ) ;
#2146 = CIRCLE ( 'NONE', #852, 20.00000000000000355 ) ;
#2147 = CARTESIAN_POINT ( 'NONE',  ( -68.89707437903190623, -13.82251917562174270, 12.49999999999999645 ) ) ;
#2148 = CARTESIAN_POINT ( 'NONE',  ( 128.2304804565601444, -5.000000000000000000, 0.6711734656911403363 ) ) ;
#2149 = FACE_OUTER_BOUND ( 'NONE', #92, .T. ) ;
#2150 = CYLINDRICAL_SURFACE ( 'NONE', #276, 1.000000000000000888 ) ;
#2151 = ORIENTED_EDGE ( 'NONE', *, *, #798, .T. ) ;
#2152 = PERSON_AND_ORGANIZATION_ROLE ( 'design_supplier' ) ;
#2153 = ORIENTED_EDGE ( 'NONE', *, *, #302, .T. ) ;
#2154 = CONICAL_SURFACE ( 'NONE', #2424, 447.5000000000001705, 0.7853981633974704835 ) ;
#2155 = ADVANCED_FACE ( 'NONE', ( #1719 ), #599, .T. ) ;
#2156 = ORIENTED_EDGE ( 'NONE', *, *, #2441, .T. ) ;
#2157 = ADVANCED_FACE ( 'NONE', ( #825 ), #888, .T. ) ;
#2158 = CARTESIAN_POINT ( 'NONE',  ( -49.43732304649269338, -11.06152192890253616, 7.500000000000000888 ) ) ;
#2159 = LINE ( 'NONE', #1263, #880 ) ;
#2160 = DIRECTION ( 'NONE',  ( 1.000000000000000000, 7.083454193571956254E-15, 0.000000000000000000 ) ) ;
#2161 = CIRCLE ( 'NONE', #720, 3.000000000000002665 ) ;
#2162 = CARTESIAN_POINT ( 'NONE',  ( 111.0344897102640260, 5.000000000000000000, 6.822125581328999822 ) ) ;
#2163 = DIRECTION ( 'NONE',  ( -0.000000000000000000, -1.000000000000000000, 0.000000000000000000 ) ) ;
#2164 = CARTESIAN_POINT ( 'NONE',  ( 110.4643116235416898, -5.000000000000000000, -7.069549456254611286 ) ) ;
#2165 = ORIENTED_EDGE ( 'NONE', *, *, #1162, .F. ) ;
#2166 = FACE_OUTER_BOUND ( 'NONE', #1431, .T. ) ;
#2167 = VERTEX_POINT ( 'NONE', #1734 ) ;
#2168 = ORIENTED_EDGE ( 'NONE', *, *, #939, .F. ) ;
#2169 = CARTESIAN_POINT ( 'NONE',  ( -61.68039180462715620, 0.000000000000000000, 7.500000000000000000 ) ) ;
#2170 = TOROIDAL_SURFACE ( 'NONE', #2625, 1.999999999999999112, 1.000000000000000000 ) ;
#2171 = EDGE_CURVE ( 'NONE', #2167, #558, #381, .T. ) ;
#2172 = DIRECTION ( 'NONE',  ( 0.000000000000000000, 0.000000000000000000, 1.000000000000000000 ) ) ;
#2173 = B_SPLINE_CURVE_WITH_KNOTS ( 'NONE', 3,
 ( #1843, #1191, #2070, #1860, #533, #2309, #770, #2533, #1224, #2384 ),
 .UNSPECIFIED., .F., .F.,
 ( 4, 2, 2, 2, 4 ),
 ( 0.000000000000000000, 0.0004980977809551386361, 0.0009961955619102772722, 0.001494293342865416017, 0.001992391123820554544 ),
 .UNSPECIFIED. ) ;
#2174 = CONICAL_SURFACE ( 'NONE', #1615, 7.500000000000007105, 0.7853981633974009835 ) ;
#2175 = CIRCLE ( 'NONE', #1199, 3.000000000000002665 ) ;
#2176 = CARTESIAN_POINT ( 'NONE',  ( -59.45670591665350457, 18.22711742941113400, 12.50000000000000000 ) ) ;
#2177 = DIRECTION ( 'NONE',  ( 0.000000000000000000, 0.000000000000000000, 1.000000000000000000 ) ) ;
#2178 = CARTESIAN_POINT ( 'NONE',  ( -61.93430757769991857, 19.35833537641250857, 7.500000000000000888 ) ) ;
#2179 = AXIS2_PLACEMENT_3D ( 'NONE', #1948, #2828, #1513 ) ;
#2180 = DIRECTION ( 'NONE',  ( 0.000000000000000000, 0.000000000000000000, -1.000000000000000000 ) ) ;
#2181 = ORIENTED_EDGE ( 'NONE', *, *, #2220, .F. ) ;
#2182 = FACE_OUTER_BOUND ( 'NONE', #2283, .T. ) ;
#2183 = ORIENTED_EDGE ( 'NONE', *, *, #384, .T. ) ;
#2184 = DIRECTION ( 'NONE',  ( 0.000000000000000000, 0.000000000000000000, 1.000000000000000000 ) ) ;
#2185 = CARTESIAN_POINT ( 'NONE',  ( 115.8196081953728509, -5.637851296924623057E-14, 1.678344963007560864E-13 ) ) ;
#2186 = EDGE_CURVE ( 'NONE', #2359, #1987, #1909, .T. ) ;
#2187 = CARTESIAN_POINT ( 'NONE',  ( -76.04106409119043519, 10.00105451829644565, 7.500000000000000888 ) ) ;
#2188 = CARTESIAN_POINT ( 'NONE',  ( 109.6914004960107718, -5.000000000000000000, -7.315232491606949772 ) ) ;
#2189 = DIRECTION ( 'NONE',  ( 0.000000000000000000, 0.000000000000000000, 1.000000000000000000 ) ) ;
#2190 = VERTEX_POINT ( 'NONE', #369 ) ;
#2191 = DIRECTION ( 'NONE',  ( -0.000000000000000000, -0.000000000000000000, -1.000000000000000000 ) ) ;
#2192 = AXIS2_PLACEMENT_3D ( 'NONE', #801, #1296, #1269 ) ;
#2193 = EDGE_CURVE ( 'NONE', #2582, #1502, #797, .T. ) ;
#2194 = ORIENTED_EDGE ( 'NONE', *, *, #2602, .T. ) ;
#2195 = CIRCLE ( 'NONE', #470, 3.000000000000002665 ) ;
#2196 = VERTEX_POINT ( 'NONE', #2140 ) ;
#2197 = DIRECTION ( 'NONE',  ( 0.000000000000000000, 0.000000000000000000, 1.000000000000000000 ) ) ;
#2198 = EDGE_CURVE ( 'NONE', #1287, #2767, #1936, .T. ) ;
#2199 = ORIENTED_EDGE ( 'NONE', *, *, #2743, .T. ) ;
#2200 = CARTESIAN_POINT ( 'NONE',  ( -46.18039180462715620, 0.000000000000000000, 11.50000000000000000 ) ) ;
#2201 = LINE ( 'NONE', #656, #2125 ) ;
#2202 = CARTESIAN_POINT ( 'NONE',  ( -45.59006792315076950, 3.000000000000000000, 7.500000000000000888 ) ) ;
#2203 = FACE_OUTER_BOUND ( 'NONE', #1690, .T. ) ;
#2204 = ORIENTED_EDGE ( 'NONE', *, *, #1724, .F. ) ;
#2205 = CARTESIAN_POINT ( 'NONE',  ( -56.55489337949343565, -15.68372614827075218, 7.500000000000000888 ) ) ;
#2206 = CIRCLE ( 'NONE', #1562, 1.000000000000000000 ) ;
#2207 = AXIS2_PLACEMENT_3D ( 'NONE', #388, #1281, #816 ) ;
#2208 = ORIENTED_EDGE ( 'NONE', *, *, #1593, .T. ) ;
#2209 = VERTEX_POINT ( 'NONE', #1706 ) ;
#2210 = DIRECTION ( 'NONE',  ( 0.000000000000000000, 0.000000000000000000, 1.000000000000000000 ) ) ;
#2211 = CIRCLE ( 'NONE', #2856, 999.9999999999998863 ) ;
#2212 = DIRECTION ( 'NONE',  ( 1.000000000000000000, 1.156482317317870344E-15, 0.000000000000000000 ) ) ;
#2213 = AXIS2_PLACEMENT_3D ( 'NONE', #2719, #933, #492 ) ;
#2214 = FACE_OUTER_BOUND ( 'NONE', #1772, .T. ) ;
#2215 = CIRCLE ( 'NONE', #2588, 16.50000000000000000 ) ;
#2216 = CARTESIAN_POINT ( 'NONE',  ( 115.8196081866334168, 0.0003620654552766168727, -1.342346769779129811 ) ) ;
#2217 = DIRECTION ( 'NONE',  ( -0.2588190451025185190, 0.9659258262890689783, 0.000000000000000000 ) ) ;
#2218 = ORIENTED_EDGE ( 'NONE', *, *, #2441, .F. ) ;
#2219 = CARTESIAN_POINT ( 'NONE',  ( 115.8196081864375060, 0.0003661013585040030381, 1.342346766156111038 ) ) ;
#2220 = EDGE_CURVE ( 'NONE', #1399, #1654, #2269, .T. ) ;
#2221 = ORIENTED_EDGE ( 'NONE', *, *, #2055, .T. ) ;
#2222 = DIRECTION ( 'NONE',  ( -0.000000000000000000, -0.000000000000000000, -1.000000000000000000 ) ) ;
#2223 = DIRECTION ( 'NONE',  ( 1.000000000000000000, 0.000000000000000000, 0.000000000000000000 ) ) ;
#2224 = DIRECTION ( 'NONE',  ( 1.000000000000000000, 0.000000000000000000, 0.000000000000000000 ) ) ;
#2225 = AXIS2_PLACEMENT_3D ( 'NONE', #89, #992, #975 ) ;
#2226 = ADVANCED_FACE ( 'NONE', ( #2791 ), #2712, .T. ) ;
#2227 = EDGE_CURVE ( 'NONE', #2815, #2585, #1096, .T. ) ;
#2228 = DIRECTION ( 'NONE',  ( -0.000000000000000000, -0.000000000000000000, -1.000000000000000000 ) ) ;
#2229 = DIRECTION ( 'NONE',  ( 1.000000000000000000, 8.673617379884027583E-16, 0.000000000000000000 ) ) ;
#2230 = ORIENTED_EDGE ( 'NONE', *, *, #1025, .T. ) ;
#2231 = CARTESIAN_POINT ( 'NONE',  ( 115.8196081953728509, -5.637851296924623057E-14, 1.678344963007560864E-13 ) ) ;
#2232 = VERTEX_POINT ( 'NONE', #850 ) ;
#2233 = VERTEX_POINT ( 'NONE', #1069 ) ;
#2234 = CARTESIAN_POINT ( 'NONE',  ( -43.34798508928192717, 6.223542864692319654, 7.500000000000000888 ) ) ;
#2235 = AXIS2_PLACEMENT_3D ( 'NONE', #146, #132, #2391 ) ;
#2236 = CARTESIAN_POINT ( 'NONE',  ( -7.774739950682665324, 11.97204965282590727, 7.500000000000000888 ) ) ;
#2237 = EDGE_CURVE ( 'NONE', #13, #405, #1561, .T. ) ;
#2238 = ADVANCED_FACE ( 'NONE', ( #2846 ), #862, .T. ) ;
#2239 = LINE ( 'NONE', #2005, #1436 ) ;
#2240 = DIRECTION ( 'NONE',  ( -0.3583679495453087060, -0.9335804264971984123, 0.000000000000000000 ) ) ;
#2241 = CARTESIAN_POINT ( 'NONE',  ( 132.0250443259665190, -5.000000000000000000, 7.835586732845569280 ) ) ;
#2242 = CARTESIAN_POINT ( 'NONE',  ( -75.01263563972018744, -9.721176591422658220, 11.66876012631443338 ) ) ;
#2243 = VERTEX_POINT ( 'NONE', #1530 ) ;
#2244 = CARTESIAN_POINT ( 'NONE',  ( 128.2304804565601444, -5.000000000000000000, -0.6711734656911403363 ) ) ;
#2245 = ORIENTED_EDGE ( 'NONE', *, *, #1294, .F. ) ;
#2246 = CYLINDRICAL_SURFACE ( 'NONE', #2061, 1.000000000000003109 ) ;
#2247 = VECTOR ( 'NONE', #247, 1000.000000000000000 ) ;
#2248 = ORIENTED_EDGE ( 'NONE', *, *, #1261, .F. ) ;
#2249 = CARTESIAN_POINT ( 'NONE',  ( 109.4324186372044352, -4.879403565739737658, 7.500000000000000000 ) ) ;
#2250 = CARTESIAN_POINT ( 'NONE',  ( -78.08704195097766387, 1.752663965298819404, 11.50000000000000000 ) ) ;
#2251 = CIRCLE ( 'NONE', #128, 3.000000000000002665 ) ;
#2252 = EDGE_CURVE ( 'NONE', #2058, #758, #1238, .T. ) ;
#2253 = DIRECTION ( 'NONE',  ( 0.2588190451025185190, -0.9659258262890689783, -0.000000000000000000 ) ) ;
#2254 = CARTESIAN_POINT ( 'NONE',  ( -36.58569500162069943, -45.17957072735935498, 7.500000000000000888 ) ) ;
#2255 = CIRCLE ( 'NONE', #1892, 7.500000000000007105 ) ;
#2256 = AXIS2_PLACEMENT_3D ( 'NONE', #2148, #1295, #2783 ) ;
#2257 = EDGE_LOOP ( 'NONE', ( #124, #1258, #2104, #2501 ) ) ;
#2258 = CARTESIAN_POINT ( 'NONE',  ( 109.4932553710541896, -5.000000000000000000, 7.367627395104656252 ) ) ;
#2259 = EDGE_CURVE ( 'NONE', #2514, #2355, #1182, .T. ) ;
#2260 = ORIENTED_EDGE ( 'NONE', *, *, #1288, .T. ) ;
#2261 = CARTESIAN_POINT ( 'NONE',  ( -56.68039180462715620, 0.000000000000000000, -17.50000000000000000 ) ) ;
#2262 = ADVANCED_FACE ( 'NONE', ( #2681 ), #2652, .T. ) ;
#2263 = CARTESIAN_POINT ( 'NONE',  ( 109.3915343322536984, 5.000000000000000000, 7.386388199821295686 ) ) ;
#2264 = DIRECTION ( 'NONE',  ( 1.000000000000000000, 0.000000000000000000, 0.000000000000000000 ) ) ;
#2265 = ORIENTED_EDGE ( 'NONE', *, *, #2186, .T. ) ;
#2266 = CARTESIAN_POINT ( 'NONE',  ( -45.46780293292360398, 0.2859761899352828984, 12.21125592503879886 ) ) ;
#2267 = VECTOR ( 'NONE', #1449, 1000.000000000000000 ) ;
#2268 = DIRECTION ( 'NONE',  ( 0.000000000000000000, -1.000000000000000000, 0.000000000000000000 ) ) ;
#2269 = B_SPLINE_CURVE_WITH_KNOTS ( 'NONE', 3,
 ( #612, #195, #2804, #141, #2586, #2610, #2124, #155, #1504, #1921 ),
 .UNSPECIFIED., .F., .F.,
 ( 4, 2, 2, 2, 4 ),
 ( -6.578102695099607578E-06, 0.0004905520520395291548, 0.0009876822067741580519, 0.001484812361508786732, 0.001981942516243415629 ),
 .UNSPECIFIED. ) ;
#2270 = LINE ( 'NONE', #2048, #1570 ) ;
#2271 = AXIS2_PLACEMENT_3D ( 'NONE', #2200, #1953, #1505 ) ;
#2272 = EDGE_CURVE ( 'NONE', #1648, #1611, #1371, .T. ) ;
#2273 = DIRECTION ( 'NONE',  ( -0.000000000000000000, -0.000000000000000000, 1.000000000000000000 ) ) ;
#2274 = VERTEX_POINT ( 'NONE', #1574 ) ;
#2275 = CARTESIAN_POINT ( 'NONE',  ( -64.11292225281876256, 15.50369302994008258, 12.48730321279971633 ) ) ;
#2276 = ORIENTED_EDGE ( 'NONE', *, *, #2689, .F. ) ;
#2277 = DIRECTION ( 'NONE',  ( 1.000000000000000000, 0.000000000000000000, 0.000000000000000000 ) ) ;
#2278 = AXIS2_PLACEMENT_3D ( 'NONE', #110, #996, #1876 ) ;
#2279 = CARTESIAN_POINT ( 'NONE',  ( 109.4050698236780192, 4.958262728368954875, 7.424360834176366275 ) ) ;
#2280 = EDGE_CURVE ( 'NONE', #1887, #1975, #1605, .T. ) ;
#2281 = DIRECTION ( 'NONE',  ( 0.000000000000000000, 0.000000000000000000, 1.000000000000000000 ) ) ;
#2282 = ORIENTED_EDGE ( 'NONE', *, *, #1320, .F. ) ;
#2283 = EDGE_LOOP ( 'NONE', ( #771, #2618, #1759, #321, #1898, #1668 ) ) ;
#2284 = DIRECTION ( 'NONE',  ( 1.000000000000000000, 0.000000000000000000, 0.000000000000000000 ) ) ;
#2285 = AXIS2_PLACEMENT_3D ( 'NONE', #1351, #909, #469 ) ;
#2286 = CARTESIAN_POINT ( 'NONE',  ( -76.46109302661581353, 7.030604099015652864, 7.500000000000000888 ) ) ;
#2287 = DIRECTION ( 'NONE',  ( -0.000000000000000000, -0.000000000000000000, 1.000000000000000000 ) ) ;
#2288 = LOCAL_TIME ( 18, 24, 49.00000000000000000, #335 ) ;
#2289 = DIRECTION ( 'NONE',  ( -1.000000000000000000, 0.000000000000000000, 0.000000000000000000 ) ) ;
#2290 = ORIENTED_EDGE ( 'NONE', *, *, #2405, .T. ) ;
#2291 = LINE ( 'NONE', #2796, #892 ) ;
#2292 = VERTEX_POINT ( 'NONE', #1121 ) ;
#2293 = DIRECTION ( 'NONE',  ( -0.000000000000000000, -0.000000000000000000, -1.000000000000000000 ) ) ;
#2294 = PLANE ( 'NONE',  #1136 ) ;
#2295 = CARTESIAN_POINT ( 'NONE',  ( 109.6914004960107718, -5.000000000000000000, -7.315232491606949772 ) ) ;
#2296 = VERTEX_POINT ( 'NONE', #226 ) ;
#2297 = VERTEX_POINT ( 'NONE', #1546 ) ;
#2298 = DIRECTION ( 'NONE',  ( -0.000000000000000000, -0.000000000000000000, -1.000000000000000000 ) ) ;
#2300 = FACE_OUTER_BOUND ( 'NONE', #2633, .T. ) ;
#2299 = VECTOR ( 'NONE', #15, 1000.000000000000000 ) ;
#2301 = VECTOR ( 'NONE', #348, 1000.000000000000000 ) ;
#2302 = AXIS2_PLACEMENT_3D ( 'NONE', #2731, #1803, #747 ) ;
#2303 = DIRECTION ( 'NONE',  ( -0.000000000000000000, -0.000000000000000000, -1.000000000000000000 ) ) ;
#2304 = DIRECTION ( 'NONE',  ( 1.000000000000000000, 0.000000000000000000, 0.000000000000000000 ) ) ;
#2305 = ORIENTED_EDGE ( 'NONE', *, *, #227, .T. ) ;
#2306 = DIRECTION ( 'NONE',  ( -0.000000000000000000, 0.000000000000000000, 1.000000000000000000 ) ) ;
#2307 = ORIENTED_EDGE ( 'NONE', *, *, #2332, .T. ) ;
#2308 = CARTESIAN_POINT ( 'NONE',  ( -50.64106462089876004, -14.67330378764590115, 11.50000000000000000 ) ) ;
#2309 = CARTESIAN_POINT ( 'NONE',  ( -77.54431821528368118, 2.159526526605979324, 12.36993840020065960 ) ) ;
#2310 = EDGE_CURVE ( 'NONE', #1476, #380, #473, .T. ) ;
#2311 = AXIS2_PLACEMENT_3D ( 'NONE', #998, #1606, #983 ) ;
#2312 = AXIS2_PLACEMENT_3D ( 'NONE', #114, #698, #555 ) ;
#2313 = ORIENTED_EDGE ( 'NONE', *, *, #1244, .T. ) ;
#2314 = ORIENTED_EDGE ( 'NONE', *, *, #2171, .T. ) ;
#2315 = DIRECTION ( 'NONE',  ( 0.000000000000000000, 0.000000000000000000, 1.000000000000000000 ) ) ;
#2316 = DIRECTION ( 'NONE',  ( 0.000000000000000000, 0.000000000000000000, 1.000000000000000000 ) ) ;
#2317 = CARTESIAN_POINT ( 'NONE',  ( -51.73034269092880066, -12.99596265175504506, 7.500000000000000888 ) ) ;
#2318 = EDGE_CURVE ( 'NONE', #721, #123, #901, .T. ) ;
#2319 = DIRECTION ( 'NONE',  ( 1.000000000000000000, 0.000000000000000000, 0.000000000000000000 ) ) ;
#2320 = ADVANCED_FACE ( 'NONE', ( #2453 ), #1925, .T. ) ;
#2321 = VERTEX_POINT ( 'NONE', #2234 ) ;
#2322 = DIRECTION ( 'NONE',  ( 0.000000000000000000, 0.000000000000000000, 1.000000000000000000 ) ) ;
#2323 = ORIENTED_EDGE ( 'NONE', *, *, #2675, .T. ) ;
#2324 = TOROIDAL_SURFACE ( 'NONE', #1764, 2.000000000000000000, 1.000000000000000000 ) ;
#2325 = CARTESIAN_POINT ( 'NONE',  ( -45.59006792315076950, 3.000000000000000000, 7.500000000000000888 ) ) ;
#2326 = CARTESIAN_POINT ( 'NONE',  ( -61.68039180462715620, 0.000000000000000000, 7.500000000000000000 ) ) ;
#2327 = ORIENTED_EDGE ( 'NONE', *, *, #129, .T. ) ;
#2328 = DATE_TIME_ROLE ( 'classification_date' ) ;
#2329 = EDGE_LOOP ( 'NONE', ( #2661, #2314, #11, #1947 ) ) ;
#2330 = CARTESIAN_POINT ( 'NONE',  ( -58.55214785999048388, 19.75383734424388038, -4.999999999999886313 ) ) ;
#2331 = CARTESIAN_POINT ( 'NONE',  ( -61.68039180462715620, 0.000000000000000000, 11.50000000000000000 ) ) ;
#2332 = EDGE_CURVE ( 'NONE', #405, #1016, #624, .T. ) ;
#2333 = AXIS2_PLACEMENT_3D ( 'NONE', #484, #317, #2086 ) ;
#2334 = VECTOR ( 'NONE', #1236, 1000.000000000000114 ) ;
#2335 = AXIS2_PLACEMENT_3D ( 'NONE', #1868, #556, #2527 ) ;
#2336 = DIRECTION ( 'NONE',  ( 0.000000000000000000, 1.000000000000000000, 0.000000000000000000 ) ) ;
#2337 = EDGE_LOOP ( 'NONE', ( #476, #1541, #2472, #245 ) ) ;
#2338 = CARTESIAN_POINT ( 'NONE',  ( -56.55489337949342854, -15.68372614827075218, 11.66876012631444226 ) ) ;
#2339 = CC_DESIGN_SECURITY_CLASSIFICATION ( #160, ( #1277 ) ) ;
#2340 = EDGE_LOOP ( 'NONE', ( #598, #1623, #179, #2782 ) ) ;
#2341 = DIRECTION ( 'NONE',  ( 0.000000000000000000, 0.000000000000000000, -1.000000000000000000 ) ) ;
#2342 = DIRECTION ( 'NONE',  ( -0.9335804264971995226, 0.3583679495453060970, 0.000000000000000000 ) ) ;
#2343 = ORIENTED_EDGE ( 'NONE', *, *, #1454, .F. ) ;
#2344 = VERTEX_POINT ( 'NONE', #456 ) ;
#2345 = EDGE_CURVE ( 'NONE', #759, #1821, #1354, .T. ) ;
#2346 = ORIENTED_EDGE ( 'NONE', *, *, #1638, .F. ) ;
#2347 = DIRECTION ( 'NONE',  ( -0.000000000000000000, -0.000000000000000000, 1.000000000000000000 ) ) ;
#2348 = CARTESIAN_POINT ( 'NONE',  ( -61.68039180462715620, 0.000000000000000000, 7.500000000000000000 ) ) ;
#2349 = AXIS2_PLACEMENT_3D ( 'NONE', #663, #1760, #2634 ) ;
#2350 = AXIS2_PLACEMENT_3D ( 'NONE', #2825, #1499, #2371 ) ;
#2351 = ADVANCED_FACE ( 'NONE', ( #1328 ), #1132, .T. ) ;
#2352 = CARTESIAN_POINT ( 'NONE',  ( 115.8142876024717793, -0.2903074669104716010, 1.236905398715252735 ) ) ;
#2353 = CARTESIAN_POINT ( 'NONE',  ( -56.26976035085739625, -15.06827074528847632, 12.36993840020068980 ) ) ;
#2354 = CIRCLE ( 'NONE', #585, 3.000000000000002665 ) ;
#2355 = VERTEX_POINT ( 'NONE', #1314 ) ;
#2356 = CARTESIAN_POINT ( 'NONE',  ( -49.43732304649269338, -11.06152192890253616, 11.50000000000000000 ) ) ;
#2357 = DIRECTION ( 'NONE',  ( 1.000000000000000000, 0.000000000000000000, 0.000000000000000000 ) ) ;
#2358 = DIRECTION ( 'NONE',  ( 0.9659258262890689783, 0.2588190451025185190, -0.000000000000000000 ) ) ;
#2359 = VERTEX_POINT ( 'NONE', #1798 ) ;
#2360 = EDGE_CURVE ( 'NONE', #2344, #2486, #1367, .T. ) ;
#2361 = ORIENTED_EDGE ( 'NONE', *, *, #1214, .F. ) ;
#2362 = ADVANCED_FACE ( 'NONE', ( #1586 ), #2464, .F. ) ;
#2363 = ORIENTED_EDGE ( 'NONE', *, *, #1337, .F. ) ;
#2364 = CARTESIAN_POINT ( 'NONE',  ( -76.46109302661581353, 7.030604099015652864, 11.50000000000000000 ) ) ;
#2365 = CARTESIAN_POINT ( 'NONE',  ( 115.8117003794884994, 0.3471558660259015383, -0.1629186501143473631 ) ) ;
#2366 = CYLINDRICAL_SURFACE ( 'NONE', #1085, 3.000000000000002665 ) ;
#2367 = DIRECTION ( 'NONE',  ( 1.000000000000000000, 1.156482317317870344E-15, 0.000000000000000000 ) ) ;
#2368 = EDGE_CURVE ( 'NONE', #1827, #1476, #768, .T. ) ;
#2369 = ADVANCED_FACE ( 'NONE', ( #2693 ), #2614, .T. ) ;
#2370 = DIRECTION ( 'NONE',  ( -0.000000000000000000, 0.000000000000000000, 1.000000000000000000 ) ) ;
#2371 = DIRECTION ( 'NONE',  ( -0.05233595624296030063, -0.9986295347545730561, 0.000000000000000000 ) ) ;
#2372 = CARTESIAN_POINT ( 'NONE',  ( 110.0820163101312090, -5.000000000000000000, -7.211882868803226820 ) ) ;
#2373 = VERTEX_POINT ( 'NONE', #1093 ) ;
#2374 = AXIS2_PLACEMENT_3D ( 'NONE', #2133, #1904, #608 ) ;
#2375 = ORIENTED_EDGE ( 'NONE', *, *, #1583, .F. ) ;
#2376 = ORIENTED_EDGE ( 'NONE', *, *, #2280, .T. ) ;
#2377 = DIRECTION ( 'NONE',  ( 0.000000000000000000, 0.000000000000000000, 1.000000000000000000 ) ) ;
#2378 = CARTESIAN_POINT ( 'NONE',  ( 115.8117212055653198, 0.3467336150758127400, -1.179966852820852230 ) ) ;
#2379 = CLOSED_SHELL ( 'NONE', ( #2034, #2262, #1807, #1765, #497, #2555, #221, #579, #1228, #96, #2351, #1022, #1534, #717, #2648, #1683, #597, #2105, #1675, #5, #2834, #1071, #1137, #2448, #1625, #1159, #143, #2155, #925, #2749, #2440, #2450, #1750, #586, #347, #2226, #1081, #385, #2822, #2238, #808, #351, #904, #785, #2532, #678, #2135, #1149, #1496, #2512, #2772, #829, #2362, #999, #855, #905, #1834, #2701, #2623, #1031, #2144, #715, #1405, #1450, #1938, #1736, #485, #2369, #1232, #2093, #600, #95, #1377, #2157, #297, #1192, #2320, #898, #949, #811, #304, #2656, #31, #1613, #763, #1098, #1681, #1033, #249 ) ) ;
#2380 = CIRCLE ( 'NONE', #754, 17.50000000000012790 ) ;
#2381 = CARTESIAN_POINT ( 'NONE',  ( -55.85500217288211644, -14.36366372616531883, 12.50000000000000000 ) ) ;
#2382 = CARTESIAN_POINT ( 'NONE',  ( -74.83598072269269608, 8.196369941557748007, 12.50000000000000000 ) ) ;
#2383 = DIRECTION ( 'NONE',  ( 0.000000000000000000, -0.000000000000000000, -1.000000000000000000 ) ) ;
#2384 = CARTESIAN_POINT ( 'NONE',  ( -76.94134162413159572, 2.711717279985081497, 12.50000000000000000 ) ) ;
#2385 = ORIENTED_EDGE ( 'NONE', *, *, #1374, .F. ) ;
#2386 = ORIENTED_EDGE ( 'NONE', *, *, #257, .F. ) ;
#2387 = ORIENTED_EDGE ( 'NONE', *, *, #2859, .T. ) ;
#2388 = CARTESIAN_POINT ( 'NONE',  ( -61.68039180462715620, 0.000000000000000000, -4.999999999999886313 ) ) ;
#2389 = MANIFOLD_SOLID_BREP ( 'Boss-Extrude5', #2379 ) ;
#2390 = CARTESIAN_POINT ( 'NONE',  ( 115.8014806378857600, 0.5211379526710822052, -0.8285591281576412115 ) ) ;
#2391 = DIRECTION ( 'NONE',  ( 0.6293203910498461617, 0.7771459614569637964, 0.000000000000000000 ) ) ;
#2392 = AXIS2_PLACEMENT_3D ( 'NONE', #2014, #1344, #2223 ) ;
#2393 = CARTESIAN_POINT ( 'NONE',  ( 113.9097781391223236, 5.000000000000000000, 5.000000000000222045 ) ) ;
#2394 = DIRECTION ( 'NONE',  ( 1.000000000000000000, 0.000000000000000000, 0.000000000000000000 ) ) ;
#2395 = CARTESIAN_POINT ( 'NONE',  ( 128.2304804565601444, 5.000000000000000000, -0.6711734656911403363 ) ) ;
#2396 = ORIENTED_EDGE ( 'NONE', *, *, #2009, .T. ) ;
#2397 = CARTESIAN_POINT ( 'NONE',  ( 113.9097781391223236, 5.000000000000000000, -4.999999999999886313 ) ) ;
#2398 = ORIENTED_EDGE ( 'NONE', *, *, #257, .T. ) ;
#2399 = EDGE_CURVE ( 'NONE', #1169, #2344, #3, .T. ) ;
#2400 = DIRECTION ( 'NONE',  ( 0.000000000000000000, 0.000000000000000000, 1.000000000000000000 ) ) ;
#2401 = CIRCLE ( 'NONE', #1520, 3.000000000000002665 ) ;
#2402 = CARTESIAN_POINT ( 'NONE',  ( -46.24576256814913933, 5.447085729384788522, 11.50000000000000000 ) ) ;
#2403 = AXIS2_PLACEMENT_3D ( 'NONE', #1878, #777, #2541 ) ;
#2404 = DIRECTION ( 'NONE',  ( 0.000000000000000000, 0.000000000000000000, -1.000000000000000000 ) ) ;
#2405 = EDGE_CURVE ( 'NONE', #978, #2773, #169, .T. ) ;
#2406 = CARTESIAN_POINT ( 'NONE',  ( -75.04567006614981040, 9.675708604131786572, 11.66876012631441739 ) ) ;
#2407 = LINE ( 'NONE', #1335, #1470 ) ;
#2408 = AXIS2_PLACEMENT_3D ( 'NONE', #1066, #1300, #2539 ) ;
#2409 = ORIENTED_EDGE ( 'NONE', *, *, #1045, .F. ) ;
#2410 = DIRECTION ( 'NONE',  ( 0.000000000000000000, 0.000000000000000000, 1.000000000000000000 ) ) ;
#2411 = VERTEX_POINT ( 'NONE', #547 ) ;
#2412 = DIRECTION ( 'NONE',  ( -0.000000000000000000, -0.000000000000000000, -1.000000000000000000 ) ) ;
#2413 = CARTESIAN_POINT ( 'NONE',  ( 109.6425144765294135, -4.821816978202082105, -7.500000000000000000 ) ) ;
#2414 = AXIS2_PLACEMENT_3D ( 'NONE', #1260, #1302, #2184 ) ;
#2415 = DIRECTION ( 'NONE',  ( 0.000000000000000000, 0.000000000000000000, -1.000000000000000000 ) ) ;
#2416 = CARTESIAN_POINT ( 'NONE',  ( -44.31391091557100737, 5.964723819589806908, 11.50000000000000000 ) ) ;
#2417 = LINE ( 'NONE', #2430, #2574 ) ;
#2418 = AXIS2_PLACEMENT_3D ( 'NONE', #1035, #2116, #2590 ) ;
#2419 = ORIENTED_EDGE ( 'NONE', *, *, #594, .F. ) ;
#2420 = DIRECTION ( 'NONE',  ( -0.000000000000000000, 0.000000000000000000, 1.000000000000000000 ) ) ;
#2421 = ORIENTED_EDGE ( 'NONE', *, *, #922, .F. ) ;
#2422 = DIRECTION ( 'NONE',  ( -0.000000000000000000, -1.000000000000000000, -0.000000000000000000 ) ) ;
#2423 = DIRECTION ( 'NONE',  ( -0.000000000000000000, -1.000000000000000000, -0.000000000000000000 ) ) ;
#2424 = AXIS2_PLACEMENT_3D ( 'NONE', #290, #710, #1601 ) ;
#2425 = EDGE_CURVE ( 'NONE', #758, #1999, #1744, .T. ) ;
#2426 = DIRECTION ( 'NONE',  ( 1.000000000000000000, 0.000000000000000000, 0.000000000000000000 ) ) ;
#2427 = EDGE_CURVE ( 'NONE', #961, #1792, #1600, .T. ) ;
#2428 = CARTESIAN_POINT ( 'NONE',  ( 128.2304804565601444, 5.000000000000000000, -0.6711734656911403363 ) ) ;
#2429 = FACE_OUTER_BOUND ( 'NONE', #177, .T. ) ;
#2430 = CARTESIAN_POINT ( 'NONE',  ( -47.37694298443796725, 8.225652062191089797, 7.500000000000000888 ) ) ;
#2431 = AXIS2_PLACEMENT_3D ( 'NONE', #1761, #1560, #2439 ) ;
#2432 = ORIENTED_EDGE ( 'NONE', *, *, #1939, .T. ) ;
#2433 = CARTESIAN_POINT ( 'NONE',  ( 115.8182836135011939, 0.1560800073596776139, 0.02366876038687172265 ) ) ;
#2434 = VECTOR ( 'NONE', #2222, 1000.000000000000000 ) ;
#2435 = VECTOR ( 'NONE', #2189, 1000.000000000000000 ) ;
#2436 = ORIENTED_EDGE ( 'NONE', *, *, #991, .T. ) ;
#2437 = CIRCLE ( 'NONE', #1637, 450.0000000000000568 ) ;
#2438 = CARTESIAN_POINT ( 'NONE',  ( 115.8196081953728509, 5.000000000000000000, 1.678344963007560864E-13 ) ) ;
#2439 = DIRECTION ( 'NONE',  ( -0.05233595624296030063, -0.9986295347545730561, 0.000000000000000000 ) ) ;
#2440 = ADVANCED_FACE ( 'NONE', ( #1630 ), #1380, .F. ) ;
#2441 = EDGE_CURVE ( 'NONE', #1919, #1632, #2161, .T. ) ;
#2442 = CARTESIAN_POINT ( 'NONE',  ( -45.59006792315076950, 3.000000000000000000, 12.50000000000000000 ) ) ;
#2443 = CIRCLE ( 'NONE', #446, 20.00000000000000355 ) ;
#2444 = FACE_OUTER_BOUND ( 'NONE', #454, .T. ) ;
#2445 = CIRCLE ( 'NONE', #2403, 3.785496316990467847 ) ;
#2446 = CARTESIAN_POINT ( 'NONE',  ( -76.46109302661581353, 7.030604099015652864, 11.50000000000000000 ) ) ;
#2447 = ORIENTED_EDGE ( 'NONE', *, *, #1241, .T. ) ;
#2448 = ADVANCED_FACE ( 'NONE', ( #2710 ), #2294, .T. ) ;
#2449 = CARTESIAN_POINT ( 'NONE',  ( -46.24576256814913933, 5.447085729384788522, 11.50000000000000000 ) ) ;
#2450 = ADVANCED_FACE ( 'NONE', ( #1006 ), #2087, .T. ) ;
#2451 = ORIENTED_EDGE ( 'NONE', *, *, #1955, .T. ) ;
#2452 = EDGE_LOOP ( 'NONE', ( #2123, #194, #988, #468 ) ) ;
#2453 = FACE_OUTER_BOUND ( 'NONE', #1336, .T. ) ;
#2454 = DIRECTION ( 'NONE',  ( 0.000000000000000000, 0.000000000000000000, 1.000000000000000000 ) ) ;
#2455 = DIRECTION ( 'NONE',  ( -0.000000000000000000, -0.000000000000000000, -1.000000000000000000 ) ) ;
#2456 = CARTESIAN_POINT ( 'NONE',  ( -56.68039180462715620, 0.000000000000000000, -7.500000000000000000 ) ) ;
#2457 = CYLINDRICAL_SURFACE ( 'NONE', #831, 3.785496316990467847 ) ;
#2458 = CARTESIAN_POINT ( 'NONE',  ( 128.2304804565601444, 5.000000000000000000, -20.67117346569115810 ) ) ;
#2459 = ORIENTED_EDGE ( 'NONE', *, *, #2047, .T. ) ;
#2460 = CARTESIAN_POINT ( 'NONE',  ( 115.8047647416737220, 0.4799708320609396006, 0.3569845069810321236 ) ) ;
#2461 = ORIENTED_EDGE ( 'NONE', *, *, #2018, .F. ) ;
#2462 = DIRECTION ( 'NONE',  ( -0.000000000000000000, -0.000000000000000000, -1.000000000000000000 ) ) ;
#2463 = AXIS2_PLACEMENT_3D ( 'NONE', #1672, #2517, #1190 ) ;
#2464 = PLANE ( 'NONE',  #2851 ) ;
#2465 = VECTOR ( 'NONE', #2613, 1000.000000000000000 ) ;
#2466 = PLANE ( 'NONE',  #1462 ) ;
#2467 = EDGE_CURVE ( 'NONE', #1007, #360, #2112, .T. ) ;
#2468 = CARTESIAN_POINT ( 'NONE',  ( -72.93438151286063942, -11.88470606526655793, 7.500000000000000888 ) ) ;
#2469 = CARTESIAN_POINT ( 'NONE',  ( -57.56137782913938139, 16.22985835990198211, 11.50000000000000000 ) ) ;
#2470 = DIRECTION ( 'NONE',  ( 0.000000000000000000, -0.000000000000000000, -1.000000000000000000 ) ) ;
#2471 = DIRECTION ( 'NONE',  ( -0.000000000000000000, -1.000000000000000000, -0.000000000000000000 ) ) ;
#2472 = ORIENTED_EDGE ( 'NONE', *, *, #1472, .F. ) ;
#2473 = FACE_OUTER_BOUND ( 'NONE', #649, .T. ) ;
#2474 = VERTEX_POINT ( 'NONE', #2490 ) ;
#2475 = CARTESIAN_POINT ( 'NONE',  ( 128.2304804565601444, -5.000000000000000000, -0.6711734656911403363 ) ) ;
#2476 = CARTESIAN_POINT ( 'NONE',  ( 0.000000000000000000, 0.000000000000000000, 7.500000000000000000 ) ) ;
#2477 = DIRECTION ( 'NONE',  ( 1.000000000000000000, -2.312964634635740689E-15, 0.000000000000000000 ) ) ;
#2478 = AXIS2_PLACEMENT_3D ( 'NONE', #2169, #2400, #182 ) ;
#2479 = EDGE_CURVE ( 'NONE', #307, #790, #234, .T. ) ;
#2480 = CARTESIAN_POINT ( 'NONE',  ( -45.67764254388321632, 0.4894694393740054439, 12.36994125422456925 ) ) ;
#2481 = CYLINDRICAL_SURFACE ( 'NONE', #956, 3.000000000000002665 ) ;
#2482 = FACE_OUTER_BOUND ( 'NONE', #164, .T. ) ;
#2483 = CARTESIAN_POINT ( 'NONE',  ( -70.96555249910856844, -13.47903236469408661, 11.50000000000000000 ) ) ;
#2484 = EDGE_CURVE ( 'NONE', #1211, #2569, #1879, .T. ) ;
#2485 = CIRCLE ( 'NONE', #1198, 7.500000000000007105 ) ;
#2486 = VERTEX_POINT ( 'NONE', #517 ) ;
#2487 = EDGE_CURVE ( 'NONE', #2090, #558, #193, .T. ) ;
#2488 = ORIENTED_EDGE ( 'NONE', *, *, #1261, .T. ) ;
#2489 = DIRECTION ( 'NONE',  ( -0.5446390350150182025, 0.8386705679454299345, 0.000000000000000000 ) ) ;
#2490 = CARTESIAN_POINT ( 'NONE',  ( -44.31391091557100737, 5.964723819589806908, 12.50000000000000000 ) ) ;
#2491 = PERSON_AND_ORGANIZATION_ROLE ( 'design_owner' ) ;
#2492 = ORIENTED_EDGE ( 'NONE', *, *, #374, .F. ) ;
#2493 = VERTEX_POINT ( 'NONE', #486 ) ;
#2494 = DIRECTION ( 'NONE',  ( 0.000000000000000000, -0.000000000000000000, -1.000000000000000000 ) ) ;
#2495 = CARTESIAN_POINT ( 'NONE',  ( 134.0478231524209320, 5.000000000000000000, -11.65474064869100701 ) ) ;
#2496 = CYLINDRICAL_SURFACE ( 'NONE', #1340, 5.000000000000004441 ) ;
#2497 = CIRCLE ( 'NONE', #1262, 1.000000000000001776 ) ;
#2498 = CARTESIAN_POINT ( 'NONE',  ( 109.3915343322536984, 5.000000000000000000, 7.386388199821295686 ) ) ;
#2499 = ORIENTED_EDGE ( 'NONE', *, *, #1593, .F. ) ;
#2500 = DIRECTION ( 'NONE',  ( -0.000000000000000000, -0.000000000000000000, 1.000000000000000000 ) ) ;
#2501 = ORIENTED_EDGE ( 'NONE', *, *, #1122, .F. ) ;
#2502 = DIRECTION ( 'NONE',  ( -0.8386705679454272699, -0.5446390350150221993, -0.000000000000000000 ) ) ;
#2503 = DIRECTION ( 'NONE',  ( 1.000000000000000000, 7.083454193571956254E-15, 0.000000000000000000 ) ) ;
#2504 = ADVANCED_BREP_SHAPE_REPRESENTATION ( 'Part3_Default_sldprt', ( #2389, #809 ), #941 ) ;
#2505 = ORIENTED_EDGE ( 'NONE', *, *, #1516, .T. ) ;
#2506 = ORIENTED_EDGE ( 'NONE', *, *, #129, .F. ) ;
#2507 = CARTESIAN_POINT ( 'NONE',  ( -72.85351367225811714, -15.81047024906495935, 7.500000000000000888 ) ) ;
#2508 = AXIS2_PLACEMENT_3D ( 'NONE', #1508, #399, #2367 ) ;
#2509 = CARTESIAN_POINT ( 'NONE',  ( 109.8127092017415976, 4.999999999999999112, -7.298100631573388952 ) ) ;
#2510 = CARTESIAN_POINT ( 'NONE',  ( -56.60834420425452151, 15.70109337401552274, 11.66876121442356151 ) ) ;
#2511 = LOCAL_TIME ( 18, 24, 49.00000000000000000, #366 ) ;
#2512 = ADVANCED_FACE ( 'NONE', ( #120 ), #2741, .T. ) ;
#2513 = CARTESIAN_POINT ( 'NONE',  ( 128.2304804565601444, 5.000000000000000000, -20.67117346569115810 ) ) ;
#2514 = VERTEX_POINT ( 'NONE', #1412 ) ;
#2515 = LINE ( 'NONE', #1441, #1167 ) ;
#2516 = EDGE_LOOP ( 'NONE', ( #2451, #1210, #908, #1171, #1728 ) ) ;
#2517 = DIRECTION ( 'NONE',  ( 0.000000000000000000, 0.000000000000000000, 1.000000000000000000 ) ) ;
#2518 = DIRECTION ( 'NONE',  ( 1.000000000000000000, 0.000000000000000000, 0.000000000000000000 ) ) ;
#2519 = APPROVAL_ROLE ( '' ) ;
#2520 = ORIENTED_EDGE ( 'NONE', *, *, #2003, .F. ) ;
#2521 = ORIENTED_EDGE ( 'NONE', *, *, #2865, .T. ) ;
#2522 = CARTESIAN_POINT ( 'NONE',  ( -61.68039180462715620, 0.000000000000000000, 12.50000000000000000 ) ) ;
#2523 = LINE ( 'NONE', #1012, #551 ) ;
#2524 = EDGE_CURVE ( 'NONE', #1259, #2167, #1156, .T. ) ;
#2525 = EDGE_CURVE ( 'NONE', #954, #1243, #2173, .T. ) ;
#2526 = DIRECTION ( 'NONE',  ( 0.000000000000000000, 0.000000000000000000, 1.000000000000000000 ) ) ;
#2527 = DIRECTION ( 'NONE',  ( 0.000000000000000000, 0.000000000000000000, -1.000000000000000000 ) ) ;
#2528 = ORIENTED_EDGE ( 'NONE', *, *, #1374, .T. ) ;
#2529 = CARTESIAN_POINT ( 'NONE',  ( -65.08344303553997179, 16.14525448296751975, 11.66876012631442094 ) ) ;
#2530 = VERTEX_POINT ( 'NONE', #136 ) ;
#2531 = CARTESIAN_POINT ( 'NONE',  ( -75.04567006614981040, 9.675708604131786572, 7.500000000000000888 ) ) ;
#2532 = ADVANCED_FACE ( 'NONE', ( #2566 ), #817, .T. ) ;
#2533 = CARTESIAN_POINT ( 'NONE',  ( -77.17697333521724090, 2.477430687984386815, 12.48730321279971811 ) ) ;
#2534 = EDGE_LOOP ( 'NONE', ( #2421, #962, #2089, #527 ) ) ;
#2535 = APPROVAL_ROLE ( '' ) ;
#2536 = CIRCLE ( 'NONE', #2073, 3.000000000000002665 ) ;
#2537 = EDGE_LOOP ( 'NONE', ( #2376, #945, #611, #2035 ) ) ;
#2538 = FACE_OUTER_BOUND ( 'NONE', #1375, .T. ) ;
#2539 = DIRECTION ( 'NONE',  ( 1.000000000000000000, 0.000000000000000000, 0.000000000000000000 ) ) ;
#2540 = AXIS2_PLACEMENT_3D ( 'NONE', #792, #1679, #2553 ) ;
#2541 = DIRECTION ( 'NONE',  ( 0.000000000000000000, 0.000000000000000000, 1.000000000000000000 ) ) ;
#2542 = EDGE_LOOP ( 'NONE', ( #1908, #1514, #1702, #2151 ) ) ;
#2543 = DIRECTION ( 'NONE',  ( 1.000000000000000000, 0.000000000000000000, 0.000000000000000000 ) ) ;
#2544 = EDGE_CURVE ( 'NONE', #954, #2296, #1447, .T. ) ;
#2545 = VERTEX_POINT ( 'NONE', #834 ) ;
#2546 = DIRECTION ( 'NONE',  ( 0.000000000000000000, -0.000000000000000000, -1.000000000000000000 ) ) ;
#2547 = PLANE ( 'NONE',  #2137 ) ;
#2548 = ORIENTED_EDGE ( 'NONE', *, *, #2643, .T. ) ;
#2549 = ORIENTED_EDGE ( 'NONE', *, *, #2740, .F. ) ;
#2550 = VECTOR ( 'NONE', #2570, 1000.000000000000000 ) ;
#2551 = EDGE_LOOP ( 'NONE', ( #1662, #1905, #926, #1271 ) ) ;
#2552 = CARTESIAN_POINT ( 'NONE',  ( -77.36898581851924916, 4.665462514913759406, 11.50000000000000000 ) ) ;
#2553 = DIRECTION ( 'NONE',  ( -1.000000000000000000, 0.000000000000000000, 0.000000000000000000 ) ) ;
#2554 = EDGE_CURVE ( 'NONE', #2243, #2292, #841, .T. ) ;
#2555 = ADVANCED_FACE ( 'NONE', ( #2120 ), #2324, .T. ) ;
#2556 = AXIS2_PLACEMENT_3D ( 'NONE', #724, #2769, #1859 ) ;
#2557 = CIRCLE ( 'NONE', #938, 16.50000000000000000 ) ;
#2558 = EDGE_CURVE ( 'NONE', #2359, #1795, #1952, .T. ) ;
#2559 = CARTESIAN_POINT ( 'NONE',  ( 115.8047682116160217, -0.4798194417605762818, 0.3570471089270359499 ) ) ;
#2560 = CARTESIAN_POINT ( 'NONE',  ( -78.78220027556167793, 6.564769206055959039, 12.50000000000000000 ) ) ;
#2561 = AXIS2_PLACEMENT_3D ( 'NONE', #487, #727, #458 ) ;
#2562 = EDGE_CURVE ( 'NONE', #367, #923, #145, .T. ) ;
#2563 = VERTEX_POINT ( 'NONE', #149 ) ;
#2564 = FACE_OUTER_BOUND ( 'NONE', #2537, .T. ) ;
#2565 = CARTESIAN_POINT ( 'NONE',  ( -61.68039180462715620, 0.000000000000000000, -7.500000000000000000 ) ) ;
#2566 = FACE_OUTER_BOUND ( 'NONE', #2452, .T. ) ;
#2567 = ORIENTED_EDGE ( 'NONE', *, *, #2037, .T. ) ;
#2568 = ORIENTED_EDGE ( 'NONE', *, *, #1532, .F. ) ;
#2569 = VERTEX_POINT ( 'NONE', #786 ) ;
#2570 = DIRECTION ( 'NONE',  ( -0.000000000000000000, -0.000000000000000000, -1.000000000000000000 ) ) ;
#2571 = DIRECTION ( 'NONE',  ( 1.000000000000000000, 0.000000000000000000, 0.000000000000000000 ) ) ;
#2572 = EDGE_CURVE ( 'NONE', #2845, #2630, #97, .T. ) ;
#2573 = CIRCLE ( 'NONE', #2349, 1.000000000000000888 ) ;
#2574 = VECTOR ( 'NONE', #414, 1000.000000000000000 ) ;
#2575 = TOROIDAL_SURFACE ( 'NONE', #73, 15.50000000000000000, 1.000000000000000000 ) ;
#2576 = DIRECTION ( 'NONE',  ( 1.000000000000000000, 0.000000000000000000, 0.000000000000000000 ) ) ;
#2577 = CYLINDRICAL_SURFACE ( 'NONE', #2235, 1.000000000000002887 ) ;
#2578 = EDGE_CURVE ( 'NONE', #101, #1131, #1579, .T. ) ;
#2579 = CARTESIAN_POINT ( 'NONE',  ( -74.89091005481033392, 8.852296886673364895, 12.42226429100453089 ) ) ;
#2580 = CARTESIAN_POINT ( 'NONE',  ( 115.8196081953728509, -5.637851296924623057E-14, 1.678344963007560864E-13 ) ) ;
#2581 = DIRECTION ( 'NONE',  ( 1.000000000000000000, 1.734723475976805517E-15, 0.000000000000000000 ) ) ;
#2582 = VERTEX_POINT ( 'NONE', #1039 ) ;
#2583 = APPROVAL_DATE_TIME ( #1888, #437 ) ;
#2584 = EDGE_LOOP ( 'NONE', ( #1598, #1108, #2690, #2816 ) ) ;
#2585 = VERTEX_POINT ( 'NONE', #377 ) ;
#2586 = CARTESIAN_POINT ( 'NONE',  ( -47.57686969474320904, 7.577481661497879273, 12.36994125422456925 ) ) ;
#2587 = AXIS2_PLACEMENT_3D ( 'NONE', #280, #98, #1437 ) ;
#2588 = AXIS2_PLACEMENT_3D ( 'NONE', #1432, #2298, #2109 ) ;
#2589 = FACE_OUTER_BOUND ( 'NONE', #743, .T. ) ;
#2590 = DIRECTION ( 'NONE',  ( 1.000000000000000000, 0.000000000000000000, 0.000000000000000000 ) ) ;
#2591 = CARTESIAN_POINT ( 'NONE',  ( -50.11555048085548947, -11.07167599735037378, 12.36994125422458168 ) ) ;
#2592 = CARTESIAN_POINT ( 'NONE',  ( -66.68039180462716331, 6.123233995736772199E-16, -7.500000000000000000 ) ) ;
#2593 = DIRECTION ( 'NONE',  ( 0.3583679495453076513, 0.9335804264971990785, -0.000000000000000000 ) ) ;
#2594 = ORIENTED_EDGE ( 'NONE', *, *, #1013, .T. ) ;
#2595 = VECTOR ( 'NONE', #1735, 1000.000000000000114 ) ;
#2596 = ORIENTED_EDGE ( 'NONE', *, *, #557, .F. ) ;
#2597 = ORIENTED_EDGE ( 'NONE', *, *, #453, .F. ) ;
#2598 = DIRECTION ( 'NONE',  ( -0.000000000000000000, -0.000000000000000000, -1.000000000000000000 ) ) ;
#2599 = CIRCLE ( 'NONE', #1961, 1002.500000000000000 ) ;
#2600 = AXIS2_PLACEMENT_3D ( 'NONE', #1104, #2420, #12 ) ;
#2601 = CARTESIAN_POINT ( 'NONE',  ( -68.69488776310618050, -14.27157311079299262, 12.42226429100454510 ) ) ;
#2602 = EDGE_CURVE ( 'NONE', #2274, #336, #2497, .T. ) ;
#2603 = CARTESIAN_POINT ( 'NONE',  ( -74.96474516037235958, 9.298165365205795396, 12.21125264017291379 ) ) ;
#2604 = CARTESIAN_POINT ( 'NONE',  ( -56.60834420425452862, 15.70109337401552629, 11.50000000000000000 ) ) ;
#2605 = DIRECTION ( 'NONE',  ( 1.000000000000000000, 0.000000000000000000, 0.000000000000000000 ) ) ;
#2606 = ORIENTED_EDGE ( 'NONE', *, *, #395, .F. ) ;
#2607 = DIRECTION ( 'NONE',  ( -0.000000000000000000, -1.000000000000000000, -0.000000000000000000 ) ) ;
#2608 = ORIENTED_EDGE ( 'NONE', *, *, #2259, .T. ) ;
#2609 = ORIENTED_EDGE ( 'NONE', *, *, #1762, .F. ) ;
#2610 = CARTESIAN_POINT ( 'NONE',  ( -47.49688988565130643, 7.858631790490256286, 12.21125592503879886 ) ) ;
#2611 = CARTESIAN_POINT ( 'NONE',  ( -59.40436996041054130, 19.22574696416570816, 11.50000000000000000 ) ) ;
#2612 = EDGE_CURVE ( 'NONE', #301, #835, #1072, .T. ) ;
#2613 = DIRECTION ( 'NONE',  ( 0.7771459614569662389, -0.6293203910498432752, 0.000000000000000000 ) ) ;
#2614 = TOROIDAL_SURFACE ( 'NONE', #1515, 15.50000000000000000, 1.000000000000000000 ) ;
#2615 = CARTESIAN_POINT ( 'NONE',  ( -61.68039180462715620, 0.000000000000000000, 11.50000000000000000 ) ) ;
#2616 = LINE ( 'NONE', #1768, #1184 ) ;
#2617 = CYLINDRICAL_SURFACE ( 'NONE', #1032, 20.00000000000001066 ) ;
#2618 = ORIENTED_EDGE ( 'NONE', *, *, #1252, .T. ) ;
#2619 = DIRECTION ( 'NONE',  ( -1.000000000000000000, 0.000000000000000000, 0.000000000000000000 ) ) ;
#2620 = AXIS2_PLACEMENT_3D ( 'NONE', #2416, #881, #34 ) ;
#2621 = ORIENTED_EDGE ( 'NONE', *, *, #1113, .F. ) ;
#2622 = B_SPLINE_CURVE_WITH_KNOTS ( 'NONE', 3,
 ( #400, #1902, #1268, #1280, #2591, #1956, #2798, #1913, #832, #2356 ),
 .UNSPECIFIED., .F., .F.,
 ( 4, 2, 2, 2, 4 ),
 ( -6.578102695094923485E-06, 0.0004905520520395636325, 0.0009876822067742222367, 0.001484812361508880841, 0.001981942516243539662 ),
 .UNSPECIFIED. ) ;
#2623 = ADVANCED_FACE ( 'NONE', ( #1297 ), #2150, .T. ) ;
#2624 = DIRECTION ( 'NONE',  ( 0.000000000000000000, 0.000000000000000000, 1.000000000000000000 ) ) ;
#2625 = AXIS2_PLACEMENT_3D ( 'NONE', #628, #1498, #1473 ) ;
#2626 = AXIS2_PLACEMENT_3D ( 'NONE', #1891, #2315, #1213 ) ;
#2627 = CARTESIAN_POINT ( 'NONE',  ( -61.68039180462715620, 0.000000000000000000, 11.50000000000000000 ) ) ;
#2628 = CARTESIAN_POINT ( 'NONE',  ( -73.86210973794182166, -9.893808677205745639, 12.48730321279972166 ) ) ;
#2629 = CARTESIAN_POINT ( 'NONE',  ( 109.4195683001968717, -4.919598513136079987, -7.464626216780610335 ) ) ;
#2630 = VERTEX_POINT ( 'NONE', #1714 ) ;
#2631 = EDGE_CURVE ( 'NONE', #1287, #346, #1053, .T. ) ;
#2632 = CARTESIAN_POINT ( 'NONE',  ( 115.8182670141508481, 0.1568281062567117301, 1.318364638203097128 ) ) ;
#2633 = EDGE_LOOP ( 'NONE', ( #744, #1633, #1889, #596, #2000 ) ) ;
#2634 = DIRECTION ( 'NONE',  ( 0.000000000000000000, 0.000000000000000000, -1.000000000000000000 ) ) ;
#2635 = DIRECTION ( 'NONE',  ( 0.000000000000000000, 0.000000000000000000, -1.000000000000000000 ) ) ;
#2636 = VECTOR ( 'NONE', #1749, 1000.000000000000000 ) ;
#2637 = ORIENTED_EDGE ( 'NONE', *, *, #2484, .F. ) ;
#2638 = CARTESIAN_POINT ( 'NONE',  ( -45.18041573351722207, 0.02810076154515818436, 11.66876121442357750 ) ) ;
#2639 = EDGE_CURVE ( 'NONE', #2321, #2297, #389, .T. ) ;
#2640 = CIRCLE ( 'NONE', #2278, 3.785496316990467847 ) ;
#2641 = CARTESIAN_POINT ( 'NONE',  ( -53.85503873136794084, -14.37575639365289071, 12.50000000000000000 ) ) ;
#2642 = B_SPLINE_CURVE_WITH_KNOTS ( 'NONE', 3,
 ( #2185, #584, #1059, #1481, #2365, #865, #1290, #2390, #409, #2378, #1937, #1048, #2821, #639 ),
 .UNSPECIFIED., .F., .F.,
 ( 4, 2, 2, 2, 2, 2, 4 ),
 ( 5.904954915327852652E-17, 0.0002343994192991823871, 0.0004687988385983056852, 0.0009375976771965528235, 0.001406396515794799745, 0.001640795935093923314, 0.001875195354393046883 ),
 .UNSPECIFIED. ) ;
#2643 = EDGE_CURVE ( 'NONE', #803, #2074, #979, .T. ) ;
#2644 = CARTESIAN_POINT ( 'NONE',  ( 115.8182713898830514, -0.1566287198103279710, -1.318446961339588830 ) ) ;
#2645 = CARTESIAN_POINT ( 'NONE',  ( 109.3941714936403997, -5.000000000000000000, -7.393781936621866890 ) ) ;
#2646 = CIRCLE ( 'NONE', #1404, 5.000000000000004441 ) ;
#2647 = EDGE_LOOP ( 'NONE', ( #49, #2130 ) ) ;
#2648 = ADVANCED_FACE ( 'NONE', ( #1076 ), #2547, .T. ) ;
#2649 = LINE ( 'NONE', #1988, #613 ) ;
#2650 = ORIENTED_EDGE ( 'NONE', *, *, #2562, .F. ) ;
#2651 = CARTESIAN_POINT ( 'NONE',  ( 113.2681877705310001, -5.000000000000000888, 5.478213225960006483 ) ) ;
#2652 = CYLINDRICAL_SURFACE ( 'NONE', #666, 3.785496316990466070 ) ;
#2653 = LOCAL_TIME ( 18, 24, 49.00000000000000000, #757 ) ;
#2654 = LINE ( 'NONE', #277, #1148 ) ;
#2655 = B_SPLINE_CURVE_WITH_KNOTS ( 'NONE', 3,
 ( #2216, #480, #2644, #2020, #1754, #687, #9, #2867, #657, #671, #1321, #218, #701, #1779 ),
 .UNSPECIFIED., .F., .F.,
 ( 4, 2, 2, 2, 2, 2, 4 ),
 ( 0.001875195354393046883, 0.002109594773692178259, 0.002343994192991309851, 0.002812793031589571734, 0.003281591870187833184, 0.003515991289486963475, 0.003750390708786093766 ),
 .UNSPECIFIED. ) ;
#2656 = ADVANCED_FACE ( 'NONE', ( #1524 ), #2617, .T. ) ;
#2657 = EDGE_CURVE ( 'NONE', #2344, #1259, #372, .T. ) ;
#2658 = DIRECTION ( 'NONE',  ( 1.000000000000000000, 0.000000000000000000, 0.000000000000000000 ) ) ;
#2659 = CARTESIAN_POINT ( 'NONE',  ( 97.86004937184274866, 1007.445704556437590, -4.999999999999886313 ) ) ;
#2660 = AXIS2_PLACEMENT_3D ( 'NONE', #875, #887, #2635 ) ;
#2661 = ORIENTED_EDGE ( 'NONE', *, *, #2524, .T. ) ;
#2662 = DIRECTION ( 'NONE',  ( 0.000000000000000000, 0.000000000000000000, 1.000000000000000000 ) ) ;
#2663 = ORIENTED_EDGE ( 'NONE', *, *, #428, .F. ) ;
#2664 = VECTOR ( 'NONE', #310, 1000.000000000000000 ) ;
#2665 = FACE_OUTER_BOUND ( 'NONE', #1206, .T. ) ;
#2666 = DIRECTION ( 'NONE',  ( 0.000000000000000000, 0.000000000000000000, 1.000000000000000000 ) ) ;
#2667 = CARTESIAN_POINT ( 'NONE',  ( -43.59006792315076950, 3.000000000000000000, 12.50000000000000000 ) ) ;
#2668 = CARTESIAN_POINT ( 'NONE',  ( -56.56137782913938139, 16.22985835990198211, 7.500000000000000888 ) ) ;
#2669 = FACE_OUTER_BOUND ( 'NONE', #2139, .T. ) ;
#2670 = AXIS2_PLACEMENT_3D ( 'NONE', #2007, #231, #2686 ) ;
#2671 = CIRCLE ( 'NONE', #1106, 16.50000000000000000 ) ;
#2672 = FACE_OUTER_BOUND ( 'NONE', #1178, .T. ) ;
#2673 = CIRCLE ( 'NONE', #183, 2.000000000000001776 ) ;
#2674 = CARTESIAN_POINT ( 'NONE',  ( 137.5913932383248266, 5.000000000000000000, 18.34525935130894680 ) ) ;
#2675 = EDGE_CURVE ( 'NONE', #861, #350, #2734, .T. ) ;
#2676 = ORIENTED_EDGE ( 'NONE', *, *, #732, .F. ) ;
#2677 = CARTESIAN_POINT ( 'NONE',  ( 115.8116888745308160, 0.3473990899489916573, 1.179149680349498075 ) ) ;
#2678 = ORIENTED_EDGE ( 'NONE', *, *, #1123, .F. ) ;
#2679 = AXIS2_PLACEMENT_3D ( 'NONE', #1231, #1960, #2111 ) ;
#2680 = FACE_OUTER_BOUND ( 'NONE', #660, .T. ) ;
#2681 = FACE_OUTER_BOUND ( 'NONE', #235, .T. ) ;
#2682 = CARTESIAN_POINT ( 'NONE',  ( -76.46109302661581353, 7.030604099015652864, 7.500000000000000888 ) ) ;
#2683 = CARTESIAN_POINT ( 'NONE',  ( -46.11780108130237466, 0.9708970541598934689, 12.49999999999999645 ) ) ;
#2684 = CARTESIAN_POINT ( 'NONE',  ( -61.68039180462715620, 0.000000000000000000, 7.500000000000000000 ) ) ;
#2685 = DIRECTION ( 'NONE',  ( 1.000000000000000000, 0.000000000000000000, 0.000000000000000000 ) ) ;
#2686 = DIRECTION ( 'NONE',  ( 1.000000000000000000, 0.000000000000000000, 0.000000000000000000 ) ) ;
#2687 = EDGE_LOOP ( 'NONE', ( #1217, #545, #1558, #1130, #429, #1446, #2282, #67, #22, #2156, #1325, #2803, #1718, #772, #1568, #1237, #563, #846, #729 ) ) ;
#2688 = CARTESIAN_POINT ( 'NONE',  ( -72.93438151286063942, -11.88470606526655793, 7.500000000000000888 ) ) ;
#2689 = EDGE_CURVE ( 'NONE', #390, #2861, #2642, .T. ) ;
#2690 = ORIENTED_EDGE ( 'NONE', *, *, #463, .F. ) ;
#2691 = DIRECTION ( 'NONE',  ( 0.000000000000000000, 0.000000000000000000, -1.000000000000000000 ) ) ;
#2692 = CIRCLE ( 'NONE', #851, 17.50000000000012790 ) ;
#2693 = FACE_OUTER_BOUND ( 'NONE', #1283, .T. ) ;
#2694 = CIRCLE ( 'NONE', #2600, 17.50000000000012790 ) ;
#2695 = DIRECTION ( 'NONE',  ( 0.000000000000000000, 0.000000000000000000, 1.000000000000000000 ) ) ;
#2696 = VECTOR ( 'NONE', #2764, 1000.000000000000000 ) ;
#2697 = VERTEX_POINT ( 'NONE', #853 ) ;
#2698 = DIRECTION ( 'NONE',  ( 1.000000000000000000, 0.000000000000000000, 0.000000000000000000 ) ) ;
#2699 = VECTOR ( 'NONE', #248, 999.9999999999998863 ) ;
#2700 = CARTESIAN_POINT ( 'NONE',  ( 97.86004937184274866, 1007.445704556437590, 5.000000000000219380 ) ) ;
#2701 = ADVANCED_FACE ( 'NONE', ( #1922 ), #1493, .T. ) ;
#2702 = EDGE_CURVE ( 'NONE', #2585, #1341, #839, .T. ) ;
#2703 = DIRECTION ( 'NONE',  ( 1.000000000000000000, 0.000000000000000000, 0.000000000000000000 ) ) ;
#2704 = CARTESIAN_POINT ( 'NONE',  ( -74.83598072269269608, 8.196369941557748007, 12.50000000000000000 ) ) ;
#2705 = ORIENTED_EDGE ( 'NONE', *, *, #1516, .F. ) ;
#2706 = CARTESIAN_POINT ( 'NONE',  ( -65.08344303553997179, 16.14525448296751620, 11.50000000000000000 ) ) ;
#2707 = ORIENTED_EDGE ( 'NONE', *, *, #285, .T. ) ;
#2708 = CARTESIAN_POINT ( 'NONE',  ( -79.18039180462729121, 0.000000000000000000, 7.500000000000000000 ) ) ;
#2709 = VECTOR ( 'NONE', #1522, 1000.000000000000000 ) ;
#2710 = FACE_OUTER_BOUND ( 'NONE', #1715, .T. ) ;
#2711 = PERSON_AND_ORGANIZATION ( #670, #1550 ) ;
#2712 = CONICAL_SURFACE ( 'NONE', #481, 20.00000000000000355, 0.7853981633974004284 ) ;
#2713 = AXIS2_PLACEMENT_3D ( 'NONE', #1893, #981, #2619 ) ;
#2714 = ORIENTED_EDGE ( 'NONE', *, *, #142, .T. ) ;
#2715 = ORIENTED_EDGE ( 'NONE', *, *, #732, .T. ) ;
#2716 = CARTESIAN_POINT ( 'NONE',  ( -61.68039180462715620, 0.000000000000000000, 11.50000000000000000 ) ) ;
#2717 = PLANE ( 'NONE',  #55 ) ;
#2718 = CIRCLE ( 'NONE', #1010, 15.50000000000000000 ) ;
#2719 = CARTESIAN_POINT ( 'NONE',  ( 128.2304804565601444, 5.000000000000000000, 0.6711734656911403363 ) ) ;
#2720 = CYLINDRICAL_SURFACE ( 'NONE', #1816, 3.000000000000002665 ) ;
#2721 = VECTOR ( 'NONE', #1984, 1000.000000000000000 ) ;
#2722 = ORIENTED_EDGE ( 'NONE', *, *, #1920, .T. ) ;
#2723 = DIRECTION ( 'NONE',  ( 0.007340967714481343338, -0.7070686743117444717, -0.7071067811865809905 ) ) ;
#2724 = ORIENTED_EDGE ( 'NONE', *, *, #1368, .T. ) ;
#2725 = DIRECTION ( 'NONE',  ( 0.000000000000000000, 0.000000000000000000, 1.000000000000000000 ) ) ;
#2726 = CARTESIAN_POINT ( 'NONE',  ( 97.86004937184274866, 1007.445704556437590, 7.500000000000000000 ) ) ;
#2727 = DATE_AND_TIME ( #1845, #659 ) ;
#2728 = ORIENTED_EDGE ( 'NONE', *, *, #1745, .T. ) ;
#2729 = ORIENTED_EDGE ( 'NONE', *, *, #1551, .F. ) ;
#2730 = CARTESIAN_POINT ( 'NONE',  ( -53.85503873136794084, -14.37575639365289071, 7.500000000000000888 ) ) ;
#2731 = CARTESIAN_POINT ( 'NONE',  ( -61.68039180462715620, 0.000000000000000000, 7.500000000000000000 ) ) ;
#2732 = EDGE_CURVE ( 'NONE', #2233, #2053, #2159, .T. ) ;
#2733 = DIRECTION ( 'NONE',  ( 1.000000000000000000, 0.000000000000000000, 0.000000000000000000 ) ) ;
#2734 = CIRCLE ( 'NONE', #2271, 1.000000000000000888 ) ;
#2735 = CARTESIAN_POINT ( 'NONE',  ( 128.2304804565601444, 5.000000000000000000, -0.6711734656911403363 ) ) ;
#2736 = VERTEX_POINT ( 'NONE', #2835 ) ;
#2737 = CARTESIAN_POINT ( 'NONE',  ( 108.2417454746021406, 7.499595815556620693, -4.999999999999886313 ) ) ;
#2738 = ORIENTED_EDGE ( 'NONE', *, *, #2643, .F. ) ;
#2739 = LINE ( 'NONE', #2708, #2094 ) ;
#2740 = EDGE_CURVE ( 'NONE', #1654, #2297, #4, .T. ) ;
#2741 = CYLINDRICAL_SURFACE ( 'NONE', #745, 3.000000000000002665 ) ;
#2742 = CIRCLE ( 'NONE', #1094, 20.00000000000001776 ) ;
#2743 = EDGE_CURVE ( 'NONE', #2773, #1131, #601, .T. ) ;
#2744 = ORIENTED_EDGE ( 'NONE', *, *, #2675, .F. ) ;
#2745 = VERTEX_POINT ( 'NONE', #157 ) ;
#2746 = DIRECTION ( 'NONE',  ( 0.000000000000000000, 0.000000000000000000, 1.000000000000000000 ) ) ;
#2747 = LINE ( 'NONE', #1078, #1058 ) ;
#2748 = DIRECTION ( 'NONE',  ( 1.000000000000000000, -1.734723475976805517E-15, 0.000000000000000000 ) ) ;
#2749 = ADVANCED_FACE ( 'NONE', ( #213 ), #2807, .T. ) ;
#2750 = EDGE_CURVE ( 'NONE', #2845, #2486, #2793, .T. ) ;
#2751 = CARTESIAN_POINT ( 'NONE',  ( -58.55214785999048388, 19.75383734424388038, 5.000000000000219380 ) ) ;
#2752 = ORIENTED_EDGE ( 'NONE', *, *, #641, .T. ) ;
#2753 = CARTESIAN_POINT ( 'NONE',  ( -64.39416556878072129, 15.66896245975532231, 12.42226429100453267 ) ) ;
#2754 = ORIENTED_EDGE ( 'NONE', *, *, #2031, .T. ) ;
#2755 = DIRECTION ( 'NONE',  ( 0.000000000000000000, 0.000000000000000000, 1.000000000000000000 ) ) ;
#2756 = DIRECTION ( 'NONE',  ( 1.000000000000000000, 0.000000000000000000, 0.000000000000000000 ) ) ;
#2757 = ORIENTED_EDGE ( 'NONE', *, *, #410, .F. ) ;
#2758 = ORIENTED_EDGE ( 'NONE', *, *, #991, .F. ) ;
#2759 = ORIENTED_EDGE ( 'NONE', *, *, #2427, .T. ) ;
#2760 = FACE_OUTER_BOUND ( 'NONE', #691, .T. ) ;
#2762 = CARTESIAN_POINT ( 'NONE',  ( -71.79431680125840387, 27.55925613994274670, 7.500000000000000888 ) ) ;
#2761 = AXIS2_PLACEMENT_3D ( 'NONE', #2326, #726, #333 ) ;
#2763 = CARTESIAN_POINT ( 'NONE',  ( -45.18041573351722207, 0.02810076154515818783, 11.50000000000000000 ) ) ;
#2764 = DIRECTION ( 'NONE',  ( 0.000000000000000000, 0.000000000000000000, 1.000000000000000000 ) ) ;
#2765 = ORIENTED_EDGE ( 'NONE', *, *, #1819, .T. ) ;
#2766 = CARTESIAN_POINT ( 'NONE',  ( -61.68039180462715620, 0.000000000000000000, -17.50000000000000000 ) ) ;
#2767 = VERTEX_POINT ( 'NONE', #2611 ) ;
#2768 = TOROIDAL_SURFACE ( 'NONE', #180, 2.000000000000000444, 1.000000000000000000 ) ;
#2769 = DIRECTION ( 'NONE',  ( -0.000000000000000000, 0.000000000000000000, 1.000000000000000000 ) ) ;
#2770 = CARTESIAN_POINT ( 'NONE',  ( -72.93438151286063942, -11.88470606526655793, 7.500000000000000888 ) ) ;
#2771 = ORIENTED_EDGE ( 'NONE', *, *, #1852, .F. ) ;
#2772 = ADVANCED_FACE ( 'NONE', ( #2589 ), #810, .T. ) ;
#2773 = VERTEX_POINT ( 'NONE', #421 ) ;
#2774 = VECTOR ( 'NONE', #1196, 1000.000000000000000 ) ;
#2775 = ORIENTED_EDGE ( 'NONE', *, *, #828, .F. ) ;
#2776 = CARTESIAN_POINT ( 'NONE',  ( -68.41720800568671734, -15.06204858155561155, 11.50000000000000000 ) ) ;
#2777 = AXIS2_PLACEMENT_3D ( 'NONE', #1569, #1338, #1141 ) ;
#2778 = EDGE_CURVE ( 'NONE', #2209, #2869, #1721, .T. ) ;
#2779 = CARTESIAN_POINT ( 'NONE',  ( 115.8196081953728509, -5.637851296924623057E-14, 1.678344963007560864E-13 ) ) ;
#2780 = ORIENTED_EDGE ( 'NONE', *, *, #1880, .F. ) ;
#2781 = PLANE ( 'NONE',  #1732 ) ;
#2782 = ORIENTED_EDGE ( 'NONE', *, *, #172, .F. ) ;
#2783 = DIRECTION ( 'NONE',  ( 0.000000000000000000, 0.000000000000000000, 1.000000000000000000 ) ) ;
#2784 = DIRECTION ( 'NONE',  ( 0.05233595624295869081, 0.9986295347545731671, -0.000000000000000000 ) ) ;
#2785 = CARTESIAN_POINT ( 'NONE',  ( 113.2650214033489817, -5.000000000000000000, -5.480573296713286524 ) ) ;
#2786 = ORIENTED_EDGE ( 'NONE', *, *, #2525, .T. ) ;
#2787 = SHAPE_DEFINITION_REPRESENTATION ( #2081, #2504 ) ;
#2788 = EDGE_LOOP ( 'NONE', ( #1345, #2343, #2802, #1503, #236, #498, #1490 ) ) ;
#2789 = AXIS2_PLACEMENT_3D ( 'NONE', #1416, #2494, #1618 ) ;
#2790 = ORIENTED_EDGE ( 'NONE', *, *, #82, .T. ) ;
#2791 = FACE_OUTER_BOUND ( 'NONE', #2516, .T. ) ;
#2792 = CIRCLE ( 'NONE', #1547, 3.000000000000002665 ) ;
#2793 = LINE ( 'NONE', #2413, #2595 ) ;
#2794 = EDGE_CURVE ( 'NONE', #1131, #232, #1172, .T. ) ;
#2795 = CARTESIAN_POINT ( 'NONE',  ( -61.68039180462715620, 0.000000000000000000, -17.50000000000000000 ) ) ;
#2796 = CARTESIAN_POINT ( 'NONE',  ( 134.0478231524209320, 5.000000000000000000, 11.65474064869101767 ) ) ;
#2797 = CIRCLE ( 'NONE', #2561, 3.785496316990467847 ) ;
#2798 = CARTESIAN_POINT ( 'NONE',  ( -49.69013259184525566, -11.05974398380242896, 12.10368025391364810 ) ) ;
#2799 = CARTESIAN_POINT ( 'NONE',  ( -61.68039180462715620, 0.000000000000000000, 7.500000000000000000 ) ) ;
#2800 = CARTESIAN_POINT ( 'NONE',  ( -78.32825387961021590, 7.747339998106249404, 11.50000000000000000 ) ) ;
#2801 = EDGE_LOOP ( 'NONE', ( #2594, #91, #1195, #936 ) ) ;
#2802 = ORIENTED_EDGE ( 'NONE', *, *, #80, .T. ) ;
#2803 = ORIENTED_EDGE ( 'NONE', *, *, #2558, .F. ) ;
#2804 = CARTESIAN_POINT ( 'NONE',  ( -47.68719883805679416, 7.104368155652398542, 12.48730452859748397 ) ) ;
#2805 = APPROVAL ( #106, 'UNSPECIFIED' ) ;
#2806 = AXIS2_PLACEMENT_3D ( 'NONE', #444, #237, #676 ) ;
#2807 = CYLINDRICAL_SURFACE ( 'NONE', #1858, 16.50000000000000000 ) ;
#2808 = CIRCLE ( 'NONE', #214, 2.000000000000001776 ) ;
#2809 = AXIS2_PLACEMENT_3D ( 'NONE', #2799, #2813, #1052 ) ;
#2810 = CIRCLE ( 'NONE', #583, 999.9999999999998863 ) ;
#2811 = CARTESIAN_POINT ( 'NONE',  ( -56.03517845326960156, -14.64285724049939574, 12.48730321279972344 ) ) ;
#2812 = CARTESIAN_POINT ( 'NONE',  ( -73.54090339420405087, -9.978890962101553797, 12.50000000000000000 ) ) ;
#2813 = DIRECTION ( 'NONE',  ( -0.000000000000000000, 0.000000000000000000, 1.000000000000000000 ) ) ;
#2814 = CARTESIAN_POINT ( 'NONE',  ( -51.70341264111866764, -15.36320065859504247, 11.50000000000000000 ) ) ;
#2815 = VERTEX_POINT ( 'NONE', #1097 ) ;
#2816 = ORIENTED_EDGE ( 'NONE', *, *, #1320, .T. ) ;
#2817 = ORIENTED_EDGE ( 'NONE', *, *, #2193, .F. ) ;
#2818 = CARTESIAN_POINT ( 'NONE',  ( -59.40436996041054130, 19.22574696416570816, 7.500000000000000888 ) ) ;
#2819 = AXIS2_PLACEMENT_3D ( 'NONE', #1181, #1388, #1372 ) ;
#2820 = CIRCLE ( 'NONE', #493, 3.000000000000002665 ) ;
#2821 = CARTESIAN_POINT ( 'NONE',  ( 115.8196044007212748, 0.07878529140463115532, -1.342276763311809340 ) ) ;
#2822 = ADVANCED_FACE ( 'NONE', ( #1694 ), #2466, .T. ) ;
#2823 = FACE_OUTER_BOUND ( 'NONE', #1352, .T. ) ;
#2824 = FACE_BOUND ( 'NONE', #877, .T. ) ;
#2825 = CARTESIAN_POINT ( 'NONE',  ( -60.72167472529797294, 18.29341163553452176, 11.50000000000000000 ) ) ;
#2826 = CARTESIAN_POINT ( 'NONE',  ( 113.9097781391223236, -5.000000000000000000, -4.999999999999886313 ) ) ;
#2827 = ORIENTED_EDGE ( 'NONE', *, *, #491, .T. ) ;
#2828 = DIRECTION ( 'NONE',  ( 0.000000000000000000, 0.000000000000000000, 1.000000000000000000 ) ) ;
#2829 = AXIS2_PLACEMENT_3D ( 'NONE', #184, #170, #2571 ) ;
#2830 = ORIENTED_EDGE ( 'NONE', *, *, #814, .F. ) ;
#2831 = EDGE_CURVE ( 'NONE', #961, #721, #27, .T. ) ;
#2832 = ORIENTED_EDGE ( 'NONE', *, *, #2360, .T. ) ;
#2833 = DIRECTION ( 'NONE',  ( 0.000000000000000000, 0.000000000000000000, -1.000000000000000000 ) ) ;
#2834 = ADVANCED_FACE ( 'NONE', ( #1356 ), #2154, .T. ) ;
#2835 = CARTESIAN_POINT ( 'NONE',  ( -79.26183430610741709, 8.105707947651557888, 7.500000000000000888 ) ) ;
#2836 = AXIS2_PLACEMENT_3D ( 'NONE', #1411, #2293, #1157 ) ;
#2837 = TOROIDAL_SURFACE ( 'NONE', #2002, 2.000000000000000888, 1.000000000000000000 ) ;
#2838 = CARTESIAN_POINT ( 'NONE',  ( -68.53589660094769442, -14.69462409272984615, 12.21125264017295109 ) ) ;
#2839 = EDGE_CURVE ( 'NONE', #2767, #1235, #1818, .T. ) ;
#2840 = CYLINDRICAL_SURFACE ( 'NONE', #1292, 7.500000000000007105 ) ;
#2841 = CARTESIAN_POINT ( 'NONE',  ( -57.56137782913938139, 16.22985835990198211, 12.50000000000000000 ) ) ;
#2842 = DIRECTION ( 'NONE',  ( -0.000000000000000000, -1.000000000000000000, -0.000000000000000000 ) ) ;
#2843 = VERTEX_POINT ( 'NONE', #274 ) ;
#2844 = CARTESIAN_POINT ( 'NONE',  ( 0.000000000000000000, 0.000000000000000000, 7.500000000000000000 ) ) ;
#2845 = VERTEX_POINT ( 'NONE', #2295 ) ;
#2846 = FACE_OUTER_BOUND ( 'NONE', #2022, .T. ) ;
#2847 = DIRECTION ( 'NONE',  ( 0.000000000000000000, -1.000000000000000000, 0.000000000000000000 ) ) ;
#2848 = EDGE_CURVE ( 'NONE', #1919, #2321, #305, .T. ) ;
#2849 = AXIS2_PLACEMENT_3D ( 'NONE', #900, #2462, #886 ) ;
#2850 = DIRECTION ( 'NONE',  ( 1.000000000000000000, 0.000000000000000000, 0.000000000000000000 ) ) ;
#2851 = AXIS2_PLACEMENT_3D ( 'NONE', #260, #1144, #2026 ) ;
#2852 = CARTESIAN_POINT ( 'NONE',  ( -52.76576066133787180, -16.05309752954373437, 11.50000000000000000 ) ) ;
#2853 = CARTESIAN_POINT ( 'NONE',  ( -43.98606359307182601, 4.741180954897437516, 11.50000000000000000 ) ) ;
#2854 = ORIENTED_EDGE ( 'NONE', *, *, #2740, .T. ) ;
#2855 = DIRECTION ( 'NONE',  ( 1.000000000000000000, 0.000000000000000000, 0.000000000000000000 ) ) ;
#2856 = AXIS2_PLACEMENT_3D ( 'NONE', #2659, #1767, #1805 ) ;
#2857 = ORIENTED_EDGE ( 'NONE', *, *, #1552, .T. ) ;
#2858 = CARTESIAN_POINT ( 'NONE',  ( 134.0478231524209320, -5.000000000000000000, -11.65474064869100701 ) ) ;
#2859 = EDGE_CURVE ( 'NONE', #2736, #1611, #204, .T. ) ;
#2860 = DIRECTION ( 'NONE',  ( 0.000000000000000000, 0.000000000000000000, 1.000000000000000000 ) ) ;
#2861 = VERTEX_POINT ( 'NONE', #54 ) ;
#2862 = AXIS2_PLACEMENT_3D ( 'NONE', #46, #507, #2685 ) ;
#2863 = CARTESIAN_POINT ( 'NONE',  ( -45.36947951646016008, 0.1959420952190585874, 12.10368025391361968 ) ) ;
#2864 = EDGE_CURVE ( 'NONE', #2843, #954, #1176, .T. ) ;
#2865 = EDGE_CURVE ( 'NONE', #2493, #1227, #2797, .T. ) ;
#2866 = CARTESIAN_POINT ( 'NONE',  ( 108.3196081953728367, 0.000000000000000000, -4.999999999999886313 ) ) ;
#2867 = CARTESIAN_POINT ( 'NONE',  ( 115.8014751604608961, -0.5212165745737051825, -0.5147233411116607371 ) ) ;
#2868 = CARTESIAN_POINT ( 'NONE',  ( 137.5913932383248266, -5.000000000000000000, -18.34525935130896812 ) ) ;
#2869 = VERTEX_POINT ( 'NONE', #2667 ) ;
#2870 = CARTESIAN_POINT ( 'NONE',  ( -56.56137782913938139, 16.22985835990198211, 11.50000000000000000 ) ) ;
#2871 = EDGE_LOOP ( 'NONE', ( #795, #1055, #1430, #1398, #191 ) ) ;
ENDSEC;
END-ISO-10303-21;
